map_id,variable_id,data_id,mapping_note
VM001,P001,DT_L42,
VM002,P002,DT_L41,
VM003,P004,DT_L43,
VM004,P004,DT_L44,
VM005,P010,DT_L33,
VM006,P010,DT_L34,
VM007,P010,DT_L36,
VM008,P011,DT_L33,
VM009,P011,DT_L34,
VM010,P011,DT_L37,
VM011,P012,DT_L38,
VM012,P013,DT_L32,
VM013,P013,DT_L59,
VM014,P014,DT_L32,
VM015,P014,DT_L59,
VM016,P015,DT_L21,
VM017,P015,DT_L27,
VM018,P015,DT_L28,
VM019,P015,DT_L30,
VM020,P016,DT_L40,
VM021,P018,DT_L01,
VM022,P018,DT_L03,
VM023,P018,DT_L45,
VM024,P018,DT_L46,
VM025,P020,DT_L59,
VM026,P022,DT_L54,
VM027,C001,DT_L01,
VM028,C001,DT_L02,
VM029,C001,DT_L03,
VM030,C001,DT_L06,
VM031,C001,DT_L08,
VM032,C001,DT_L49,
VM033,C002,DT_L09,
VM034,C002,DT_L50,
VM035,C003,DT_L51,
VM036,C005,DT_L51,
VM037,C006,DT_L39,
VM038,C006,DT_L53,
VM039,C007,DT_L39,
VM040,C007,DT_L53,
VM041,C008,DT_L51,
VM042,C011,DT_L07,
VM043,C014,DT_L54,
VM044,C015,DT_L52,
VM045,S001,DT_L48,
VM046,S002,DT_L48,
VM047,S004,DT_L48,
VM048,S005,DT_L48,
VM049,S007,DT_L47,
VM050,S008,DT_L48,
VM051,S011,DT_L49,
VM052,S013,DT_L47,
VM053,S016,DT_L15,
VM054,S016,DT_L56,
VM055,S017,DT_L56,
VM056,S019,DT_L55,
VM057,S020,DT_L58,
VM058,S021,DT_L58,
VM059,S022,DT_L54,
VM060,S023,DT_L12,
VM061,S023,DT_L13,
VM062,S023,DT_L57,
VM063,X001,DT_L17,
VM064,X002,DT_L35,
VM065,X003,DT_L35,
VM066,X004,DT_L59,
VM067,X005,DT_L10,
VM068,X005,DT_L11,
VM069,X005,DT_L14,
VM070,X005,DT_L18,
VM071,X005,DT_L19,
VM072,X005,DT_L20,
VM073,X006,DT_L14,
VM074,X006,DT_L52,
VM075,X008,DT_L26,
VM076,X008,DT_L55,
VM077,X009,DT_L59,
VM078,X010,DT_L15,
VM079,X011,DT_L10,
VM080,X011,DT_L21,
VM081,X011,DT_L31,
VM082,X012,DT_L22,
VM083,X012,DT_L23,
VM084,X012,DT_L59,
VM085,X013,DT_L13,
VM086,X013,DT_L57,
VM087,X013,DT_L59,
VM088,X014,DT_L58,
