pharmacy_id,date,weekday_ko,month,iso_week,holiday_name,is_open,open_type,open_hours,holiday_adjacency,ent_closed,influenza_ili_per_1000,respiratory_index,source_file,source_sheet,generated_at
PH_DUMMY_01,2026-01-01,목,1,1,신정,N,휴무,0,,N,42,1.556,virtual_dummy.xlsx,00_공통달력,2026-10-05T01:15
PH_DUMMY_01,2026-01-02,금,1,1,,Y,평일,10,연휴 후 첫 영업일,N,41.4,1.536,virtual_dummy.xlsx,00_공통달력,2026-10-05T01:15
PH_DUMMY_01,2026-01-03,토,1,1,,Y,토요일,5,,N,40.7,1.517,virtual_dummy.xlsx,00_공통달력,2026-10-05T01:15
PH_DUMMY_01,2026-01-04,일,1,1,,N,휴무,0,,N,40.1,1.497,virtual_dummy.xlsx,00_공통달력,2026-10-05T01:15
PH_DUMMY_01,2026-01-05,월,1,2,,Y,평일,10,,N,39.4,1.477,virtual_dummy.xlsx,00_공통달력,2026-10-05T01:15
PH_DUMMY_01,2026-01-06,화,1,2,,Y,평일,10,,N,38.8,1.458,virtual_dummy.xlsx,00_공통달력,2026-10-05T01:15
PH_DUMMY_01,2026-01-07,수,1,2,,Y,평일,10,,N,38.1,1.438,virtual_dummy.xlsx,00_공통달력,2026-10-05T01:15
PH_DUMMY_01,2026-01-08,목,1,2,,Y,평일,10,,N,37.5,1.419,virtual_dummy.xlsx,00_공통달력,2026-10-05T01:15
PH_DUMMY_01,2026-01-09,금,1,2,,Y,평일,10,,N,36.9,1.399,virtual_dummy.xlsx,00_공통달력,2026-10-05T01:15
PH_DUMMY_01,2026-01-10,토,1,2,,Y,토요일,5,,N,36.2,1.38,virtual_dummy.xlsx,00_공통달력,2026-10-05T01:15
PH_DUMMY_01,2026-01-11,일,1,2,,N,휴무,0,,N,35.6,1.36,virtual_dummy.xlsx,00_공통달력,2026-10-05T01:15
PH_DUMMY_01,2026-01-12,월,1,3,,Y,평일,10,,N,34.9,1.341,virtual_dummy.xlsx,00_공통달력,2026-10-05T01:15
PH_DUMMY_01,2026-01-13,화,1,3,,Y,평일,10,,N,34.3,1.321,virtual_dummy.xlsx,00_공통달력,2026-10-05T01:15
PH_DUMMY_01,2026-01-14,수,1,3,,Y,평일,10,,N,33.6,1.302,virtual_dummy.xlsx,00_공통달력,2026-10-05T01:15
PH_DUMMY_01,2026-01-15,목,1,3,,Y,평일,10,,N,33,1.282,virtual_dummy.xlsx,00_공통달력,2026-10-05T01:15
PH_DUMMY_01,2026-01-16,금,1,3,,Y,평일,10,,N,32.4,1.265,virtual_dummy.xlsx,00_공통달력,2026-10-05T01:15
PH_DUMMY_01,2026-01-17,토,1,3,,Y,토요일,5,,N,31.8,1.247,virtual_dummy.xlsx,00_공통달력,2026-10-05T01:15
PH_DUMMY_01,2026-01-18,일,1,3,,N,휴무,0,,N,31.2,1.229,virtual_dummy.xlsx,00_공통달력,2026-10-05T01:15
PH_DUMMY_01,2026-01-19,월,1,4,,Y,평일,10,,Y,30.6,1.211,virtual_dummy.xlsx,00_공통달력,2026-10-05T01:15
PH_DUMMY_01,2026-01-20,화,1,4,,Y,평일,10,,N,30.1,1.193,virtual_dummy.xlsx,00_공통달력,2026-10-05T01:15
PH_DUMMY_01,2026-01-21,수,1,4,,Y,평일,10,,N,29.5,1.175,virtual_dummy.xlsx,00_공통달력,2026-10-05T01:15
PH_DUMMY_01,2026-01-22,목,1,4,,Y,평일,10,,N,28.9,1.157,virtual_dummy.xlsx,00_공통달력,2026-10-05T01:15
PH_DUMMY_01,2026-01-23,금,1,4,,Y,평일,10,,N,28.3,1.14,virtual_dummy.xlsx,00_공통달력,2026-10-05T01:15
PH_DUMMY_01,2026-01-24,토,1,4,,Y,토요일,5,,N,27.7,1.122,virtual_dummy.xlsx,00_공통달력,2026-10-05T01:15
PH_DUMMY_01,2026-01-25,일,1,4,,N,휴무,0,,N,27.1,1.104,virtual_dummy.xlsx,00_공통달력,2026-10-05T01:15
PH_DUMMY_01,2026-01-26,월,1,5,,Y,평일,10,,N,26.5,1.086,virtual_dummy.xlsx,00_공통달력,2026-10-05T01:15
PH_DUMMY_01,2026-01-27,화,1,5,,Y,평일,10,,N,25.9,1.068,virtual_dummy.xlsx,00_공통달력,2026-10-05T01:15
PH_DUMMY_01,2026-01-28,수,1,5,,Y,평일,10,,N,25.4,1.05,virtual_dummy.xlsx,00_공통달력,2026-10-05T01:15
PH_DUMMY_01,2026-01-29,목,1,5,,Y,평일,10,,N,24.8,1.032,virtual_dummy.xlsx,00_공통달력,2026-10-05T01:15
PH_DUMMY_01,2026-01-30,금,1,5,,Y,평일,10,,N,24.2,1.015,virtual_dummy.xlsx,00_공통달력,2026-10-05T01:15
PH_DUMMY_01,2026-01-31,토,1,5,,Y,토요일,5,,N,23.6,0.997,virtual_dummy.xlsx,00_공통달력,2026-10-05T01:15
PH_DUMMY_01,2026-02-01,일,2,5,,N,휴무,0,,N,23,0.979,virtual_dummy.xlsx,00_공통달력,2026-10-05T01:15
PH_DUMMY_01,2026-02-02,월,2,6,,Y,평일,10,,N,22.6,0.968,virtual_dummy.xlsx,00_공통달력,2026-10-05T01:15
PH_DUMMY_01,2026-02-03,화,2,6,,Y,평일,10,,N,22.3,0.957,virtual_dummy.xlsx,00_공통달력,2026-10-05T01:15
PH_DUMMY_01,2026-02-04,수,2,6,,Y,평일,10,,N,21.9,0.946,virtual_dummy.xlsx,00_공통달력,2026-10-05T01:15
PH_DUMMY_01,2026-02-05,목,2,6,,Y,평일,10,,N,21.6,0.936,virtual_dummy.xlsx,00_공통달력,2026-10-05T01:15
PH_DUMMY_01,2026-02-06,금,2,6,,Y,평일,10,,N,21.2,0.925,virtual_dummy.xlsx,00_공통달력,2026-10-05T01:15
PH_DUMMY_01,2026-02-07,토,2,6,,Y,토요일,5,,N,20.9,0.914,virtual_dummy.xlsx,00_공통달력,2026-10-05T01:15
PH_DUMMY_01,2026-02-08,일,2,6,,N,휴무,0,,N,20.5,0.903,virtual_dummy.xlsx,00_공통달력,2026-10-05T01:15
PH_DUMMY_01,2026-02-09,월,2,7,,Y,평일,10,,N,20.1,0.892,virtual_dummy.xlsx,00_공통달력,2026-10-05T01:15
PH_DUMMY_01,2026-02-10,화,2,7,,Y,평일,10,,N,19.8,0.881,virtual_dummy.xlsx,00_공통달력,2026-10-05T01:15
PH_DUMMY_01,2026-02-11,수,2,7,,Y,평일,10,,N,19.4,0.871,virtual_dummy.xlsx,00_공통달력,2026-10-05T01:15
PH_DUMMY_01,2026-02-12,목,2,7,,Y,평일,10,,N,19.1,0.86,virtual_dummy.xlsx,00_공통달력,2026-10-05T01:15
PH_DUMMY_01,2026-02-13,금,2,7,,Y,평일,10,,N,18.7,0.849,virtual_dummy.xlsx,00_공통달력,2026-10-05T01:15
PH_DUMMY_01,2026-02-14,토,2,7,,Y,토요일,5,연휴 전 마지막 영업일,N,18.4,0.838,virtual_dummy.xlsx,00_공통달력,2026-10-05T01:15
PH_DUMMY_01,2026-02-15,일,2,7,,N,휴무,0,,N,18,0.827,virtual_dummy.xlsx,00_공통달력,2026-10-05T01:15
PH_DUMMY_01,2026-02-16,월,2,8,설날 전날,N,휴무,0,,N,18.1,0.832,virtual_dummy.xlsx,00_공통달력,2026-10-05T01:15
PH_DUMMY_01,2026-02-17,화,2,8,설날,N,휴무,0,,N,18.3,0.836,virtual_dummy.xlsx,00_공통달력,2026-10-05T01:15
PH_DUMMY_01,2026-02-18,수,2,8,설날 다음날,N,휴무,0,,N,18.4,0.84,virtual_dummy.xlsx,00_공통달력,2026-10-05T01:15
PH_DUMMY_01,2026-02-19,목,2,8,,Y,평일,10,연휴 후 첫 영업일,N,18.6,0.845,virtual_dummy.xlsx,00_공통달력,2026-10-05T01:15
PH_DUMMY_01,2026-02-20,금,2,8,,Y,평일,10,,N,18.7,0.849,virtual_dummy.xlsx,00_공통달력,2026-10-05T01:15
PH_DUMMY_01,2026-02-21,토,2,8,,Y,토요일,5,,N,18.9,0.853,virtual_dummy.xlsx,00_공통달력,2026-10-05T01:15
PH_DUMMY_01,2026-02-22,일,2,8,,N,휴무,0,,N,19,0.858,virtual_dummy.xlsx,00_공통달력,2026-10-05T01:15
PH_DUMMY_01,2026-02-23,월,2,9,,Y,평일,10,,N,19.1,0.862,virtual_dummy.xlsx,00_공통달력,2026-10-05T01:15
PH_DUMMY_01,2026-02-24,화,2,9,,Y,평일,10,,N,19.3,0.866,virtual_dummy.xlsx,00_공통달력,2026-10-05T01:15
PH_DUMMY_01,2026-02-25,수,2,9,,Y,평일,10,,N,19.4,0.871,virtual_dummy.xlsx,00_공통달력,2026-10-05T01:15
PH_DUMMY_01,2026-02-26,목,2,9,,Y,평일,10,,N,19.6,0.875,virtual_dummy.xlsx,00_공통달력,2026-10-05T01:15
PH_DUMMY_01,2026-02-27,금,2,9,,Y,평일,10,,N,19.7,0.879,virtual_dummy.xlsx,00_공통달력,2026-10-05T01:15
PH_DUMMY_01,2026-02-28,토,2,9,,Y,토요일,5,연휴 전 마지막 영업일,N,19.9,0.884,virtual_dummy.xlsx,00_공통달력,2026-10-05T01:15
PH_DUMMY_01,2026-03-01,일,3,9,삼일절,N,휴무,0,,N,20,0.888,virtual_dummy.xlsx,00_공통달력,2026-10-05T01:15
PH_DUMMY_01,2026-03-02,월,3,10,삼일절 대체 휴일,N,휴무,0,,N,20.1,0.89,virtual_dummy.xlsx,00_공통달력,2026-10-05T01:15
PH_DUMMY_01,2026-03-03,화,3,10,,Y,평일,10,연휴 후 첫 영업일,N,20.1,0.892,virtual_dummy.xlsx,00_공통달력,2026-10-05T01:15
PH_DUMMY_01,2026-03-04,수,3,10,,Y,평일,10,,N,20.2,0.894,virtual_dummy.xlsx,00_공통달력,2026-10-05T01:15
PH_DUMMY_01,2026-03-05,목,3,10,,Y,평일,10,,N,20.3,0.897,virtual_dummy.xlsx,00_공통달력,2026-10-05T01:15
PH_DUMMY_01,2026-03-06,금,3,10,,Y,평일,10,,N,20.4,0.899,virtual_dummy.xlsx,00_공통달력,2026-10-05T01:15
PH_DUMMY_01,2026-03-07,토,3,10,,Y,토요일,5,,N,20.4,0.901,virtual_dummy.xlsx,00_공통달력,2026-10-05T01:15
PH_DUMMY_01,2026-03-08,일,3,10,,N,휴무,0,,N,20.5,0.903,virtual_dummy.xlsx,00_공통달력,2026-10-05T01:15
PH_DUMMY_01,2026-03-09,월,3,11,,Y,평일,10,,N,20.6,0.905,virtual_dummy.xlsx,00_공통달력,2026-10-05T01:15
PH_DUMMY_01,2026-03-10,화,3,11,,Y,평일,10,,N,20.6,0.907,virtual_dummy.xlsx,00_공통달력,2026-10-05T01:15
PH_DUMMY_01,2026-03-11,수,3,11,,Y,평일,10,,N,20.7,0.91,virtual_dummy.xlsx,00_공통달력,2026-10-05T01:15
PH_DUMMY_01,2026-03-12,목,3,11,,Y,평일,10,,N,20.8,0.912,virtual_dummy.xlsx,00_공통달력,2026-10-05T01:15
PH_DUMMY_01,2026-03-13,금,3,11,,Y,평일,10,,N,20.9,0.914,virtual_dummy.xlsx,00_공통달력,2026-10-05T01:15
PH_DUMMY_01,2026-03-14,토,3,11,,Y,토요일,5,,N,20.9,0.916,virtual_dummy.xlsx,00_공통달력,2026-10-05T01:15
PH_DUMMY_01,2026-03-15,일,3,11,,N,휴무,0,,N,21,0.918,virtual_dummy.xlsx,00_공통달력,2026-10-05T01:15
PH_DUMMY_01,2026-03-16,월,3,12,,Y,평일,10,,N,20.7,0.909,virtual_dummy.xlsx,00_공통달력,2026-10-05T01:15
PH_DUMMY_01,2026-03-17,화,3,12,,Y,평일,10,,N,20.4,0.9,virtual_dummy.xlsx,00_공통달력,2026-10-05T01:15
PH_DUMMY_01,2026-03-18,수,3,12,,Y,평일,10,,N,20.1,0.891,virtual_dummy.xlsx,00_공통달력,2026-10-05T01:15
PH_DUMMY_01,2026-03-19,목,3,12,,Y,평일,10,,N,19.8,0.883,virtual_dummy.xlsx,00_공통달력,2026-10-05T01:15
PH_DUMMY_01,2026-03-20,금,3,12,,Y,평일,10,,N,19.5,0.874,virtual_dummy.xlsx,00_공통달력,2026-10-05T01:15
PH_DUMMY_01,2026-03-21,토,3,12,,Y,토요일,5,,N,19.2,0.865,virtual_dummy.xlsx,00_공통달력,2026-10-05T01:15
PH_DUMMY_01,2026-03-22,일,3,12,,N,휴무,0,,N,18.9,0.856,virtual_dummy.xlsx,00_공통달력,2026-10-05T01:15
PH_DUMMY_01,2026-03-23,월,3,13,,Y,평일,10,,N,18.6,0.847,virtual_dummy.xlsx,00_공통달력,2026-10-05T01:15
PH_DUMMY_01,2026-03-24,화,3,13,,Y,평일,10,,N,18.4,0.838,virtual_dummy.xlsx,00_공통달력,2026-10-05T01:15
PH_DUMMY_01,2026-03-25,수,3,13,,Y,평일,10,,N,18.1,0.829,virtual_dummy.xlsx,00_공통달력,2026-10-05T01:15
PH_DUMMY_01,2026-03-26,목,3,13,,Y,평일,10,,N,17.8,0.82,virtual_dummy.xlsx,00_공통달력,2026-10-05T01:15
PH_DUMMY_01,2026-03-27,금,3,13,,Y,평일,10,,N,17.5,0.811,virtual_dummy.xlsx,00_공통달력,2026-10-05T01:15
PH_DUMMY_01,2026-03-28,토,3,13,,Y,토요일,5,,N,17.2,0.802,virtual_dummy.xlsx,00_공통달력,2026-10-05T01:15
PH_DUMMY_01,2026-03-29,일,3,13,,N,휴무,0,,N,16.9,0.793,virtual_dummy.xlsx,00_공통달력,2026-10-05T01:15
PH_DUMMY_01,2026-03-30,월,3,14,,Y,평일,10,,N,16.6,0.784,virtual_dummy.xlsx,00_공통달력,2026-10-05T01:15
PH_DUMMY_01,2026-03-31,화,3,14,,Y,평일,10,,N,16.3,0.775,virtual_dummy.xlsx,00_공통달력,2026-10-05T01:15
PH_DUMMY_01,2026-04-01,수,4,14,,Y,평일,10,,N,16,0.766,virtual_dummy.xlsx,00_공통달력,2026-10-05T01:15
PH_DUMMY_01,2026-04-02,목,4,14,,Y,평일,10,,N,15.8,0.76,virtual_dummy.xlsx,00_공통달력,2026-10-05T01:15
PH_DUMMY_01,2026-04-03,금,4,14,,Y,평일,10,,N,15.6,0.753,virtual_dummy.xlsx,00_공통달력,2026-10-05T01:15
PH_DUMMY_01,2026-04-04,토,4,14,,Y,토요일,5,,N,15.4,0.747,virtual_dummy.xlsx,00_공통달력,2026-10-05T01:15
PH_DUMMY_01,2026-04-05,일,4,14,,N,휴무,0,,N,15.1,0.74,virtual_dummy.xlsx,00_공통달력,2026-10-05T01:15
PH_DUMMY_01,2026-04-06,월,4,15,,Y,평일,10,,N,14.9,0.734,virtual_dummy.xlsx,00_공통달력,2026-10-05T01:15
PH_DUMMY_01,2026-04-07,화,4,15,,Y,평일,10,,N,14.7,0.727,virtual_dummy.xlsx,00_공통달력,2026-10-05T01:15
PH_DUMMY_01,2026-04-08,수,4,15,,Y,평일,10,,N,14.5,0.721,virtual_dummy.xlsx,00_공통달력,2026-10-05T01:15
PH_DUMMY_01,2026-04-09,목,4,15,,Y,평일,10,,N,14.3,0.714,virtual_dummy.xlsx,00_공통달력,2026-10-05T01:15
PH_DUMMY_01,2026-04-10,금,4,15,,Y,평일,10,,N,14.1,0.708,virtual_dummy.xlsx,00_공통달력,2026-10-05T01:15
PH_DUMMY_01,2026-04-11,토,4,15,,Y,토요일,5,,N,13.9,0.701,virtual_dummy.xlsx,00_공통달력,2026-10-05T01:15
PH_DUMMY_01,2026-04-12,일,4,15,,N,휴무,0,,N,13.6,0.695,virtual_dummy.xlsx,00_공통달력,2026-10-05T01:15
PH_DUMMY_01,2026-04-13,월,4,16,,Y,평일,10,,N,13.4,0.688,virtual_dummy.xlsx,00_공통달력,2026-10-05T01:15
PH_DUMMY_01,2026-04-14,화,4,16,,Y,평일,10,,N,13.2,0.682,virtual_dummy.xlsx,00_공통달력,2026-10-05T01:15
PH_DUMMY_01,2026-04-15,수,4,16,,Y,평일,10,,N,13,0.675,virtual_dummy.xlsx,00_공통달력,2026-10-05T01:15
PH_DUMMY_01,2026-04-16,목,4,16,,Y,평일,10,,N,12.8,0.671,virtual_dummy.xlsx,00_공통달력,2026-10-05T01:15
PH_DUMMY_01,2026-04-17,금,4,16,,Y,평일,10,,N,12.7,0.666,virtual_dummy.xlsx,00_공통달력,2026-10-05T01:15
PH_DUMMY_01,2026-04-18,토,4,16,,Y,토요일,5,,N,12.5,0.661,virtual_dummy.xlsx,00_공통달력,2026-10-05T01:15
PH_DUMMY_01,2026-04-19,일,4,16,,N,휴무,0,,N,12.4,0.656,virtual_dummy.xlsx,00_공통달력,2026-10-05T01:15
PH_DUMMY_01,2026-04-20,월,4,17,,Y,평일,10,,N,12.2,0.652,virtual_dummy.xlsx,00_공통달력,2026-10-05T01:15
PH_DUMMY_01,2026-04-21,화,4,17,,Y,평일,10,,N,12.1,0.647,virtual_dummy.xlsx,00_공통달력,2026-10-05T01:15
PH_DUMMY_01,2026-04-22,수,4,17,,Y,평일,10,,N,11.9,0.642,virtual_dummy.xlsx,00_공통달력,2026-10-05T01:15
PH_DUMMY_01,2026-04-23,목,4,17,,Y,평일,10,,N,11.8,0.638,virtual_dummy.xlsx,00_공통달력,2026-10-05T01:15
PH_DUMMY_01,2026-04-24,금,4,17,,Y,평일,10,,N,11.6,0.633,virtual_dummy.xlsx,00_공통달력,2026-10-05T01:15
PH_DUMMY_01,2026-04-25,토,4,17,,Y,토요일,5,,N,11.4,0.628,virtual_dummy.xlsx,00_공통달력,2026-10-05T01:15
PH_DUMMY_01,2026-04-26,일,4,17,,N,휴무,0,,N,11.3,0.623,virtual_dummy.xlsx,00_공통달력,2026-10-05T01:15
PH_DUMMY_01,2026-04-27,월,4,18,,Y,평일,10,,N,11.1,0.619,virtual_dummy.xlsx,00_공통달력,2026-10-05T01:15
PH_DUMMY_01,2026-04-28,화,4,18,,Y,평일,10,,N,11,0.614,virtual_dummy.xlsx,00_공통달력,2026-10-05T01:15
PH_DUMMY_01,2026-04-29,수,4,18,,Y,평일,10,,N,10.8,0.609,virtual_dummy.xlsx,00_공통달력,2026-10-05T01:15
PH_DUMMY_01,2026-04-30,목,4,18,,Y,평일,10,연휴 전 마지막 영업일,N,10.7,0.604,virtual_dummy.xlsx,00_공통달력,2026-10-05T01:15
PH_DUMMY_01,2026-05-01,금,5,18,노동절,N,휴무,0,,N,10.5,0.6,virtual_dummy.xlsx,00_공통달력,2026-10-05T01:15
PH_DUMMY_01,2026-05-02,토,5,18,,Y,토요일,5,연휴 후 첫 영업일,N,10.4,0.596,virtual_dummy.xlsx,00_공통달력,2026-10-05T01:15
PH_DUMMY_01,2026-05-03,일,5,18,,N,휴무,0,,N,10.3,0.592,virtual_dummy.xlsx,00_공통달력,2026-10-05T01:15
PH_DUMMY_01,2026-05-04,월,5,19,,Y,평일,10,연휴 전 마지막 영업일,N,10.1,0.589,virtual_dummy.xlsx,00_공통달력,2026-10-05T01:15
PH_DUMMY_01,2026-05-05,화,5,19,어린이날,N,휴무,0,,N,10,0.585,virtual_dummy.xlsx,00_공통달력,2026-10-05T01:15
PH_DUMMY_01,2026-05-06,수,5,19,,Y,평일,10,연휴 후 첫 영업일,N,9.9,0.581,virtual_dummy.xlsx,00_공통달력,2026-10-05T01:15
PH_DUMMY_01,2026-05-07,목,5,19,,Y,평일,10,,N,9.8,0.577,virtual_dummy.xlsx,00_공통달력,2026-10-05T01:15
PH_DUMMY_01,2026-05-08,금,5,19,,Y,평일,10,,N,9.6,0.574,virtual_dummy.xlsx,00_공통달력,2026-10-05T01:15
PH_DUMMY_01,2026-05-09,토,5,19,,Y,토요일,5,,N,9.5,0.57,virtual_dummy.xlsx,00_공통달력,2026-10-05T01:15
PH_DUMMY_01,2026-05-10,일,5,19,,N,휴무,0,,N,9.4,0.566,virtual_dummy.xlsx,00_공통달력,2026-10-05T01:15
PH_DUMMY_01,2026-05-11,월,5,20,,Y,평일,10,,N,9.3,0.563,virtual_dummy.xlsx,00_공통달력,2026-10-05T01:15
PH_DUMMY_01,2026-05-12,화,5,20,,Y,평일,10,,N,9.2,0.559,virtual_dummy.xlsx,00_공통달력,2026-10-05T01:15
PH_DUMMY_01,2026-05-13,수,5,20,,Y,평일,10,,N,9,0.555,virtual_dummy.xlsx,00_공통달력,2026-10-05T01:15
PH_DUMMY_01,2026-05-14,목,5,20,,Y,평일,10,,N,8.9,0.552,virtual_dummy.xlsx,00_공통달력,2026-10-05T01:15
PH_DUMMY_01,2026-05-15,금,5,20,,Y,평일,10,,N,8.8,0.548,virtual_dummy.xlsx,00_공통달력,2026-10-05T01:15
PH_DUMMY_01,2026-05-16,토,5,20,,Y,토요일,5,,N,8.7,0.544,virtual_dummy.xlsx,00_공통달력,2026-10-05T01:15
PH_DUMMY_01,2026-05-17,일,5,20,,N,휴무,0,,N,8.5,0.54,virtual_dummy.xlsx,00_공통달력,2026-10-05T01:15
PH_DUMMY_01,2026-05-18,월,5,21,,Y,평일,10,,N,8.4,0.536,virtual_dummy.xlsx,00_공통달력,2026-10-05T01:15
PH_DUMMY_01,2026-05-19,화,5,21,,Y,평일,10,,N,8.3,0.532,virtual_dummy.xlsx,00_공통달력,2026-10-05T01:15
PH_DUMMY_01,2026-05-20,수,5,21,,Y,평일,10,,N,8.1,0.527,virtual_dummy.xlsx,00_공통달력,2026-10-05T01:15
PH_DUMMY_01,2026-05-21,목,5,21,,Y,평일,10,,N,8,0.523,virtual_dummy.xlsx,00_공통달력,2026-10-05T01:15
PH_DUMMY_01,2026-05-22,금,5,21,,Y,평일,10,,N,7.9,0.519,virtual_dummy.xlsx,00_공통달력,2026-10-05T01:15
PH_DUMMY_01,2026-05-23,토,5,21,,Y,토요일,5,연휴 전 마지막 영업일,N,7.7,0.515,virtual_dummy.xlsx,00_공통달력,2026-10-05T01:15
PH_DUMMY_01,2026-05-24,일,5,21,부처님오신날,N,휴무,0,,N,7.6,0.511,virtual_dummy.xlsx,00_공통달력,2026-10-05T01:15
PH_DUMMY_01,2026-05-25,월,5,22,부처님오신날 대체 휴일,N,휴무,0,,N,7.4,0.507,virtual_dummy.xlsx,00_공통달력,2026-10-05T01:15
PH_DUMMY_01,2026-05-26,화,5,22,,Y,평일,10,연휴 후 첫 영업일,N,7.3,0.503,virtual_dummy.xlsx,00_공통달력,2026-10-05T01:15
PH_DUMMY_01,2026-05-27,수,5,22,,Y,평일,10,,N,7.2,0.499,virtual_dummy.xlsx,00_공통달력,2026-10-05T01:15
PH_DUMMY_01,2026-05-28,목,5,22,,Y,평일,10,,N,7,0.495,virtual_dummy.xlsx,00_공통달력,2026-10-05T01:15
PH_DUMMY_01,2026-05-29,금,5,22,,Y,평일,10,,Y,6.9,0.491,virtual_dummy.xlsx,00_공통달력,2026-10-05T01:15
PH_DUMMY_01,2026-05-30,토,5,22,,Y,토요일,5,,N,6.8,0.486,virtual_dummy.xlsx,00_공통달력,2026-10-05T01:15
PH_DUMMY_01,2026-05-31,일,5,22,,N,휴무,0,,N,6.6,0.482,virtual_dummy.xlsx,00_공통달력,2026-10-05T01:15
PH_DUMMY_01,2026-06-01,월,6,23,,Y,평일,10,,N,6.5,0.478,virtual_dummy.xlsx,00_공통달력,2026-10-05T01:15
PH_DUMMY_01,2026-06-02,화,6,23,,Y,평일,10,연휴 전 마지막 영업일,N,6.5,0.477,virtual_dummy.xlsx,00_공통달력,2026-10-05T01:15
PH_DUMMY_01,2026-06-03,수,6,23,지방선거일,N,휴무,0,,N,6.4,0.476,virtual_dummy.xlsx,00_공통달력,2026-10-05T01:15
PH_DUMMY_01,2026-06-04,목,6,23,,Y,평일,10,연휴 후 첫 영업일,Y,6.4,0.474,virtual_dummy.xlsx,00_공통달력,2026-10-05T01:15
PH_DUMMY_01,2026-06-05,금,6,23,,Y,평일,10,연휴 전 마지막 영업일,N,6.3,0.473,virtual_dummy.xlsx,00_공통달력,2026-10-05T01:15
PH_DUMMY_01,2026-06-06,토,6,23,현충일,N,휴무,0,,N,6.3,0.472,virtual_dummy.xlsx,00_공통달력,2026-10-05T01:15
PH_DUMMY_01,2026-06-07,일,6,23,,N,휴무,0,,N,6.2,0.47,virtual_dummy.xlsx,00_공통달력,2026-10-05T01:15
PH_DUMMY_01,2026-06-08,월,6,24,,Y,평일,10,연휴 후 첫 영업일,N,6.2,0.469,virtual_dummy.xlsx,00_공통달력,2026-10-05T01:15
PH_DUMMY_01,2026-06-09,화,6,24,,Y,평일,10,,Y,6.2,0.468,virtual_dummy.xlsx,00_공통달력,2026-10-05T01:15
PH_DUMMY_01,2026-06-10,수,6,24,,Y,평일,10,,N,6.1,0.466,virtual_dummy.xlsx,00_공통달력,2026-10-05T01:15
PH_DUMMY_01,2026-06-11,목,6,24,,Y,평일,10,,N,6.1,0.465,virtual_dummy.xlsx,00_공통달력,2026-10-05T01:15
PH_DUMMY_01,2026-06-12,금,6,24,,Y,평일,10,,N,6,0.464,virtual_dummy.xlsx,00_공통달력,2026-10-05T01:15
PH_DUMMY_01,2026-06-13,토,6,24,,Y,토요일,5,,N,6,0.462,virtual_dummy.xlsx,00_공통달력,2026-10-05T01:15
PH_DUMMY_01,2026-06-14,일,6,24,,N,휴무,0,,N,5.9,0.461,virtual_dummy.xlsx,00_공통달력,2026-10-05T01:15
PH_DUMMY_01,2026-06-15,월,6,25,,Y,평일,10,,N,5.9,0.46,virtual_dummy.xlsx,00_공통달력,2026-10-05T01:15
PH_DUMMY_01,2026-06-16,화,6,25,,Y,평일,10,,N,5.8,0.458,virtual_dummy.xlsx,00_공통달력,2026-10-05T01:15
PH_DUMMY_01,2026-06-17,수,6,25,,Y,평일,10,,N,5.8,0.457,virtual_dummy.xlsx,00_공통달력,2026-10-05T01:15
PH_DUMMY_01,2026-06-18,목,6,25,,Y,평일,10,,N,5.8,0.456,virtual_dummy.xlsx,00_공통달력,2026-10-05T01:15
PH_DUMMY_01,2026-06-19,금,6,25,,Y,평일,10,,N,5.7,0.455,virtual_dummy.xlsx,00_공통달력,2026-10-05T01:15
PH_DUMMY_01,2026-06-20,토,6,25,,Y,토요일,5,,N,5.7,0.453,virtual_dummy.xlsx,00_공통달력,2026-10-05T01:15
PH_DUMMY_01,2026-06-21,일,6,25,,N,휴무,0,,N,5.6,0.452,virtual_dummy.xlsx,00_공통달력,2026-10-05T01:15
PH_DUMMY_01,2026-06-22,월,6,26,,Y,평일,10,,N,5.6,0.451,virtual_dummy.xlsx,00_공통달력,2026-10-05T01:15
PH_DUMMY_01,2026-06-23,화,6,26,,Y,평일,10,,N,5.5,0.449,virtual_dummy.xlsx,00_공통달력,2026-10-05T01:15
PH_DUMMY_01,2026-06-24,수,6,26,,Y,평일,10,,N,5.5,0.448,virtual_dummy.xlsx,00_공통달력,2026-10-05T01:15
PH_DUMMY_01,2026-06-25,목,6,26,,Y,평일,10,,N,5.5,0.447,virtual_dummy.xlsx,00_공통달력,2026-10-05T01:15
PH_DUMMY_01,2026-06-26,금,6,26,,Y,평일,10,,N,5.4,0.445,virtual_dummy.xlsx,00_공통달력,2026-10-05T01:15
PH_DUMMY_01,2026-06-27,토,6,26,,Y,토요일,5,,N,5.4,0.444,virtual_dummy.xlsx,00_공통달력,2026-10-05T01:15
PH_DUMMY_01,2026-06-28,일,6,26,,N,휴무,0,,N,5.3,0.443,virtual_dummy.xlsx,00_공통달력,2026-10-05T01:15
PH_DUMMY_01,2026-06-29,월,6,27,,Y,평일,10,,N,5.3,0.441,virtual_dummy.xlsx,00_공통달력,2026-10-05T01:15
PH_DUMMY_01,2026-06-30,화,6,27,,Y,평일,10,,N,5.2,0.44,virtual_dummy.xlsx,00_공통달력,2026-10-05T01:15
PH_DUMMY_01,2026-07-01,수,7,27,,Y,평일,10,,N,5.2,0.439,virtual_dummy.xlsx,00_공통달력,2026-10-05T01:15
PH_DUMMY_01,2026-07-02,목,7,27,,Y,평일,10,,N,5.2,0.438,virtual_dummy.xlsx,00_공통달력,2026-10-05T01:15
PH_DUMMY_01,2026-07-03,금,7,27,,Y,평일,10,,N,5.2,0.438,virtual_dummy.xlsx,00_공통달력,2026-10-05T01:15
PH_DUMMY_01,2026-07-04,토,7,27,,Y,토요일,5,,N,5.2,0.438,virtual_dummy.xlsx,00_공통달력,2026-10-05T01:15
PH_DUMMY_01,2026-07-05,일,7,27,,N,휴무,0,,N,5.1,0.437,virtual_dummy.xlsx,00_공통달력,2026-10-05T01:15
PH_DUMMY_01,2026-07-06,월,7,28,,Y,평일,10,,N,5.1,0.437,virtual_dummy.xlsx,00_공통달력,2026-10-05T01:15
PH_DUMMY_01,2026-07-07,화,7,28,,Y,평일,10,,N,5.1,0.436,virtual_dummy.xlsx,00_공통달력,2026-10-05T01:15
PH_DUMMY_01,2026-07-08,수,7,28,,Y,평일,10,,N,5.1,0.436,virtual_dummy.xlsx,00_공통달력,2026-10-05T01:15
PH_DUMMY_01,2026-07-09,목,7,28,,Y,평일,10,,N,5.1,0.436,virtual_dummy.xlsx,00_공통달력,2026-10-05T01:15
PH_DUMMY_01,2026-07-10,금,7,28,,Y,평일,10,,N,5.1,0.435,virtual_dummy.xlsx,00_공통달력,2026-10-05T01:15
PH_DUMMY_01,2026-07-11,토,7,28,,Y,토요일,5,,N,5.1,0.435,virtual_dummy.xlsx,00_공통달력,2026-10-05T01:15
PH_DUMMY_01,2026-07-12,일,7,28,,N,휴무,0,,N,5.1,0.434,virtual_dummy.xlsx,00_공통달력,2026-10-05T01:15
PH_DUMMY_01,2026-07-13,월,7,29,,Y,평일,10,,N,5,0.434,virtual_dummy.xlsx,00_공통달력,2026-10-05T01:15
PH_DUMMY_01,2026-07-14,화,7,29,,Y,평일,10,,N,5,0.434,virtual_dummy.xlsx,00_공통달력,2026-10-05T01:15
PH_DUMMY_01,2026-07-15,수,7,29,,Y,평일,10,,N,5,0.433,virtual_dummy.xlsx,00_공통달력,2026-10-05T01:15
PH_DUMMY_01,2026-07-16,목,7,29,,Y,평일,10,연휴 전 마지막 영업일,N,5,0.433,virtual_dummy.xlsx,00_공통달력,2026-10-05T01:15
PH_DUMMY_01,2026-07-17,금,7,29,제헌절,N,휴무,0,,N,5,0.432,virtual_dummy.xlsx,00_공통달력,2026-10-05T01:15
PH_DUMMY_01,2026-07-18,토,7,29,,Y,토요일,5,연휴 후 첫 영업일,N,5,0.432,virtual_dummy.xlsx,00_공통달력,2026-10-05T01:15
PH_DUMMY_01,2026-07-19,일,7,29,,N,휴무,0,,N,5,0.432,virtual_dummy.xlsx,00_공통달력,2026-10-05T01:15
PH_DUMMY_01,2026-07-20,월,7,30,,Y,평일,10,,N,5,0.431,virtual_dummy.xlsx,00_공통달력,2026-10-05T01:15
PH_DUMMY_01,2026-07-21,화,7,30,,Y,평일,10,,N,4.9,0.431,virtual_dummy.xlsx,00_공통달력,2026-10-05T01:15
PH_DUMMY_01,2026-07-22,수,7,30,,Y,평일,10,,N,4.9,0.431,virtual_dummy.xlsx,00_공통달력,2026-10-05T01:15
PH_DUMMY_01,2026-07-23,목,7,30,,Y,평일,10,,N,4.9,0.43,virtual_dummy.xlsx,00_공통달력,2026-10-05T01:15
PH_DUMMY_01,2026-07-24,금,7,30,,Y,평일,10,,N,4.9,0.43,virtual_dummy.xlsx,00_공통달력,2026-10-05T01:15
PH_DUMMY_01,2026-07-25,토,7,30,,Y,토요일,5,,N,4.9,0.429,virtual_dummy.xlsx,00_공통달력,2026-10-05T01:15
PH_DUMMY_01,2026-07-26,일,7,30,,N,휴무,0,,N,4.9,0.429,virtual_dummy.xlsx,00_공통달력,2026-10-05T01:15
PH_DUMMY_01,2026-07-27,월,7,31,,Y,평일,10,,N,4.9,0.429,virtual_dummy.xlsx,00_공통달력,2026-10-05T01:15
PH_DUMMY_01,2026-07-28,화,7,31,,Y,평일,10,,N,4.9,0.428,virtual_dummy.xlsx,00_공통달력,2026-10-05T01:15
PH_DUMMY_01,2026-07-29,수,7,31,,Y,평일,10,,N,4.8,0.428,virtual_dummy.xlsx,00_공통달력,2026-10-05T01:15
PH_DUMMY_01,2026-07-30,목,7,31,,Y,평일,10,,N,4.8,0.427,virtual_dummy.xlsx,00_공통달력,2026-10-05T01:15
PH_DUMMY_01,2026-07-31,금,7,31,,Y,평일,10,,N,4.8,0.427,virtual_dummy.xlsx,00_공통달력,2026-10-05T01:15
PH_DUMMY_01,2026-08-01,토,8,31,,Y,토요일,5,,N,4.8,0.427,virtual_dummy.xlsx,00_공통달력,2026-10-05T01:15
PH_DUMMY_01,2026-08-02,일,8,31,,N,휴무,0,,N,4.9,0.429,virtual_dummy.xlsx,00_공통달력,2026-10-05T01:15
PH_DUMMY_01,2026-08-03,월,8,32,,Y,평일,10,,Y,5,0.432,virtual_dummy.xlsx,00_공통달력,2026-10-05T01:15
PH_DUMMY_01,2026-08-04,화,8,32,,Y,평일,10,,Y,5.1,0.434,virtual_dummy.xlsx,00_공통달력,2026-10-05T01:15
PH_DUMMY_01,2026-08-05,수,8,32,,Y,평일,10,,Y,5.1,0.437,virtual_dummy.xlsx,00_공통달력,2026-10-05T01:15
PH_DUMMY_01,2026-08-06,목,8,32,,Y,평일,10,,N,5.2,0.44,virtual_dummy.xlsx,00_공통달력,2026-10-05T01:15
PH_DUMMY_01,2026-08-07,금,8,32,,Y,평일,10,,N,5.3,0.442,virtual_dummy.xlsx,00_공통달력,2026-10-05T01:15
PH_DUMMY_01,2026-08-08,토,8,32,,Y,토요일,5,,N,5.4,0.445,virtual_dummy.xlsx,00_공통달력,2026-10-05T01:15
PH_DUMMY_01,2026-08-09,일,8,32,,N,휴무,0,,N,5.5,0.447,virtual_dummy.xlsx,00_공통달력,2026-10-05T01:15
PH_DUMMY_01,2026-08-10,월,8,33,,Y,평일,10,,N,5.6,0.45,virtual_dummy.xlsx,00_공통달력,2026-10-05T01:15
PH_DUMMY_01,2026-08-11,화,8,33,,Y,평일,10,,N,5.7,0.453,virtual_dummy.xlsx,00_공통달력,2026-10-05T01:15
PH_DUMMY_01,2026-08-12,수,8,33,,Y,평일,10,,N,5.7,0.455,virtual_dummy.xlsx,00_공통달력,2026-10-05T01:15
PH_DUMMY_01,2026-08-13,목,8,33,,Y,평일,10,,N,5.8,0.458,virtual_dummy.xlsx,00_공통달력,2026-10-05T01:15
PH_DUMMY_01,2026-08-14,금,8,33,,Y,평일,10,연휴 전 마지막 영업일,N,5.9,0.46,virtual_dummy.xlsx,00_공통달력,2026-10-05T01:15
PH_DUMMY_01,2026-08-15,토,8,33,광복절,N,휴무,0,,N,6,0.463,virtual_dummy.xlsx,00_공통달력,2026-10-05T01:15
PH_DUMMY_01,2026-08-16,일,8,33,,N,휴무,0,,N,6.7,0.483,virtual_dummy.xlsx,00_공통달력,2026-10-05T01:15
PH_DUMMY_01,2026-08-17,월,8,34,광복절 대체 휴일,N,휴무,0,,N,7.3,0.503,virtual_dummy.xlsx,00_공통달력,2026-10-05T01:15
PH_DUMMY_01,2026-08-18,화,8,34,,Y,평일,10,연휴 후 첫 영업일,N,8,0.524,virtual_dummy.xlsx,00_공통달력,2026-10-05T01:15
PH_DUMMY_01,2026-08-19,수,8,34,,Y,평일,10,,N,8.7,0.544,virtual_dummy.xlsx,00_공통달력,2026-10-05T01:15
PH_DUMMY_01,2026-08-20,목,8,34,,Y,평일,10,,N,9.3,0.564,virtual_dummy.xlsx,00_공통달력,2026-10-05T01:15
PH_DUMMY_01,2026-08-21,금,8,34,,Y,평일,10,,N,10,0.584,virtual_dummy.xlsx,00_공통달력,2026-10-05T01:15
PH_DUMMY_01,2026-08-22,토,8,34,,Y,토요일,5,,N,10.7,0.605,virtual_dummy.xlsx,00_공통달력,2026-10-05T01:15
PH_DUMMY_01,2026-08-23,일,8,34,,N,휴무,0,,N,11.3,0.625,virtual_dummy.xlsx,00_공통달력,2026-10-05T01:15
PH_DUMMY_01,2026-08-24,월,8,35,,Y,평일,10,,N,12,0.645,virtual_dummy.xlsx,00_공통달력,2026-10-05T01:15
PH_DUMMY_01,2026-08-25,화,8,35,,Y,평일,10,,N,12.7,0.665,virtual_dummy.xlsx,00_공통달력,2026-10-05T01:15
PH_DUMMY_01,2026-08-26,수,8,35,,Y,평일,10,,N,13.3,0.686,virtual_dummy.xlsx,00_공통달력,2026-10-05T01:15
PH_DUMMY_01,2026-08-27,목,8,35,,Y,평일,10,,N,14,0.706,virtual_dummy.xlsx,00_공통달력,2026-10-05T01:15
PH_DUMMY_01,2026-08-28,금,8,35,,Y,평일,10,,N,15.6,0.755,virtual_dummy.xlsx,00_공통달력,2026-10-05T01:15
PH_DUMMY_01,2026-08-29,토,8,35,,Y,토요일,5,,N,17.2,0.804,virtual_dummy.xlsx,00_공통달력,2026-10-05T01:15
PH_DUMMY_01,2026-08-30,일,8,35,,N,휴무,0,,N,18.8,0.853,virtual_dummy.xlsx,00_공통달력,2026-10-05T01:15
PH_DUMMY_01,2026-08-31,월,8,36,,Y,평일,10,,N,20.5,0.902,virtual_dummy.xlsx,00_공통달력,2026-10-05T01:15
PH_DUMMY_01,2026-09-01,화,9,36,,Y,평일,10,,N,22.1,0.951,virtual_dummy.xlsx,00_공통달력,2026-10-05T01:15
PH_DUMMY_01,2026-09-02,수,9,36,,Y,평일,10,,N,23.7,1,virtual_dummy.xlsx,00_공통달력,2026-10-05T01:15
PH_DUMMY_01,2026-09-03,목,9,36,,Y,평일,10,,N,25.3,1.049,virtual_dummy.xlsx,00_공통달력,2026-10-05T01:15
PH_DUMMY_01,2026-09-04,금,9,36,,Y,평일,10,,N,25.6,1.057,virtual_dummy.xlsx,00_공통달력,2026-10-05T01:15
PH_DUMMY_01,2026-09-05,토,9,36,,Y,토요일,5,,N,25.8,1.065,virtual_dummy.xlsx,00_공통달력,2026-10-05T01:15
PH_DUMMY_01,2026-09-06,일,9,36,,N,휴무,0,,N,26.1,1.073,virtual_dummy.xlsx,00_공통달력,2026-10-05T01:15
PH_DUMMY_01,2026-09-07,월,9,37,,Y,평일,10,,N,26.4,1.081,virtual_dummy.xlsx,00_공통달력,2026-10-05T01:15
PH_DUMMY_01,2026-09-08,화,9,37,,Y,평일,10,,N,26.6,1.089,virtual_dummy.xlsx,00_공통달력,2026-10-05T01:15
PH_DUMMY_01,2026-09-09,수,9,37,,Y,평일,10,,N,26.9,1.097,virtual_dummy.xlsx,00_공통달력,2026-10-05T01:15
PH_DUMMY_01,2026-09-10,목,9,37,,Y,평일,10,,N,27.2,1.105,virtual_dummy.xlsx,00_공통달력,2026-10-05T01:15
PH_DUMMY_01,2026-09-11,금,9,37,,Y,평일,10,,N,27.4,1.113,virtual_dummy.xlsx,00_공통달력,2026-10-05T01:15
PH_DUMMY_01,2026-09-12,토,9,37,,Y,토요일,5,,N,27.7,1.121,virtual_dummy.xlsx,00_공통달력,2026-10-05T01:15
PH_DUMMY_01,2026-09-13,일,9,37,,N,휴무,0,,N,27.9,1.129,virtual_dummy.xlsx,00_공통달력,2026-10-05T01:15
PH_DUMMY_01,2026-09-14,월,9,38,,Y,평일,10,,N,28.2,1.137,virtual_dummy.xlsx,00_공통달력,2026-10-05T01:15
PH_DUMMY_01,2026-09-15,화,9,38,,Y,평일,10,,N,28.5,1.145,virtual_dummy.xlsx,00_공통달력,2026-10-05T01:15
PH_DUMMY_01,2026-09-16,수,9,38,,Y,평일,10,,N,28.7,1.153,virtual_dummy.xlsx,00_공통달력,2026-10-05T01:15
PH_DUMMY_01,2026-09-17,목,9,38,,Y,평일,10,,N,29,1.161,virtual_dummy.xlsx,00_공통달력,2026-10-05T01:15
PH_DUMMY_01,2026-09-18,금,9,38,,Y,평일,10,,N,29.1,1.163,virtual_dummy.xlsx,00_공통달력,2026-10-05T01:15
PH_DUMMY_01,2026-09-19,토,9,38,,Y,토요일,5,,N,29.1,1.165,virtual_dummy.xlsx,00_공통달력,2026-10-05T01:15
PH_DUMMY_01,2026-09-20,일,9,38,,N,휴무,0,,N,29.2,1.168,virtual_dummy.xlsx,00_공통달력,2026-10-05T01:15
PH_DUMMY_01,2026-09-21,월,9,39,,Y,평일,10,,N,29.3,1.17,virtual_dummy.xlsx,00_공통달력,2026-10-05T01:15
PH_DUMMY_01,2026-09-22,화,9,39,,Y,평일,10,,N,29.4,1.172,virtual_dummy.xlsx,00_공통달력,2026-10-05T01:15
PH_DUMMY_01,2026-09-23,수,9,39,,Y,평일,10,연휴 전 마지막 영업일,N,29.4,1.174,virtual_dummy.xlsx,00_공통달력,2026-10-05T01:15
PH_DUMMY_01,2026-09-24,목,9,39,추석 전날,N,휴무,0,,N,29.5,1.176,virtual_dummy.xlsx,00_공통달력,2026-10-05T01:15
PH_DUMMY_01,2026-09-25,금,9,39,추석,N,휴무,0,,N,29.6,1.178,virtual_dummy.xlsx,00_공통달력,2026-10-05T01:15
PH_DUMMY_01,2026-09-26,토,9,39,추석 다음날,N,휴무,0,,N,29.6,1.181,virtual_dummy.xlsx,00_공통달력,2026-10-05T01:15
PH_DUMMY_01,2026-09-27,일,9,39,,N,휴무,0,,N,29.7,1.183,virtual_dummy.xlsx,00_공통달력,2026-10-05T01:15
PH_DUMMY_01,2026-09-28,월,9,40,,Y,평일,10,연휴 후 첫 영업일,N,29.8,1.185,virtual_dummy.xlsx,00_공통달력,2026-10-05T01:15
PH_DUMMY_01,2026-09-29,화,9,40,,Y,평일,10,,N,29.9,1.187,virtual_dummy.xlsx,00_공통달력,2026-10-05T01:15
PH_DUMMY_01,2026-09-30,수,9,40,,Y,평일,10,,N,29.9,1.189,virtual_dummy.xlsx,00_공통달력,2026-10-05T01:15
PH_DUMMY_01,2026-10-01,목,10,40,,Y,평일,10,,N,30,1.191,virtual_dummy.xlsx,00_공통달력,2026-10-05T01:15
PH_DUMMY_01,2026-10-02,금,10,40,,Y,평일,10,연휴 전 마지막 영업일,N,30.2,1.198,virtual_dummy.xlsx,00_공통달력,2026-10-05T01:15
PH_DUMMY_01,2026-10-03,토,10,40,개천절,N,휴무,0,,N,30.4,1.204,virtual_dummy.xlsx,00_공통달력,2026-10-05T01:15
PH_DUMMY_01,2026-10-04,일,10,40,,N,휴무,0,,N,30.6,1.211,virtual_dummy.xlsx,00_공통달력,2026-10-05T01:15
PH_DUMMY_01,2026-10-05,월,10,41,개천절 대체 휴일,N,휴무,0,,N,30.9,1.217,virtual_dummy.xlsx,00_공통달력,2026-10-05T01:15
PH_DUMMY_01,2026-10-06,화,10,41,,Y,평일,10,연휴 후 첫 영업일,N,31.1,1.224,virtual_dummy.xlsx,00_공통달력,2026-10-05T01:15
PH_DUMMY_01,2026-10-07,수,10,41,,Y,평일,10,,N,31.3,1.23,virtual_dummy.xlsx,00_공통달력,2026-10-05T01:15
PH_DUMMY_01,2026-10-08,목,10,41,,Y,평일,10,연휴 전 마지막 영업일,N,31.5,1.237,virtual_dummy.xlsx,00_공통달력,2026-10-05T01:15
PH_DUMMY_01,2026-10-09,금,10,41,한글날,N,휴무,0,,N,31.7,1.243,virtual_dummy.xlsx,00_공통달력,2026-10-05T01:15
PH_DUMMY_01,2026-10-10,토,10,41,,Y,토요일,5,연휴 후 첫 영업일,N,31.9,1.25,virtual_dummy.xlsx,00_공통달력,2026-10-05T01:15
PH_DUMMY_01,2026-10-11,일,10,41,,N,휴무,0,,N,32.1,1.256,virtual_dummy.xlsx,00_공통달력,2026-10-05T01:15
PH_DUMMY_01,2026-10-12,월,10,42,,Y,평일,10,,N,32.4,1.263,virtual_dummy.xlsx,00_공통달력,2026-10-05T01:15
PH_DUMMY_01,2026-10-13,화,10,42,,Y,평일,10,,N,32.6,1.269,virtual_dummy.xlsx,00_공통달력,2026-10-05T01:15
PH_DUMMY_01,2026-10-14,수,10,42,,Y,평일,10,,N,32.8,1.276,virtual_dummy.xlsx,00_공통달력,2026-10-05T01:15
PH_DUMMY_01,2026-10-15,목,10,42,,Y,평일,10,,N,33,1.282,virtual_dummy.xlsx,00_공통달력,2026-10-05T01:15
PH_DUMMY_01,2026-10-16,금,10,42,,Y,평일,10,,N,33.4,1.295,virtual_dummy.xlsx,00_공통달력,2026-10-05T01:15
PH_DUMMY_01,2026-10-17,토,10,42,,Y,토요일,5,,N,33.8,1.307,virtual_dummy.xlsx,00_공통달력,2026-10-05T01:15
PH_DUMMY_01,2026-10-18,일,10,42,,N,휴무,0,,N,34.2,1.32,virtual_dummy.xlsx,00_공통달력,2026-10-05T01:15
PH_DUMMY_01,2026-10-19,월,10,43,,Y,평일,10,,N,34.6,1.332,virtual_dummy.xlsx,00_공통달력,2026-10-05T01:15
PH_DUMMY_01,2026-10-20,화,10,43,,Y,평일,10,,N,35.1,1.345,virtual_dummy.xlsx,00_공통달력,2026-10-05T01:15
PH_DUMMY_01,2026-10-21,수,10,43,,Y,평일,10,,N,35.5,1.357,virtual_dummy.xlsx,00_공통달력,2026-10-05T01:15
PH_DUMMY_01,2026-10-22,목,10,43,,Y,평일,10,,N,35.9,1.37,virtual_dummy.xlsx,00_공통달력,2026-10-05T01:15
PH_DUMMY_01,2026-10-23,금,10,43,,Y,평일,10,,N,36.3,1.382,virtual_dummy.xlsx,00_공통달력,2026-10-05T01:15
PH_DUMMY_01,2026-10-24,토,10,43,,Y,토요일,5,,N,36.7,1.395,virtual_dummy.xlsx,00_공통달력,2026-10-05T01:15
PH_DUMMY_01,2026-10-25,일,10,43,,N,휴무,0,,N,37.1,1.407,virtual_dummy.xlsx,00_공통달력,2026-10-05T01:15
PH_DUMMY_01,2026-10-26,월,10,44,,Y,평일,10,,N,37.5,1.42,virtual_dummy.xlsx,00_공통달력,2026-10-05T01:15
PH_DUMMY_01,2026-10-27,화,10,44,,Y,평일,10,,N,37.9,1.432,virtual_dummy.xlsx,00_공통달력,2026-10-05T01:15
PH_DUMMY_01,2026-10-28,수,10,44,,Y,평일,10,,N,38.4,1.445,virtual_dummy.xlsx,00_공통달력,2026-10-05T01:15
PH_DUMMY_01,2026-10-29,목,10,44,,Y,평일,10,,N,38.8,1.457,virtual_dummy.xlsx,00_공통달력,2026-10-05T01:15
PH_DUMMY_01,2026-10-30,금,10,44,,Y,평일,10,,N,39.2,1.47,virtual_dummy.xlsx,00_공통달력,2026-10-05T01:15
PH_DUMMY_01,2026-10-31,토,10,44,,Y,토요일,5,,N,39.6,1.482,virtual_dummy.xlsx,00_공통달력,2026-10-05T01:15
PH_DUMMY_01,2026-11-01,일,11,44,,N,휴무,0,,N,40,1.495,virtual_dummy.xlsx,00_공통달력,2026-10-05T01:15
PH_DUMMY_01,2026-11-02,월,11,45,,Y,평일,10,,N,40.7,1.517,virtual_dummy.xlsx,00_공통달력,2026-10-05T01:15
PH_DUMMY_01,2026-11-03,화,11,45,,Y,평일,10,,N,41.4,1.538,virtual_dummy.xlsx,00_공통달력,2026-10-05T01:15
PH_DUMMY_01,2026-11-04,수,11,45,,Y,평일,10,,N,42.1,1.56,virtual_dummy.xlsx,00_공통달력,2026-10-05T01:15
PH_DUMMY_01,2026-11-05,목,11,45,,Y,평일,10,,N,42.9,1.582,virtual_dummy.xlsx,00_공통달력,2026-10-05T01:15
PH_DUMMY_01,2026-11-06,금,11,45,,Y,평일,10,,N,43.6,1.603,virtual_dummy.xlsx,00_공통달력,2026-10-05T01:15
PH_DUMMY_01,2026-11-07,토,11,45,,Y,토요일,5,,N,44.3,1.625,virtual_dummy.xlsx,00_공통달력,2026-10-05T01:15
PH_DUMMY_01,2026-11-08,일,11,45,,N,휴무,0,,N,45,1.647,virtual_dummy.xlsx,00_공통달력,2026-10-05T01:15
PH_DUMMY_01,2026-11-09,월,11,46,,Y,평일,10,,N,45.7,1.668,virtual_dummy.xlsx,00_공통달력,2026-10-05T01:15
PH_DUMMY_01,2026-11-10,화,11,46,,Y,평일,10,,N,46.4,1.69,virtual_dummy.xlsx,00_공통달력,2026-10-05T01:15
PH_DUMMY_01,2026-11-11,수,11,46,,Y,평일,10,,N,47.1,1.712,virtual_dummy.xlsx,00_공통달력,2026-10-05T01:15
PH_DUMMY_01,2026-11-12,목,11,46,,Y,평일,10,,N,47.9,1.733,virtual_dummy.xlsx,00_공통달력,2026-10-05T01:15
PH_DUMMY_01,2026-11-13,금,11,46,,Y,평일,10,,N,48.6,1.755,virtual_dummy.xlsx,00_공통달력,2026-10-05T01:15
PH_DUMMY_01,2026-11-14,토,11,46,,Y,토요일,5,,N,49.3,1.777,virtual_dummy.xlsx,00_공통달력,2026-10-05T01:15
PH_DUMMY_01,2026-11-15,일,11,46,,N,휴무,0,,N,50,1.798,virtual_dummy.xlsx,00_공통달력,2026-10-05T01:15
PH_DUMMY_01,2026-11-16,월,11,47,,Y,평일,10,,N,50.5,1.813,virtual_dummy.xlsx,00_공통달력,2026-10-05T01:15
PH_DUMMY_01,2026-11-17,화,11,47,,Y,평일,10,,N,51,1.829,virtual_dummy.xlsx,00_공통달력,2026-10-05T01:15
PH_DUMMY_01,2026-11-18,수,11,47,,Y,평일,10,,N,51.5,1.844,virtual_dummy.xlsx,00_공통달력,2026-10-05T01:15
PH_DUMMY_01,2026-11-19,목,11,47,,Y,평일,10,,N,52,1.859,virtual_dummy.xlsx,00_공통달력,2026-10-05T01:15
PH_DUMMY_01,2026-11-20,금,11,47,,Y,평일,10,,N,52.5,1.874,virtual_dummy.xlsx,00_공통달력,2026-10-05T01:15
PH_DUMMY_01,2026-11-21,토,11,47,,Y,토요일,5,,N,53,1.889,virtual_dummy.xlsx,00_공통달력,2026-10-05T01:15
PH_DUMMY_01,2026-11-22,일,11,47,,N,휴무,0,,N,53.5,1.905,virtual_dummy.xlsx,00_공통달력,2026-10-05T01:15
PH_DUMMY_01,2026-11-23,월,11,48,,Y,평일,10,,N,54,1.92,virtual_dummy.xlsx,00_공통달력,2026-10-05T01:15
PH_DUMMY_01,2026-11-24,화,11,48,,Y,평일,10,,N,54.5,1.935,virtual_dummy.xlsx,00_공통달력,2026-10-05T01:15
PH_DUMMY_01,2026-11-25,수,11,48,,Y,평일,10,,N,55,1.95,virtual_dummy.xlsx,00_공통달력,2026-10-05T01:15
PH_DUMMY_01,2026-11-26,목,11,48,,Y,평일,10,,N,55.5,1.965,virtual_dummy.xlsx,00_공통달력,2026-10-05T01:15
PH_DUMMY_01,2026-11-27,금,11,48,,Y,평일,10,,N,56,1.98,virtual_dummy.xlsx,00_공통달력,2026-10-05T01:15
PH_DUMMY_01,2026-11-28,토,11,48,,Y,토요일,5,,N,56.5,1.996,virtual_dummy.xlsx,00_공통달력,2026-10-05T01:15
PH_DUMMY_01,2026-11-29,일,11,48,,N,휴무,0,,N,57,2.011,virtual_dummy.xlsx,00_공통달력,2026-10-05T01:15
PH_DUMMY_01,2026-11-30,월,11,49,,Y,평일,10,,N,57.5,2.026,virtual_dummy.xlsx,00_공통달력,2026-10-05T01:15
PH_DUMMY_01,2026-12-01,화,12,49,,Y,평일,10,,N,58,2.041,virtual_dummy.xlsx,00_공통달력,2026-10-05T01:15
PH_DUMMY_01,2026-12-02,수,12,49,,Y,평일,10,,N,58.3,2.05,virtual_dummy.xlsx,00_공통달력,2026-10-05T01:15
PH_DUMMY_01,2026-12-03,목,12,49,,Y,평일,10,,N,58.6,2.058,virtual_dummy.xlsx,00_공통달력,2026-10-05T01:15
PH_DUMMY_01,2026-12-04,금,12,49,,Y,평일,10,,N,58.9,2.067,virtual_dummy.xlsx,00_공통달력,2026-10-05T01:15
PH_DUMMY_01,2026-12-05,토,12,49,,Y,토요일,5,,N,59.1,2.076,virtual_dummy.xlsx,00_공통달력,2026-10-05T01:15
PH_DUMMY_01,2026-12-06,일,12,49,,N,휴무,0,,N,59.4,2.084,virtual_dummy.xlsx,00_공통달력,2026-10-05T01:15
PH_DUMMY_01,2026-12-07,월,12,50,,Y,평일,10,,N,59.7,2.093,virtual_dummy.xlsx,00_공통달력,2026-10-05T01:15
PH_DUMMY_01,2026-12-08,화,12,50,,Y,평일,10,,N,60,2.102,virtual_dummy.xlsx,00_공통달력,2026-10-05T01:15
PH_DUMMY_01,2026-12-09,수,12,50,,Y,평일,10,,N,60.3,2.11,virtual_dummy.xlsx,00_공통달력,2026-10-05T01:15
PH_DUMMY_01,2026-12-10,목,12,50,,Y,평일,10,,N,60.6,2.119,virtual_dummy.xlsx,00_공통달력,2026-10-05T01:15
PH_DUMMY_01,2026-12-11,금,12,50,,Y,평일,10,,N,60.9,2.128,virtual_dummy.xlsx,00_공통달력,2026-10-05T01:15
PH_DUMMY_01,2026-12-12,토,12,50,,Y,토요일,5,,N,61.1,2.136,virtual_dummy.xlsx,00_공통달력,2026-10-05T01:15
PH_DUMMY_01,2026-12-13,일,12,50,,N,휴무,0,,N,61.4,2.145,virtual_dummy.xlsx,00_공통달력,2026-10-05T01:15
PH_DUMMY_01,2026-12-14,월,12,51,,Y,평일,10,,N,61.7,2.154,virtual_dummy.xlsx,00_공통달력,2026-10-05T01:15
PH_DUMMY_01,2026-12-15,화,12,51,,Y,평일,10,,N,62,2.162,virtual_dummy.xlsx,00_공통달력,2026-10-05T01:15
PH_DUMMY_01,2026-12-16,수,12,51,,Y,평일,10,,N,61.6,2.149,virtual_dummy.xlsx,00_공통달력,2026-10-05T01:15
PH_DUMMY_01,2026-12-17,목,12,51,,Y,평일,10,,N,61.1,2.136,virtual_dummy.xlsx,00_공통달력,2026-10-05T01:15
PH_DUMMY_01,2026-12-18,금,12,51,,Y,평일,10,,N,60.7,2.123,virtual_dummy.xlsx,00_공통달력,2026-10-05T01:15
PH_DUMMY_01,2026-12-19,토,12,51,,Y,토요일,5,,N,60.2,2.109,virtual_dummy.xlsx,00_공통달력,2026-10-05T01:15
PH_DUMMY_01,2026-12-20,일,12,51,,N,휴무,0,,N,59.8,2.096,virtual_dummy.xlsx,00_공통달력,2026-10-05T01:15
PH_DUMMY_01,2026-12-21,월,12,52,,Y,평일,10,,N,59.4,2.083,virtual_dummy.xlsx,00_공통달력,2026-10-05T01:15
PH_DUMMY_01,2026-12-22,화,12,52,,Y,평일,10,,N,58.9,2.07,virtual_dummy.xlsx,00_공통달력,2026-10-05T01:15
PH_DUMMY_01,2026-12-23,수,12,52,,Y,평일,10,,N,58.5,2.056,virtual_dummy.xlsx,00_공통달력,2026-10-05T01:15
PH_DUMMY_01,2026-12-24,목,12,52,,Y,평일,10,연휴 전 마지막 영업일,N,58.1,2.043,virtual_dummy.xlsx,00_공통달력,2026-10-05T01:15
PH_DUMMY_01,2026-12-25,금,12,52,기독탄신일,N,휴무,0,,N,57.6,2.03,virtual_dummy.xlsx,00_공통달력,2026-10-05T01:15
PH_DUMMY_01,2026-12-26,토,12,52,,Y,토요일,5,연휴 후 첫 영업일,N,57.2,2.016,virtual_dummy.xlsx,00_공통달력,2026-10-05T01:15
PH_DUMMY_01,2026-12-27,일,12,52,,N,휴무,0,,N,56.8,2.003,virtual_dummy.xlsx,00_공통달력,2026-10-05T01:15
PH_DUMMY_01,2026-12-28,월,12,53,,Y,평일,10,,N,56.3,1.99,virtual_dummy.xlsx,00_공통달력,2026-10-05T01:15
PH_DUMMY_01,2026-12-29,화,12,53,,Y,평일,10,,N,55.9,1.977,virtual_dummy.xlsx,00_공통달력,2026-10-05T01:15
PH_DUMMY_01,2026-12-30,수,12,53,,Y,평일,10,,N,55.4,1.963,virtual_dummy.xlsx,00_공통달력,2026-10-05T01:15
PH_DUMMY_01,2026-12-31,목,12,53,,Y,평일,10,,N,55,1.95,virtual_dummy.xlsx,00_공통달력,2026-10-05T01:15
