pharmacy_id,date,opening_cash_krw,cash_receipts_krw,card_deposits_net_krw,insurer_deposits_krw,wholesale_payments_krw,fixed_costs_krw,fixed_cost_detail,closing_cash_krw,unpaid_wholesale_krw,purchase_burden_ratio,cash_runway_days,is_negative,source_file,source_sheet,generated_at
PH_DUMMY_01,2026-01-01,30000000,0,0,0,0,0,,30000000,62108460,0.88,13.6,,virtual_dummy.xlsx,L49_현금여력·구매대금,2026-10-05T01:15
PH_DUMMY_01,2026-01-02,30000000,253960,0,0,0,250000,대체약사 일당,30003960,65206660,0.92,13.6,,virtual_dummy.xlsx,L49_현금여력·구매대금,2026-10-05T01:15
PH_DUMMY_01,2026-01-03,30003960,106310,0,0,0,0,,30110270,65658690,0.93,13.7,,virtual_dummy.xlsx,L49_현금여력·구매대금,2026-10-05T01:15
PH_DUMMY_01,2026-01-04,30110270,0,0,0,0,0,,30110270,65658690,0.93,13.7,,virtual_dummy.xlsx,L49_현금여력·구매대금,2026-10-05T01:15
PH_DUMMY_01,2026-01-05,30110270,184940,2018050,11460790,0,2640000,임대료,41134050,69178710,0.98,18.7,,virtual_dummy.xlsx,L49_현금여력·구매대금,2026-10-05T01:15
PH_DUMMY_01,2026-01-06,41134050,202510,0,0,0,0,,41336560,70080110,0.99,18.8,,virtual_dummy.xlsx,L49_현금여력·구매대금,2026-10-05T01:15
PH_DUMMY_01,2026-01-07,41336560,130190,1035920,0,0,0,,42502660,70498590,1,19.3,,virtual_dummy.xlsx,L49_현금여력·구매대금,2026-10-05T01:15
PH_DUMMY_01,2026-01-08,42502660,134940,1134350,0,0,0,,43771960,71021540,1,19.9,,virtual_dummy.xlsx,L49_현금여력·구매대금,2026-10-05T01:15
PH_DUMMY_01,2026-01-09,43771960,222850,729240,0,1535230,3400000,급여,39788820,70207530,0.99,18.1,,virtual_dummy.xlsx,L49_현금여력·구매대금,2026-10-05T01:15
PH_DUMMY_01,2026-01-10,39788820,98700,0,0,0,0,,39887510,70652180,1,18.1,,virtual_dummy.xlsx,L49_현금여력·구매대금,2026-10-05T01:15
PH_DUMMY_01,2026-01-11,39887510,0,0,0,0,0,,39887510,70652180,1,18.1,,virtual_dummy.xlsx,L49_현금여력·구매대금,2026-10-05T01:15
PH_DUMMY_01,2026-01-12,39887510,240640,2557030,11460790,0,0,,54145970,82036830,1.16,24.6,,virtual_dummy.xlsx,L49_현금여력·구매대금,2026-10-05T01:15
PH_DUMMY_01,2026-01-13,54145970,153630,0,0,0,0,,54299600,82597380,1.17,24.7,,virtual_dummy.xlsx,L49_현금여력·구매대금,2026-10-05T01:15
PH_DUMMY_01,2026-01-14,54299600,143950,1347950,0,0,0,,55791510,83132390,1.18,25.4,,virtual_dummy.xlsx,L49_현금여력·구매대금,2026-10-05T01:15
PH_DUMMY_01,2026-01-15,55791510,200190,860540,0,0,0,,56852240,83941070,1.19,25.9,,virtual_dummy.xlsx,L49_현금여력·구매대금,2026-10-05T01:15
PH_DUMMY_01,2026-01-16,56852240,211860,806360,0,0,0,,57870460,84792230,1.2,26.3,,virtual_dummy.xlsx,L49_현금여력·구매대금,2026-10-05T01:15
PH_DUMMY_01,2026-01-17,57870460,130250,0,0,0,0,,58000710,85275500,1.21,26.4,,virtual_dummy.xlsx,L49_현금여력·구매대금,2026-10-05T01:15
PH_DUMMY_01,2026-01-18,58000710,0,0,0,0,0,,58000710,85275500,1.21,26.4,,virtual_dummy.xlsx,L49_현금여력·구매대금,2026-10-05T01:15
PH_DUMMY_01,2026-01-19,58000710,144170,3037730,4277880,0,0,,65460500,96022820,1.36,29.8,,virtual_dummy.xlsx,L49_현금여력·구매대금,2026-10-05T01:15
PH_DUMMY_01,2026-01-20,65460500,192130,0,0,0,505000,관리비·공과금·청구SW,65147630,96819050,1.37,29.6,,virtual_dummy.xlsx,L49_현금여력·구매대금,2026-10-05T01:15
PH_DUMMY_01,2026-01-21,65147630,168820,807590,0,0,0,,66124040,97447360,1.38,30.1,,virtual_dummy.xlsx,L49_현금여력·구매대금,2026-10-05T01:15
PH_DUMMY_01,2026-01-22,66124040,179330,1076240,0,0,0,,67379610,98074030,1.39,30.6,,virtual_dummy.xlsx,L49_현금여력·구매대금,2026-10-05T01:15
PH_DUMMY_01,2026-01-23,67379610,218690,945620,0,0,1200000,기타 운영비(약포지·소모품·기장·보험·통신),67343920,98911400,1.4,30.6,,virtual_dummy.xlsx,L49_현금여력·구매대금,2026-10-05T01:15
PH_DUMMY_01,2026-01-24,67343920,101770,0,0,0,0,,67445690,99372010,1.41,30.7,,virtual_dummy.xlsx,L49_현금여력·구매대금,2026-10-05T01:15
PH_DUMMY_01,2026-01-25,67445690,0,0,0,0,0,,67445690,99372010,1.41,30.7,,virtual_dummy.xlsx,L49_현금여력·구매대금,2026-10-05T01:15
PH_DUMMY_01,2026-01-26,67445690,181640,2799560,11379670,0,0,,81806560,110558570,1.56,37.2,,virtual_dummy.xlsx,L49_현금여력·구매대금,2026-10-05T01:15
PH_DUMMY_01,2026-01-27,81806560,171390,0,0,0,0,,81977950,111123100,1.57,37.3,,virtual_dummy.xlsx,L49_현금여력·구매대금,2026-10-05T01:15
PH_DUMMY_01,2026-01-28,81977950,112770,1017440,0,0,0,,83108160,111590790,1.58,37.8,,virtual_dummy.xlsx,L49_현금여력·구매대금,2026-10-05T01:15
PH_DUMMY_01,2026-01-29,83108160,169040,960050,0,0,0,,84237240,112280030,1.59,38.3,,virtual_dummy.xlsx,L49_현금여력·구매대금,2026-10-05T01:15
PH_DUMMY_01,2026-01-30,84237240,145650,631660,0,48439870,8000000,대표 인출,28574680,63793470,0.9,13,,virtual_dummy.xlsx,L49_현금여력·구매대금,2026-10-05T01:15
PH_DUMMY_01,2026-01-31,28574680,124020,0,0,0,0,,28698700,63970970,0.9,13.1,,virtual_dummy.xlsx,L49_현금여력·구매대금,2026-10-05T01:15
PH_DUMMY_01,2026-02-01,28698700,0,0,0,0,0,,28698700,63970970,0.9,13.1,,virtual_dummy.xlsx,L49_현금여력·구매대금,2026-10-05T01:15
PH_DUMMY_01,2026-02-02,28698700,239700,2457410,12855020,0,0,,44250830,75131970,1.06,20.2,,virtual_dummy.xlsx,L49_현금여력·구매대금,2026-10-05T01:15
PH_DUMMY_01,2026-02-03,44250830,84140,0,0,0,0,,44334970,75417130,1.07,20.2,,virtual_dummy.xlsx,L49_현금여력·구매대금,2026-10-05T01:15
PH_DUMMY_01,2026-02-04,44334970,110910,1342670,0,0,0,,45788560,75940130,1.07,21.8,,virtual_dummy.xlsx,L49_현금여력·구매대금,2026-10-05T01:15
PH_DUMMY_01,2026-02-05,45788560,172030,471310,0,0,2640000,임대료,43791900,76568360,1.08,20,,virtual_dummy.xlsx,L49_현금여력·구매대금,2026-10-05T01:15
PH_DUMMY_01,2026-02-06,43791900,230270,621270,0,0,0,,44643430,77493350,1.1,20.4,,virtual_dummy.xlsx,L49_현금여력·구매대금,2026-10-05T01:15
PH_DUMMY_01,2026-02-07,44643430,115600,0,0,0,0,,44759030,77916910,1.1,20.4,,virtual_dummy.xlsx,L49_현금여력·구매대금,2026-10-05T01:15
PH_DUMMY_01,2026-02-08,44759030,0,0,0,0,0,,44759030,77916910,1.1,22.1,,virtual_dummy.xlsx,L49_현금여력·구매대금,2026-10-05T01:15
PH_DUMMY_01,2026-02-09,44759030,126210,2900990,11901040,0,0,,59687280,87298130,1.23,29.5,,virtual_dummy.xlsx,L49_현금여력·구매대금,2026-10-05T01:15
PH_DUMMY_01,2026-02-10,59687280,119220,0,0,1427700,3400000,급여,54978810,86237560,1.22,25.1,,virtual_dummy.xlsx,L49_현금여력·구매대금,2026-10-05T01:15
PH_DUMMY_01,2026-02-11,54978810,166900,706990,0,0,0,,55852700,86841950,1.23,25.5,,virtual_dummy.xlsx,L49_현금여력·구매대금,2026-10-05T01:15
PH_DUMMY_01,2026-02-12,55852700,162690,667830,0,0,0,,56683230,87408750,1.24,25.9,,virtual_dummy.xlsx,L49_현금여력·구매대금,2026-10-05T01:15
PH_DUMMY_01,2026-02-13,56683230,137560,934890,0,0,0,,57755680,87911440,1.24,26.4,,virtual_dummy.xlsx,L49_현금여력·구매대금,2026-10-05T01:15
PH_DUMMY_01,2026-02-14,57755680,150370,0,0,0,0,,57906040,88533170,1.25,26.5,,virtual_dummy.xlsx,L49_현금여력·구매대금,2026-10-05T01:15
PH_DUMMY_01,2026-02-15,57906040,0,0,0,0,0,,57906040,88533170,1.25,26.5,,virtual_dummy.xlsx,L49_현금여력·구매대금,2026-10-05T01:15
PH_DUMMY_01,2026-02-16,57906040,0,0,10240080,0,0,,68146120,88533170,1.25,31.2,,virtual_dummy.xlsx,L49_현금여력·구매대금,2026-10-05T01:15
PH_DUMMY_01,2026-02-17,68146120,0,0,0,0,0,,68146120,88533170,1.25,31.2,,virtual_dummy.xlsx,L49_현금여력·구매대금,2026-10-05T01:15
PH_DUMMY_01,2026-02-18,68146120,0,0,0,0,0,,68146120,88533170,1.25,31.2,,virtual_dummy.xlsx,L49_현금여력·구매대금,2026-10-05T01:15
PH_DUMMY_01,2026-02-19,68146120,166320,2524160,0,0,0,,70836600,97806720,1.38,32.6,,virtual_dummy.xlsx,L49_현금여력·구매대금,2026-10-05T01:15
PH_DUMMY_01,2026-02-20,70836600,196730,0,0,0,505000,관리비·공과금·청구SW,70528320,98578790,1.39,32.2,,virtual_dummy.xlsx,L49_현금여력·구매대금,2026-10-05T01:15
PH_DUMMY_01,2026-02-21,70528320,109950,0,0,0,0,,70638280,98988750,1.4,32.3,,virtual_dummy.xlsx,L49_현금여력·구매대금,2026-10-05T01:15
PH_DUMMY_01,2026-02-22,70638280,0,0,0,0,0,,70638280,98988750,1.4,32.9,,virtual_dummy.xlsx,L49_현금여력·구매대금,2026-10-05T01:15
PH_DUMMY_01,2026-02-23,70638280,180940,2649500,11547240,0,0,,85015960,104931430,1.48,39.6,,virtual_dummy.xlsx,L49_현금여력·구매대금,2026-10-05T01:15
PH_DUMMY_01,2026-02-24,85015960,92520,0,0,0,0,,85108480,105222540,1.49,39.6,,virtual_dummy.xlsx,L49_현금여력·구매대금,2026-10-05T01:15
PH_DUMMY_01,2026-02-25,85108480,172610,1013550,0,0,1200000,기타 운영비(약포지·소모품·기장·보험·통신),85094640,105890810,1.5,38.9,,virtual_dummy.xlsx,L49_현금여력·구매대금,2026-10-05T01:15
PH_DUMMY_01,2026-02-26,85094640,189170,518250,0,0,0,,85802060,106560970,1.51,39.2,,virtual_dummy.xlsx,L49_현금여력·구매대금,2026-10-05T01:15
PH_DUMMY_01,2026-02-27,85802060,148540,966870,0,49975150,8000000,대표 인출,28942320,56639640,0.8,7,,virtual_dummy.xlsx,L49_현금여력·구매대금,2026-10-05T01:15
PH_DUMMY_01,2026-02-28,28942320,180490,0,0,0,0,,29122820,57250510,0.81,7.1,,virtual_dummy.xlsx,L49_현금여력·구매대금,2026-10-05T01:15
PH_DUMMY_01,2026-03-01,29122820,0,0,0,0,0,,29122820,57250510,0.81,13,,virtual_dummy.xlsx,L49_현금여력·구매대금,2026-10-05T01:15
PH_DUMMY_01,2026-03-02,29122820,0,0,9723340,0,0,,38846160,57250510,0.81,17.4,,virtual_dummy.xlsx,L49_현금여력·구매대금,2026-10-05T01:15
PH_DUMMY_01,2026-03-03,38846160,247170,2902750,0,0,0,,41996080,68527310,0.97,18.8,,virtual_dummy.xlsx,L49_현금여력·구매대금,2026-10-05T01:15
PH_DUMMY_01,2026-03-04,41996080,109140,0,0,0,0,,42105220,68912180,0.97,18.8,,virtual_dummy.xlsx,L49_현금여력·구매대금,2026-10-05T01:15
PH_DUMMY_01,2026-03-05,42105220,180580,1384540,0,0,2640000,임대료,41030340,69601020,0.98,17.6,,virtual_dummy.xlsx,L49_현금여력·구매대금,2026-10-05T01:15
PH_DUMMY_01,2026-03-06,41030340,165290,611350,0,0,0,,41806990,70213910,0.99,18,,virtual_dummy.xlsx,L49_현금여력·구매대금,2026-10-05T01:15
PH_DUMMY_01,2026-03-07,41806990,125240,0,0,0,0,,41932230,70592660,1,18.7,,virtual_dummy.xlsx,L49_현금여력·구매대금,2026-10-05T01:15
PH_DUMMY_01,2026-03-08,41932230,0,0,0,0,0,,41932230,70592660,1,18.7,,virtual_dummy.xlsx,L49_현금여력·구매대금,2026-10-05T01:15
PH_DUMMY_01,2026-03-09,41932230,249110,2638920,5617650,0,0,,50437910,79722220,1.13,22.5,,virtual_dummy.xlsx,L49_현금여력·구매대금,2026-10-05T01:15
PH_DUMMY_01,2026-03-10,50437910,189620,0,0,1551860,3400000,급여,45675660,78726360,1.11,19,,virtual_dummy.xlsx,L49_현금여력·구매대금,2026-10-05T01:15
PH_DUMMY_01,2026-03-11,45675660,112720,1395380,0,0,0,,47183760,79039110,1.12,19.6,,virtual_dummy.xlsx,L49_현금여력·구매대금,2026-10-05T01:15
PH_DUMMY_01,2026-03-12,47183760,233590,1062140,0,0,0,,48479490,80041920,1.13,21.6,,virtual_dummy.xlsx,L49_현금여력·구매대금,2026-10-05T01:15
PH_DUMMY_01,2026-03-13,48479490,239530,631410,0,0,0,,49350430,81039600,1.15,22,,virtual_dummy.xlsx,L49_현금여력·구매대금,2026-10-05T01:15
PH_DUMMY_01,2026-03-14,49350430,113220,0,0,0,0,,49463650,81447050,1.15,22.1,,virtual_dummy.xlsx,L49_현금여력·구매대금,2026-10-05T01:15
PH_DUMMY_01,2026-03-15,49463650,0,0,0,0,0,,49463650,81447050,1.15,22.1,,virtual_dummy.xlsx,L49_현금여력·구매대금,2026-10-05T01:15
PH_DUMMY_01,2026-03-16,49463650,114860,3284360,10918400,0,0,,63781280,91167350,1.29,28.4,,virtual_dummy.xlsx,L49_현금여력·구매대금,2026-10-05T01:15
PH_DUMMY_01,2026-03-17,63781280,180870,0,0,0,0,,63962150,91816780,1.3,28.5,,virtual_dummy.xlsx,L49_현금여력·구매대금,2026-10-05T01:15
PH_DUMMY_01,2026-03-18,63962150,166040,643410,0,0,0,,64771600,92564570,1.31,28.9,,virtual_dummy.xlsx,L49_현금여력·구매대금,2026-10-05T01:15
PH_DUMMY_01,2026-03-19,64771600,167020,1013140,0,0,0,,65951760,93097390,1.32,29.4,,virtual_dummy.xlsx,L49_현금여력·구매대금,2026-10-05T01:15
PH_DUMMY_01,2026-03-20,65951760,140410,930080,0,0,505000,관리비·공과금·청구SW,66517250,93726160,1.33,29.4,,virtual_dummy.xlsx,L49_현금여력·구매대금,2026-10-05T01:15
PH_DUMMY_01,2026-03-21,66517250,132470,0,0,0,0,,66649720,94276150,1.33,29.5,,virtual_dummy.xlsx,L49_현금여력·구매대금,2026-10-05T01:15
PH_DUMMY_01,2026-03-22,66649720,0,0,0,0,0,,66649720,94276150,1.33,29.7,,virtual_dummy.xlsx,L49_현금여력·구매대금,2026-10-05T01:15
PH_DUMMY_01,2026-03-23,66649720,194450,2464090,9192290,0,0,,78500540,104811280,1.48,35,,virtual_dummy.xlsx,L49_현금여력·구매대금,2026-10-05T01:15
PH_DUMMY_01,2026-03-24,78500540,147240,0,0,0,0,,78647790,105456600,1.49,35.1,,virtual_dummy.xlsx,L49_현금여력·구매대금,2026-10-05T01:15
PH_DUMMY_01,2026-03-25,78647790,120420,1089230,0,0,1200000,기타 운영비(약포지·소모품·기장·보험·통신),78657440,105803430,1.5,34.5,,virtual_dummy.xlsx,L49_현금여력·구매대금,2026-10-05T01:15
PH_DUMMY_01,2026-03-26,78657440,215370,824790,0,0,0,,79697590,106755990,1.51,34.9,,virtual_dummy.xlsx,L49_현금여력·구매대금,2026-10-05T01:15
PH_DUMMY_01,2026-03-27,79697590,156040,674540,0,0,0,,80528170,107361740,1.52,35.9,,virtual_dummy.xlsx,L49_현금여력·구매대금,2026-10-05T01:15
PH_DUMMY_01,2026-03-28,80528170,82710,0,0,0,0,,80610870,107670860,1.52,35.9,,virtual_dummy.xlsx,L49_현금여력·구매대금,2026-10-05T01:15
PH_DUMMY_01,2026-03-29,80610870,0,0,0,0,0,,80610870,107670860,1.52,260.1,,virtual_dummy.xlsx,L49_현금여력·구매대금,2026-10-05T01:15
PH_DUMMY_01,2026-03-30,80610870,178480,2543690,13058060,0,0,,96391100,117849160,1.67,311,,virtual_dummy.xlsx,L49_현금여력·구매대금,2026-10-05T01:15
PH_DUMMY_01,2026-03-31,96391100,143160,0,0,44787830,8000000,대표 인출,43746430,73043600,1.03,21.1,,virtual_dummy.xlsx,L49_현금여력·구매대금,2026-10-05T01:15
PH_DUMMY_01,2026-04-01,43746430,125390,999760,0,0,0,,44871570,73440910,1.04,21.7,,virtual_dummy.xlsx,L49_현금여력·구매대금,2026-10-05T01:15
PH_DUMMY_01,2026-04-02,44871570,158340,801890,0,0,0,,45831800,74089320,1.05,22.1,,virtual_dummy.xlsx,L49_현금여력·구매대금,2026-10-05T01:15
PH_DUMMY_01,2026-04-03,45831800,221290,702350,0,0,2640000,임대료,44115440,75098450,1.06,20.4,,virtual_dummy.xlsx,L49_현금여력·구매대금,2026-10-05T01:15
PH_DUMMY_01,2026-04-04,44115440,99640,0,0,0,0,,44215080,75558680,1.07,21.4,,virtual_dummy.xlsx,L49_현금여력·구매대금,2026-10-05T01:15
PH_DUMMY_01,2026-04-05,44215080,0,0,0,0,0,,44215080,75558680,1.07,21.4,,virtual_dummy.xlsx,L49_현금여력·구매대금,2026-10-05T01:15
PH_DUMMY_01,2026-04-06,44215080,250120,2684600,10453620,0,0,,57603420,87062110,1.23,27.8,,virtual_dummy.xlsx,L49_현금여력·구매대금,2026-10-05T01:15
PH_DUMMY_01,2026-04-07,57603420,146840,0,0,0,0,,57750260,87647640,1.24,27.9,,virtual_dummy.xlsx,L49_현금여력·구매대금,2026-10-05T01:15
PH_DUMMY_01,2026-04-08,57750260,211960,1401040,0,0,0,,59363260,88478530,1.25,28.7,,virtual_dummy.xlsx,L49_현금여력·구매대금,2026-10-05T01:15
PH_DUMMY_01,2026-04-09,59363260,173190,822530,0,0,0,,60358980,89077840,1.26,31.7,,virtual_dummy.xlsx,L49_현금여력·구매대금,2026-10-05T01:15
PH_DUMMY_01,2026-04-10,60358980,102410,1187300,0,2332460,3400000,급여,55916230,87070710,1.23,26.7,,virtual_dummy.xlsx,L49_현금여력·구매대금,2026-10-05T01:15
PH_DUMMY_01,2026-04-11,55916230,84880,0,0,0,0,,56001110,87415270,1.24,26.7,,virtual_dummy.xlsx,L49_현금여력·구매대금,2026-10-05T01:15
PH_DUMMY_01,2026-04-12,56001110,0,0,0,0,0,,56001110,87415270,1.24,26.7,,virtual_dummy.xlsx,L49_현금여력·구매대금,2026-10-05T01:15
PH_DUMMY_01,2026-04-13,56001110,151360,2019160,10725620,0,0,,68897250,97048940,1.37,32.9,,virtual_dummy.xlsx,L49_현금여력·구매대금,2026-10-05T01:15
PH_DUMMY_01,2026-04-14,68897250,154030,0,0,0,0,,69051280,97653130,1.38,33,,virtual_dummy.xlsx,L49_현금여력·구매대금,2026-10-05T01:15
PH_DUMMY_01,2026-04-15,69051280,167860,847820,0,0,0,,70066970,98275660,1.39,33.4,,virtual_dummy.xlsx,L49_현금여력·구매대금,2026-10-05T01:15
PH_DUMMY_01,2026-04-16,70066970,123690,862810,0,0,0,,71053460,98725450,1.4,33.9,,virtual_dummy.xlsx,L49_현금여력·구매대금,2026-10-05T01:15
PH_DUMMY_01,2026-04-17,71053460,172430,940280,0,0,0,,72166170,99456120,1.41,34.4,,virtual_dummy.xlsx,L49_현금여력·구매대금,2026-10-05T01:15
PH_DUMMY_01,2026-04-18,72166170,138920,0,0,0,0,,72305100,100037430,1.41,34.5,,virtual_dummy.xlsx,L49_현금여력·구매대금,2026-10-05T01:15
PH_DUMMY_01,2026-04-19,72305100,0,0,0,0,0,,72305100,100037430,1.41,34.8,,virtual_dummy.xlsx,L49_현금여력·구매대금,2026-10-05T01:15
PH_DUMMY_01,2026-04-20,72305100,126700,2436900,11317700,0,505000,관리비·공과금·청구SW,85681400,109053290,1.54,40.9,,virtual_dummy.xlsx,L49_현금여력·구매대금,2026-10-05T01:15
PH_DUMMY_01,2026-04-21,85681400,202950,0,0,0,0,,85884350,109778940,1.55,41,,virtual_dummy.xlsx,L49_현금여력·구매대금,2026-10-05T01:15
PH_DUMMY_01,2026-04-22,85884350,161300,709740,0,0,0,,86755380,110441010,1.56,41.4,,virtual_dummy.xlsx,L49_현금여력·구매대금,2026-10-05T01:15
PH_DUMMY_01,2026-04-23,86755380,107010,1136800,0,0,0,,87999190,110858290,1.57,42,,virtual_dummy.xlsx,L49_현금여력·구매대금,2026-10-05T01:15
PH_DUMMY_01,2026-04-24,87999190,121380,903510,0,0,1200000,기타 운영비(약포지·소모품·기장·보험·통신),87824080,111243680,1.57,41.9,,virtual_dummy.xlsx,L49_현금여력·구매대금,2026-10-05T01:15
PH_DUMMY_01,2026-04-25,87824080,160850,0,0,0,0,,87984930,111950070,1.58,42,,virtual_dummy.xlsx,L49_현금여력·구매대금,2026-10-05T01:15
PH_DUMMY_01,2026-04-26,87984930,0,0,0,0,0,,87984930,111950070,1.58,42,,virtual_dummy.xlsx,L49_현금여력·구매대금,2026-10-05T01:15
PH_DUMMY_01,2026-04-27,87984930,173360,2180340,11336270,0,0,,101674900,122667980,1.73,48.5,,virtual_dummy.xlsx,L49_현금여력·구매대금,2026-10-05T01:15
PH_DUMMY_01,2026-04-28,101674900,173360,0,0,0,0,,101848260,123318970,1.74,48.6,,virtual_dummy.xlsx,L49_현금여력·구매대금,2026-10-05T01:15
PH_DUMMY_01,2026-04-29,101848260,127940,971050,0,0,0,,102947250,123722920,1.75,49.1,,virtual_dummy.xlsx,L49_현금여력·구매대금,2026-10-05T01:15
PH_DUMMY_01,2026-04-30,102947250,122470,971080,0,55917360,8000000,대표 인출,40123440,67488510,0.95,16.3,,virtual_dummy.xlsx,L49_현금여력·구매대금,2026-10-05T01:15
PH_DUMMY_01,2026-05-01,40123440,0,0,0,0,0,,40123440,67488510,0.95,16.3,,virtual_dummy.xlsx,L49_현금여력·구매대금,2026-10-05T01:15
PH_DUMMY_01,2026-05-02,40123440,154170,0,0,0,0,,40277610,68063860,0.96,16.3,,virtual_dummy.xlsx,L49_현금여력·구매대금,2026-10-05T01:15
PH_DUMMY_01,2026-05-03,40277610,0,0,0,0,0,,40277610,68063860,0.96,16.9,,virtual_dummy.xlsx,L49_현금여력·구매대금,2026-10-05T01:15
PH_DUMMY_01,2026-05-04,40277610,148480,2266270,10582080,0,2640000,임대료,50634450,76292990,1.08,20.5,,virtual_dummy.xlsx,L49_현금여력·구매대금,2026-10-05T01:15
PH_DUMMY_01,2026-05-05,50634450,0,0,0,0,0,,50634450,76292990,1.08,20.5,,virtual_dummy.xlsx,L49_현금여력·구매대금,2026-10-05T01:15
PH_DUMMY_01,2026-05-06,50634450,168890,831740,0,0,0,,51635080,76933720,1.09,20.9,,virtual_dummy.xlsx,L49_현금여력·구매대금,2026-10-05T01:15
PH_DUMMY_01,2026-05-07,51635080,159930,0,0,0,0,,51795010,77493440,1.1,21,,virtual_dummy.xlsx,L49_현금여력·구매대금,2026-10-05T01:15
PH_DUMMY_01,2026-05-08,51795010,131520,946040,0,1631350,3400000,급여,47841220,76398410,1.08,18.2,,virtual_dummy.xlsx,L49_현금여력·구매대금,2026-10-05T01:15
PH_DUMMY_01,2026-05-09,47841220,138920,0,0,0,0,,47980140,77023500,1.09,18.2,,virtual_dummy.xlsx,L49_현금여력·구매대금,2026-10-05T01:15
PH_DUMMY_01,2026-05-10,47980140,0,0,0,0,0,,47980140,77023500,1.09,19.6,,virtual_dummy.xlsx,L49_현금여력·구매대금,2026-10-05T01:15
PH_DUMMY_01,2026-05-11,47980140,130030,2410700,9800360,0,0,,60321230,85077670,1.2,24.7,,virtual_dummy.xlsx,L49_현금여력·구매대금,2026-10-05T01:15
PH_DUMMY_01,2026-05-12,60321230,128180,0,0,0,0,,60449410,85576420,1.21,24.7,,virtual_dummy.xlsx,L49_현금여력·구매대금,2026-10-05T01:15
PH_DUMMY_01,2026-05-13,60449410,125620,728350,0,0,0,,61303390,86022550,1.22,25.1,,virtual_dummy.xlsx,L49_현금여력·구매대금,2026-10-05T01:15
PH_DUMMY_01,2026-05-14,61303390,121460,718000,0,0,0,,62142840,86493150,1.22,25.4,,virtual_dummy.xlsx,L49_현금여력·구매대금,2026-10-05T01:15
PH_DUMMY_01,2026-05-15,62142840,179420,703670,0,0,0,,63025930,87042020,1.23,25.8,,virtual_dummy.xlsx,L49_현금여력·구매대금,2026-10-05T01:15
PH_DUMMY_01,2026-05-16,63025930,101030,0,0,0,0,,63126970,87386460,1.24,25.8,,virtual_dummy.xlsx,L49_현금여력·구매대금,2026-10-05T01:15
PH_DUMMY_01,2026-05-17,63126970,0,0,0,0,0,,63126970,87386460,1.24,25.8,,virtual_dummy.xlsx,L49_현금여력·구매대금,2026-10-05T01:15
PH_DUMMY_01,2026-05-18,63126970,120260,2251320,8428600,0,0,,73927150,95233110,1.35,30.3,,virtual_dummy.xlsx,L49_현금여력·구매대금,2026-10-05T01:15
PH_DUMMY_01,2026-05-19,73927150,163920,0,0,0,0,,74091060,95872080,1.36,30.3,,virtual_dummy.xlsx,L49_현금여력·구매대금,2026-10-05T01:15
PH_DUMMY_01,2026-05-20,74091060,106160,673620,0,0,505000,관리비·공과금·청구SW,74365840,96270530,1.36,30.4,,virtual_dummy.xlsx,L49_현금여력·구매대금,2026-10-05T01:15
PH_DUMMY_01,2026-05-21,74365840,186740,918180,0,0,0,,75470760,96949130,1.37,30.9,,virtual_dummy.xlsx,L49_현금여력·구매대금,2026-10-05T01:15
PH_DUMMY_01,2026-05-22,75470760,177690,594640,0,0,1200000,기타 운영비(약포지·소모품·기장·보험·통신),75043080,97613090,1.38,30.2,,virtual_dummy.xlsx,L49_현금여력·구매대금,2026-10-05T01:15
PH_DUMMY_01,2026-05-23,75043080,121850,0,0,0,0,,75164930,97972810,1.39,30.3,,virtual_dummy.xlsx,L49_현금여력·구매대금,2026-10-05T01:15
PH_DUMMY_01,2026-05-24,75164930,0,0,0,0,0,,75164930,97972810,1.39,30.8,,virtual_dummy.xlsx,L49_현금여력·구매대금,2026-10-05T01:15
PH_DUMMY_01,2026-05-25,75164930,0,0,8741730,0,0,,83906660,97972810,1.39,34.3,,virtual_dummy.xlsx,L49_현금여력·구매대금,2026-10-05T01:15
PH_DUMMY_01,2026-05-26,83906660,216320,2723900,0,0,0,,86846880,108593620,1.54,35.5,,virtual_dummy.xlsx,L49_현금여력·구매대금,2026-10-05T01:15
PH_DUMMY_01,2026-05-27,86846880,114620,0,0,0,0,,86961500,109046630,1.54,35.6,,virtual_dummy.xlsx,L49_현금여력·구매대금,2026-10-05T01:15
PH_DUMMY_01,2026-05-28,86961500,103430,1211710,0,0,0,,88276640,109473360,1.55,36.1,,virtual_dummy.xlsx,L49_현금여력·구매대금,2026-10-05T01:15
PH_DUMMY_01,2026-05-29,88276640,217380,642050,0,52804440,8000000,대표 인출,28331640,57043470,0.81,6.3,,virtual_dummy.xlsx,L49_현금여력·구매대금,2026-10-05T01:15
PH_DUMMY_01,2026-05-30,28331640,66410,0,0,0,0,,28398050,57173790,0.81,12.1,,virtual_dummy.xlsx,L49_현금여력·구매대금,2026-10-05T01:15
PH_DUMMY_01,2026-05-31,28398050,0,0,0,0,0,,28398050,57173790,0.81,12.1,,virtual_dummy.xlsx,L49_현금여력·구매대금,2026-10-05T01:15
PH_DUMMY_01,2026-06-01,28398050,134460,2169040,8375500,0,0,,39077050,65000110,0.92,16.7,,virtual_dummy.xlsx,L49_현금여력·구매대금,2026-10-05T01:15
PH_DUMMY_01,2026-06-02,39077050,216450,0,0,0,0,,39293490,65919730,0.93,16.8,,virtual_dummy.xlsx,L49_현금여력·구매대금,2026-10-05T01:15
PH_DUMMY_01,2026-06-03,39293490,0,0,0,0,0,,39293490,65919730,0.93,17.5,,virtual_dummy.xlsx,L49_현금여력·구매대금,2026-10-05T01:15
PH_DUMMY_01,2026-06-04,39293490,187290,1965630,0,0,0,,41446410,66563970,0.94,18.4,,virtual_dummy.xlsx,L49_현금여력·구매대금,2026-10-05T01:15
PH_DUMMY_01,2026-06-05,41446410,142370,0,0,0,2640000,임대료,38948790,67133320,0.95,16.6,,virtual_dummy.xlsx,L49_현금여력·구매대금,2026-10-05T01:15
PH_DUMMY_01,2026-06-06,38948790,0,0,0,0,0,,38948790,67133320,0.95,16.6,,virtual_dummy.xlsx,L49_현금여력·구매대금,2026-10-05T01:15
PH_DUMMY_01,2026-06-07,38948790,0,0,0,0,0,,38948790,67133320,0.95,17.9,,virtual_dummy.xlsx,L49_현금여력·구매대금,2026-10-05T01:15
PH_DUMMY_01,2026-06-08,38948790,165420,1846620,9428510,0,0,,50389330,74685040,1.06,23.2,,virtual_dummy.xlsx,L49_현금여력·구매대금,2026-10-05T01:15
PH_DUMMY_01,2026-06-09,50389330,121160,0,0,0,0,,50510480,75118350,1.06,23.3,,virtual_dummy.xlsx,L49_현금여력·구매대금,2026-10-05T01:15
PH_DUMMY_01,2026-06-10,50510480,95440,926570,0,1716400,3400000,급여,46416100,73715240,1.04,19.8,,virtual_dummy.xlsx,L49_현금여력·구매대금,2026-10-05T01:15
PH_DUMMY_01,2026-06-11,46416100,135720,678670,0,0,0,,47230490,74345770,1.05,20.2,,virtual_dummy.xlsx,L49_현금여력·구매대금,2026-10-05T01:15
PH_DUMMY_01,2026-06-12,47230490,128830,534600,0,0,0,,47893920,74839730,1.06,20.4,,virtual_dummy.xlsx,L49_현금여력·구매대금,2026-10-05T01:15
PH_DUMMY_01,2026-06-13,47893920,118960,0,0,0,0,,48012880,75193280,1.06,20.5,,virtual_dummy.xlsx,L49_현금여력·구매대금,2026-10-05T01:15
PH_DUMMY_01,2026-06-14,48012880,0,0,0,0,0,,48012880,75193280,1.06,20.5,,virtual_dummy.xlsx,L49_현금여력·구매대금,2026-10-05T01:15
PH_DUMMY_01,2026-06-15,48012880,133390,2148210,8508760,0,0,,58803240,82870450,1.17,25.1,,virtual_dummy.xlsx,L49_현금여력·구매대금,2026-10-05T01:15
PH_DUMMY_01,2026-06-16,58803240,185150,0,0,0,0,,58988390,83589600,1.18,25.2,,virtual_dummy.xlsx,L49_현금여력·구매대금,2026-10-05T01:15
PH_DUMMY_01,2026-06-17,58988390,176880,747160,0,0,0,,59912430,84407250,1.19,25.6,,virtual_dummy.xlsx,L49_현금여력·구매대금,2026-10-05T01:15
PH_DUMMY_01,2026-06-18,59912430,134350,1037140,0,0,0,,61083930,85038480,1.2,26.1,,virtual_dummy.xlsx,L49_현금여력·구매대금,2026-10-05T01:15
PH_DUMMY_01,2026-06-19,61083930,107040,990780,0,0,505000,관리비·공과금·청구SW,61676750,85527280,1.21,26.3,,virtual_dummy.xlsx,L49_현금여력·구매대금,2026-10-05T01:15
PH_DUMMY_01,2026-06-20,61676750,74200,0,0,0,0,,61750950,85874990,1.21,26.4,,virtual_dummy.xlsx,L49_현금여력·구매대금,2026-10-05T01:15
PH_DUMMY_01,2026-06-21,61750950,0,0,0,0,0,,61750950,85874990,1.21,26.8,,virtual_dummy.xlsx,L49_현금여력·구매대금,2026-10-05T01:15
PH_DUMMY_01,2026-06-22,61750950,192850,1767840,8135490,0,0,,71847130,96313430,1.36,31.2,,virtual_dummy.xlsx,L49_현금여력·구매대금,2026-10-05T01:15
PH_DUMMY_01,2026-06-23,71847130,107330,0,0,0,0,,71954460,96688100,1.37,31.3,,virtual_dummy.xlsx,L49_현금여력·구매대금,2026-10-05T01:15
PH_DUMMY_01,2026-06-24,71954460,114090,1080220,0,0,0,,73148770,97104710,1.37,31.8,,virtual_dummy.xlsx,L49_현금여력·구매대금,2026-10-05T01:15
PH_DUMMY_01,2026-06-25,73148770,170890,601200,0,0,1200000,기타 운영비(약포지·소모품·기장·보험·통신),72720860,97754390,1.38,31,,virtual_dummy.xlsx,L49_현금여력·구매대금,2026-10-05T01:15
PH_DUMMY_01,2026-06-26,72720860,148300,639050,0,0,0,,73508210,98382670,1.39,31.4,,virtual_dummy.xlsx,L49_현금여력·구매대금,2026-10-05T01:15
PH_DUMMY_01,2026-06-27,73508210,58740,0,0,0,0,,73566950,98565030,1.39,31.4,,virtual_dummy.xlsx,L49_현금여력·구매대금,2026-10-05T01:15
PH_DUMMY_01,2026-06-28,73566950,0,0,0,0,0,,73566950,98565030,1.39,233.3,,virtual_dummy.xlsx,L49_현금여력·구매대금,2026-10-05T01:15
PH_DUMMY_01,2026-06-29,73566950,237240,2116960,8508560,0,0,,84429710,108249820,1.53,267.7,,virtual_dummy.xlsx,L49_현금여력·구매대금,2026-10-05T01:15
PH_DUMMY_01,2026-06-30,84429710,120140,0,0,45002480,8000000,대표 인출,31547370,63047520,0.89,15.2,,virtual_dummy.xlsx,L49_현금여력·구매대금,2026-10-05T01:15
PH_DUMMY_01,2026-07-01,31547370,94680,1328910,0,0,0,,32970960,63304160,0.9,15.8,,virtual_dummy.xlsx,L49_현금여력·구매대금,2026-10-05T01:15
PH_DUMMY_01,2026-07-02,32970960,107440,672940,0,0,0,,33751340,63701560,0.9,16.2,,virtual_dummy.xlsx,L49_현금여력·구매대금,2026-10-05T01:15
PH_DUMMY_01,2026-07-03,33751340,116880,530330,0,0,2640000,임대료,31758560,64202310,0.91,14.6,,virtual_dummy.xlsx,L49_현금여력·구매대금,2026-10-05T01:15
PH_DUMMY_01,2026-07-04,31758560,88370,0,0,0,0,,31846930,64535830,0.91,14.7,,virtual_dummy.xlsx,L49_현금여력·구매대금,2026-10-05T01:15
PH_DUMMY_01,2026-07-05,31846930,0,0,0,0,0,,31846930,64535830,0.91,15.3,,virtual_dummy.xlsx,L49_현금여력·구매대금,2026-10-05T01:15
PH_DUMMY_01,2026-07-06,31846930,125110,1751550,10294770,0,0,,44018360,71451610,1.01,21.1,,virtual_dummy.xlsx,L49_현금여력·구매대금,2026-10-05T01:15
PH_DUMMY_01,2026-07-07,44018360,147930,0,0,0,0,,44166290,72083360,1.02,21.2,,virtual_dummy.xlsx,L49_현금여력·구매대금,2026-10-05T01:15
PH_DUMMY_01,2026-07-08,44166290,180910,700820,0,0,0,,45048020,72793890,1.03,21.6,,virtual_dummy.xlsx,L49_현금여력·구매대금,2026-10-05T01:15
PH_DUMMY_01,2026-07-09,45048020,99840,828650,0,0,0,,45976510,73136170,1.03,22.1,,virtual_dummy.xlsx,L49_현금여력·구매대금,2026-10-05T01:15
PH_DUMMY_01,2026-07-10,45976510,136370,1013350,0,1708740,3400000,급여,42017500,71955610,1.02,20.2,,virtual_dummy.xlsx,L49_현금여력·구매대금,2026-10-05T01:15
PH_DUMMY_01,2026-07-11,42017500,73580,0,0,0,0,,42091080,72261090,1.02,20.2,,virtual_dummy.xlsx,L49_현금여력·구매대금,2026-10-05T01:15
PH_DUMMY_01,2026-07-12,42091080,0,0,0,0,0,,42091080,72261090,1.02,20.2,,virtual_dummy.xlsx,L49_현금여력·구매대금,2026-10-05T01:15
PH_DUMMY_01,2026-07-13,42091080,177780,1735300,9005440,0,0,,53009600,81380200,1.15,25.5,,virtual_dummy.xlsx,L49_현금여력·구매대금,2026-10-05T01:15
PH_DUMMY_01,2026-07-14,53009600,120160,0,0,0,0,,53129750,81839870,1.16,25.5,,virtual_dummy.xlsx,L49_현금여력·구매대금,2026-10-05T01:15
PH_DUMMY_01,2026-07-15,53129750,150960,995840,0,0,0,,54276550,82513110,1.17,26.1,,virtual_dummy.xlsx,L49_현금여력·구매대금,2026-10-05T01:15
PH_DUMMY_01,2026-07-16,54276550,133210,673050,0,0,0,,55082810,83086080,1.17,26.5,,virtual_dummy.xlsx,L49_현금여력·구매대금,2026-10-05T01:15
PH_DUMMY_01,2026-07-17,55082810,0,0,0,0,0,,55082810,83086080,1.17,26.5,,virtual_dummy.xlsx,L49_현금여력·구매대금,2026-10-05T01:15
PH_DUMMY_01,2026-07-18,55082810,134730,0,0,0,0,,55217540,83552230,1.18,26.5,,virtual_dummy.xlsx,L49_현금여력·구매대금,2026-10-05T01:15
PH_DUMMY_01,2026-07-19,55217540,0,0,0,0,0,,55217540,83552230,1.18,26.7,,virtual_dummy.xlsx,L49_현금여력·구매대금,2026-10-05T01:15
PH_DUMMY_01,2026-07-20,55217540,165310,2346440,8540470,0,505000,관리비·공과금·청구SW,65764760,91058380,1.29,31.6,,virtual_dummy.xlsx,L49_현금여력·구매대금,2026-10-05T01:15
PH_DUMMY_01,2026-07-21,65764760,125110,0,0,0,0,,65889870,91540210,1.29,31.6,,virtual_dummy.xlsx,L49_현금여력·구매대금,2026-10-05T01:15
PH_DUMMY_01,2026-07-22,65889870,96970,925970,0,0,0,,66912810,91894530,1.3,32.1,,virtual_dummy.xlsx,L49_현금여력·구매대금,2026-10-05T01:15
PH_DUMMY_01,2026-07-23,66912810,156450,700780,0,0,0,,67770040,92469760,1.31,32.6,,virtual_dummy.xlsx,L49_현금여력·구매대금,2026-10-05T01:15
PH_DUMMY_01,2026-07-24,67770040,123170,543200,0,0,1200000,기타 운영비(약포지·소모품·기장·보험·통신),67236420,92941930,1.31,31.7,,virtual_dummy.xlsx,L49_현금여력·구매대금,2026-10-05T01:15
PH_DUMMY_01,2026-07-25,67236420,107560,0,0,0,0,,67343980,93350500,1.32,32.3,,virtual_dummy.xlsx,L49_현금여력·구매대금,2026-10-05T01:15
PH_DUMMY_01,2026-07-26,67343980,0,0,0,0,0,,67343980,93350500,1.32,32.3,,virtual_dummy.xlsx,L49_현금여력·구매대금,2026-10-05T01:15
PH_DUMMY_01,2026-07-27,67343980,132720,2168800,9049840,0,0,,78695350,101228890,1.43,37.8,,virtual_dummy.xlsx,L49_현금여력·구매대금,2026-10-05T01:15
PH_DUMMY_01,2026-07-28,78695350,191240,0,0,0,0,,78886580,101989300,1.44,37.9,,virtual_dummy.xlsx,L49_현금여력·구매대금,2026-10-05T01:15
PH_DUMMY_01,2026-07-29,78886580,134460,743440,0,0,0,,79764480,102504770,1.45,38.3,,virtual_dummy.xlsx,L49_현금여력·구매대금,2026-10-05T01:15
PH_DUMMY_01,2026-07-30,79764480,133530,1071220,0,0,0,,80969230,103074970,1.46,256.9,,virtual_dummy.xlsx,L49_현금여력·구매대금,2026-10-05T01:15
PH_DUMMY_01,2026-07-31,80969230,151630,753160,0,48546580,8000000,대표 인출,25327430,54324850,0.77,11.5,,virtual_dummy.xlsx,L49_현금여력·구매대금,2026-10-05T01:15
PH_DUMMY_01,2026-08-01,25327430,90090,0,0,0,0,,25417520,54534210,0.77,11.6,,virtual_dummy.xlsx,L49_현금여력·구매대금,2026-10-05T01:15
PH_DUMMY_01,2026-08-02,25417520,0,0,0,0,0,,25417520,54534210,0.77,12,,virtual_dummy.xlsx,L49_현금여력·구매대금,2026-10-05T01:15
PH_DUMMY_01,2026-08-03,25417520,125730,2101960,8368870,0,250000,대체약사 일당,35764090,63356010,0.9,16.9,,virtual_dummy.xlsx,L49_현금여력·구매대금,2026-10-05T01:15
PH_DUMMY_01,2026-08-04,35764090,125180,0,0,0,250000,대체약사 일당,35639270,63866130,0.9,16.7,,virtual_dummy.xlsx,L49_현금여력·구매대금,2026-10-05T01:15
PH_DUMMY_01,2026-08-05,35639270,80510,704300,0,0,2890000,"임대료, 대체약사 일당",33534080,64215960,0.91,15.1,,virtual_dummy.xlsx,L49_현금여력·구매대금,2026-10-05T01:15
PH_DUMMY_01,2026-08-06,33534080,133240,701200,0,0,0,,34368520,64746350,0.92,15.4,,virtual_dummy.xlsx,L49_현금여력·구매대금,2026-10-05T01:15
PH_DUMMY_01,2026-08-07,34368520,132860,451000,0,0,0,,34952380,65196820,0.92,15.7,,virtual_dummy.xlsx,L49_현금여력·구매대금,2026-10-05T01:15
PH_DUMMY_01,2026-08-08,34952380,87060,0,0,0,0,,35039440,65467890,0.93,15.7,,virtual_dummy.xlsx,L49_현금여력·구매대금,2026-10-05T01:15
PH_DUMMY_01,2026-08-09,35039440,0,0,0,0,0,,35039440,65467890,0.93,17.1,,virtual_dummy.xlsx,L49_현금여력·구매대금,2026-10-05T01:15
PH_DUMMY_01,2026-08-10,35039440,141660,1978210,8391000,1635730,3400000,급여,40514580,71947580,1.02,18.2,,virtual_dummy.xlsx,L49_현금여력·구매대금,2026-10-05T01:15
PH_DUMMY_01,2026-08-11,40514580,134540,0,0,0,0,,40649120,72515700,1.03,18.3,,virtual_dummy.xlsx,L49_현금여력·구매대금,2026-10-05T01:15
PH_DUMMY_01,2026-08-12,40649120,110670,793480,0,0,0,,41553270,72918660,1.03,18.7,,virtual_dummy.xlsx,L49_현금여력·구매대금,2026-10-05T01:15
PH_DUMMY_01,2026-08-13,41553270,156220,753620,0,0,0,,42463110,73784050,1.04,19.1,,virtual_dummy.xlsx,L49_현금여력·구매대금,2026-10-05T01:15
PH_DUMMY_01,2026-08-14,42463110,149410,619900,0,0,0,,43232420,74388220,1.05,19.5,,virtual_dummy.xlsx,L49_현금여력·구매대금,2026-10-05T01:15
PH_DUMMY_01,2026-08-15,43232420,0,0,0,0,0,,43232420,74388220,1.05,19.5,,virtual_dummy.xlsx,L49_현금여력·구매대금,2026-10-05T01:15
PH_DUMMY_01,2026-08-16,43232420,0,0,0,0,0,,43232420,74388220,1.05,19.5,,virtual_dummy.xlsx,L49_현금여력·구매대금,2026-10-05T01:15
PH_DUMMY_01,2026-08-17,43232420,0,0,8983800,0,0,,52216220,74388220,1.05,23.5,,virtual_dummy.xlsx,L49_현금여력·구매대금,2026-10-05T01:15
PH_DUMMY_01,2026-08-18,52216220,183900,1712030,0,0,0,,54112150,83272630,1.18,24.3,,virtual_dummy.xlsx,L49_현금여력·구매대금,2026-10-05T01:15
PH_DUMMY_01,2026-08-19,54112150,108050,0,0,0,0,,54220200,83744310,1.18,24.6,,virtual_dummy.xlsx,L49_현금여력·구매대금,2026-10-05T01:15
PH_DUMMY_01,2026-08-20,54220200,136410,1030100,0,0,505000,관리비·공과금·청구SW,54881700,84189340,1.19,24.7,,virtual_dummy.xlsx,L49_현금여력·구매대금,2026-10-05T01:15
PH_DUMMY_01,2026-08-21,54881700,161730,605260,0,0,0,,55648700,84844660,1.2,25,,virtual_dummy.xlsx,L49_현금여력·구매대금,2026-10-05T01:15
PH_DUMMY_01,2026-08-22,55648700,119340,0,0,0,0,,55768030,85290550,1.21,25.1,,virtual_dummy.xlsx,L49_현금여력·구매대금,2026-10-05T01:15
PH_DUMMY_01,2026-08-23,55768030,0,0,0,0,0,,55768030,85290550,1.21,25.6,,virtual_dummy.xlsx,L49_현금여력·구매대금,2026-10-05T01:15
PH_DUMMY_01,2026-08-24,55768030,180960,2338460,7862500,0,0,,66149960,92774760,1.31,30.3,,virtual_dummy.xlsx,L49_현금여력·구매대금,2026-10-05T01:15
PH_DUMMY_01,2026-08-25,66149960,101220,0,0,0,1200000,기타 운영비(약포지·소모품·기장·보험·통신),65051180,93149550,1.32,29.3,,virtual_dummy.xlsx,L49_현금여력·구매대금,2026-10-05T01:15
PH_DUMMY_01,2026-08-26,65051180,157410,1013670,0,0,0,,66222260,93739630,1.33,29.8,,virtual_dummy.xlsx,L49_현금여력·구매대금,2026-10-05T01:15
PH_DUMMY_01,2026-08-27,66222260,143540,566970,0,0,0,,66932770,94196880,1.33,30.1,,virtual_dummy.xlsx,L49_현금여력·구매대금,2026-10-05T01:15
PH_DUMMY_01,2026-08-28,66932770,157880,881740,0,0,0,,67972390,94783610,1.34,30.6,,virtual_dummy.xlsx,L49_현금여력·구매대금,2026-10-05T01:15
PH_DUMMY_01,2026-08-29,67972390,119330,0,0,0,0,,68091720,95285020,1.35,30.6,,virtual_dummy.xlsx,L49_현금여력·구매대금,2026-10-05T01:15
PH_DUMMY_01,2026-08-30,68091720,0,0,0,0,0,,68091720,95285020,1.35,201.6,,virtual_dummy.xlsx,L49_현금여력·구매대금,2026-10-05T01:15
PH_DUMMY_01,2026-08-31,68091720,154180,2356860,8800740,42354530,8000000,대표 인출,29048970,60927060,0.86,14.4,,virtual_dummy.xlsx,L49_현금여력·구매대금,2026-10-05T01:15
PH_DUMMY_01,2026-09-01,29048970,188180,0,0,0,0,,29237150,61533580,0.87,14.5,,virtual_dummy.xlsx,L49_현금여력·구매대금,2026-10-05T01:15
PH_DUMMY_01,2026-09-02,29237150,138330,863640,0,0,0,,30239110,62063430,0.88,15.1,,virtual_dummy.xlsx,L49_현금여력·구매대금,2026-10-05T01:15
PH_DUMMY_01,2026-09-03,30239110,130460,1054090,0,0,0,,31423660,62574440,0.88,15.7,,virtual_dummy.xlsx,L49_현금여력·구매대금,2026-10-05T01:15
PH_DUMMY_01,2026-09-04,31423660,189360,774850,0,0,2640000,임대료,29747870,63340170,0.9,14.9,,virtual_dummy.xlsx,L49_현금여력·구매대금,2026-10-05T01:15
PH_DUMMY_01,2026-09-05,29747870,101700,0,0,0,0,,29849570,63653730,0.9,15,,virtual_dummy.xlsx,L49_현금여력·구매대금,2026-10-05T01:15
PH_DUMMY_01,2026-09-06,29849570,0,0,0,0,0,,29849570,63653730,0.9,15,,virtual_dummy.xlsx,L49_현금여력·구매대금,2026-10-05T01:15
PH_DUMMY_01,2026-09-07,29849570,151120,2361150,8191130,0,0,,40552970,72901690,1.03,20.4,,virtual_dummy.xlsx,L49_현금여력·구매대금,2026-10-05T01:15
PH_DUMMY_01,2026-09-08,40552970,164520,0,0,0,0,,40717490,73582920,1.04,20.4,,virtual_dummy.xlsx,L49_현금여력·구매대금,2026-10-05T01:15
PH_DUMMY_01,2026-09-09,40717490,106570,846490,0,0,0,,41670550,74004850,1.05,22.9,,virtual_dummy.xlsx,L49_현금여력·구매대금,2026-10-05T01:15
PH_DUMMY_01,2026-09-10,41670550,184770,921580,0,1956620,3400000,급여,37420280,72718840,1.03,18.7,,virtual_dummy.xlsx,L49_현금여력·구매대금,2026-10-05T01:15
PH_DUMMY_01,2026-09-11,37420280,148190,596950,0,0,0,,38165420,73153670,1.03,19.1,,virtual_dummy.xlsx,L49_현금여력·구매대금,2026-10-05T01:15
PH_DUMMY_01,2026-09-12,38165420,128440,0,0,0,0,,38293860,73716680,1.04,19.1,,virtual_dummy.xlsx,L49_현금여력·구매대금,2026-10-05T01:15
PH_DUMMY_01,2026-09-13,38293860,0,0,0,0,0,,38293860,73716680,1.04,19.1,,virtual_dummy.xlsx,L49_현금여력·구매대금,2026-10-05T01:15
PH_DUMMY_01,2026-09-14,38293860,203410,2584530,9444980,0,0,,50526780,83393560,1.18,25.2,,virtual_dummy.xlsx,L49_현금여력·구매대금,2026-10-05T01:15
PH_DUMMY_01,2026-09-15,50526780,128170,0,0,0,0,,50654950,83779590,1.18,25.3,,virtual_dummy.xlsx,L49_현금여력·구매대금,2026-10-05T01:15
PH_DUMMY_01,2026-09-16,50654950,129950,1139430,0,0,0,,51924330,84269300,1.19,25.9,,virtual_dummy.xlsx,L49_현금여력·구매대금,2026-10-05T01:15
PH_DUMMY_01,2026-09-17,51924330,103140,717940,0,0,0,,52745400,84540070,1.2,26.3,,virtual_dummy.xlsx,L49_현금여력·구매대금,2026-10-05T01:15
PH_DUMMY_01,2026-09-18,52745400,230570,727940,0,0,505000,관리비·공과금·청구SW,53198910,85458230,1.21,26.4,,virtual_dummy.xlsx,L49_현금여력·구매대금,2026-10-05T01:15
PH_DUMMY_01,2026-09-19,53198910,125980,0,0,0,0,,53324890,85988900,1.22,26.6,,virtual_dummy.xlsx,L49_현금여력·구매대금,2026-10-05T01:15
PH_DUMMY_01,2026-09-20,53324890,0,0,0,0,0,,53324890,85988900,1.22,26.6,,virtual_dummy.xlsx,L49_현금여력·구매대금,2026-10-05T01:15
PH_DUMMY_01,2026-09-21,53324890,260680,2574980,9943880,0,0,,66104430,96893470,1.37,33,,virtual_dummy.xlsx,L49_현금여력·구매대금,2026-10-05T01:15
PH_DUMMY_01,2026-09-22,66104430,212150,0,0,0,0,,66316570,97776830,1.38,33.1,,virtual_dummy.xlsx,L49_현금여력·구매대금,2026-10-05T01:15
PH_DUMMY_01,2026-09-23,66316570,138630,1460190,0,0,1200000,기타 운영비(약포지·소모품·기장·보험·통신),66715390,98304280,1.39,32.7,,virtual_dummy.xlsx,L49_현금여력·구매대금,2026-10-05T01:15
PH_DUMMY_01,2026-09-24,66715390,0,0,0,0,0,,66715390,98304280,1.39,33.3,,virtual_dummy.xlsx,L49_현금여력·구매대금,2026-10-05T01:15
PH_DUMMY_01,2026-09-25,66715390,0,0,0,0,0,,66715390,98304280,1.39,33.3,,virtual_dummy.xlsx,L49_현금여력·구매대금,2026-10-05T01:15
PH_DUMMY_01,2026-09-26,66715390,0,0,0,0,0,,66715390,98304280,1.39,33.3,,virtual_dummy.xlsx,L49_현금여력·구매대금,2026-10-05T01:15
PH_DUMMY_01,2026-09-27,66715390,0,0,0,0,0,,66715390,98304280,1.39,33.3,,virtual_dummy.xlsx,L49_현금여력·구매대금,2026-10-05T01:15
PH_DUMMY_01,2026-09-28,66715390,248040,1964860,10337070,0,0,,79265360,105304630,1.49,39.6,,virtual_dummy.xlsx,L49_현금여력·구매대금,2026-10-05T01:15
PH_DUMMY_01,2026-09-29,79265360,115690,0,0,0,0,,79381050,105652550,1.49,39.7,,virtual_dummy.xlsx,L49_현금여력·구매대금,2026-10-05T01:15
PH_DUMMY_01,2026-09-30,79381050,147670,1389420,0,47189770,8000000,대표 인출,25728370,58401270,0.83,11.9,,virtual_dummy.xlsx,L49_현금여력·구매대금,2026-10-05T01:15
PH_DUMMY_01,2026-10-01,25728370,174500,648030,0,0,0,,26550890,59054590,0.84,12.3,,virtual_dummy.xlsx,L49_현금여력·구매대금,2026-10-05T01:15
PH_DUMMY_01,2026-10-02,26550890,199500,827200,0,0,2640000,임대료,24937590,59805750,0.85,11.1,,virtual_dummy.xlsx,L49_현금여력·구매대금,2026-10-05T01:15
PH_DUMMY_01,2026-10-03,24937590,0,0,0,0,0,,24937590,59805750,0.85,11.1,,virtual_dummy.xlsx,L49_현금여력·구매대금,2026-10-05T01:15
PH_DUMMY_01,2026-10-04,24937590,0,0,0,0,0,,24937590,59805750,0.85,11.5,,virtual_dummy.xlsx,L49_현금여력·구매대금,2026-10-05T01:15
PH_DUMMY_01,2026-10-05,24937590,0,0,10332200,0,0,,35269790,59805750,0.85,16.3,,virtual_dummy.xlsx,L49_현금여력·구매대금,2026-10-05T01:15
PH_DUMMY_01,2026-10-06,35269790,119060,2094940,0,0,0,,37483790,67330920,0.95,17.3,,virtual_dummy.xlsx,L49_현금여력·구매대금,2026-10-05T01:15
PH_DUMMY_01,2026-10-07,37483790,152630,0,0,0,0,,37636420,67804080,0.96,17.4,,virtual_dummy.xlsx,L49_현금여력·구매대금,2026-10-05T01:15
PH_DUMMY_01,2026-10-08,37636420,154280,666920,0,1612870,3400000,급여,33444750,66859640,0.95,14.4,,virtual_dummy.xlsx,L49_현금여력·구매대금,2026-10-05T01:15
PH_DUMMY_01,2026-10-09,33444750,0,0,0,0,0,,33444750,66859640,0.95,14.4,,virtual_dummy.xlsx,L49_현금여력·구매대금,2026-10-05T01:15
PH_DUMMY_01,2026-10-10,33444750,126000,0,0,0,0,,33570740,67263830,0.95,15.6,,virtual_dummy.xlsx,L49_현금여력·구매대금,2026-10-05T01:15
PH_DUMMY_01,2026-10-11,33570740,0,0,0,0,0,,33570740,67263830,0.95,15.6,,virtual_dummy.xlsx,L49_현금여력·구매대금,2026-10-05T01:15
PH_DUMMY_01,2026-10-12,33570740,185250,2424920,7209010,0,0,,43389930,73784000,1.04,20.2,,virtual_dummy.xlsx,L49_현금여력·구매대금,2026-10-05T01:15
PH_DUMMY_01,2026-10-13,43389930,205680,0,0,0,0,,43595610,74599200,1.05,20.3,,virtual_dummy.xlsx,L49_현금여력·구매대금,2026-10-05T01:15
PH_DUMMY_01,2026-10-14,43595610,155300,1037700,0,0,0,,44788610,75171440,1.06,20.8,,virtual_dummy.xlsx,L49_현금여력·구매대금,2026-10-05T01:15
PH_DUMMY_01,2026-10-15,44788610,233670,1152140,0,0,0,,46174420,76121250,1.08,21.5,,virtual_dummy.xlsx,L49_현금여력·구매대금,2026-10-05T01:15
PH_DUMMY_01,2026-10-16,46174420,219770,869890,0,0,0,,47264090,76993040,1.09,22,,virtual_dummy.xlsx,L49_현금여력·구매대금,2026-10-05T01:15
PH_DUMMY_01,2026-10-17,47264090,121270,0,0,0,0,,47385360,77306600,1.09,22,,virtual_dummy.xlsx,L49_현금여력·구매대금,2026-10-05T01:15
PH_DUMMY_01,2026-10-18,47385360,0,0,0,0,0,,47385360,77306600,1.09,22.2,,virtual_dummy.xlsx,L49_현금여력·구매대금,2026-10-05T01:15
PH_DUMMY_01,2026-10-19,47385360,165500,3219260,10020110,0,0,,60790230,87832930,1.24,28.5,,virtual_dummy.xlsx,L49_현금여력·구매대금,2026-10-05T01:15
PH_DUMMY_01,2026-10-20,60790230,159590,0,0,0,505000,관리비·공과금·청구SW,60444820,88436200,1.25,28.1,,virtual_dummy.xlsx,L49_현금여력·구매대금,2026-10-05T01:15
PH_DUMMY_01,2026-10-21,60444820,147360,927070,0,0,0,,61519250,89052310,1.26,28.6,,virtual_dummy.xlsx,L49_현금여력·구매대금,2026-10-05T01:15
PH_DUMMY_01,2026-10-22,61519250,137750,893940,0,0,0,,62550940,89537700,1.27,29.1,,virtual_dummy.xlsx,L49_현금여력·구매대금,2026-10-05T01:15
PH_DUMMY_01,2026-10-23,62550940,225630,825420,0,0,1200000,기타 운영비(약포지·소모품·기장·보험·통신),62401990,90411890,1.28,29,,virtual_dummy.xlsx,L49_현금여력·구매대금,2026-10-05T01:15
PH_DUMMY_01,2026-10-24,62401990,89270,0,0,0,0,,62491250,90620060,1.28,29,,virtual_dummy.xlsx,L49_현금여력·구매대금,2026-10-05T01:15
PH_DUMMY_01,2026-10-25,62491250,0,0,0,0,0,,62491250,90620060,1.28,29,,virtual_dummy.xlsx,L49_현금여력·구매대금,2026-10-05T01:15
PH_DUMMY_01,2026-10-26,62491250,172720,2535500,6210960,0,0,,71410440,100853510,1.43,33.2,,virtual_dummy.xlsx,L49_현금여력·구매대금,2026-10-05T01:15
PH_DUMMY_01,2026-10-27,71410440,164100,0,0,0,0,,71574540,101558040,1.44,33.3,,virtual_dummy.xlsx,L49_현금여력·구매대금,2026-10-05T01:15
PH_DUMMY_01,2026-10-28,71574540,113360,967490,0,0,0,,72655390,102077280,1.44,33.8,,virtual_dummy.xlsx,L49_현금여력·구매대금,2026-10-05T01:15
PH_DUMMY_01,2026-10-29,72655390,251490,919220,0,0,0,,73826100,103078200,1.46,34.3,,virtual_dummy.xlsx,L49_현금여력·구매대금,2026-10-05T01:15
PH_DUMMY_01,2026-10-30,73826100,211480,634970,0,45148210,8000000,대표 인출,21524330,58277600,0.82,10.3,,virtual_dummy.xlsx,L49_현금여력·구매대금,2026-10-05T01:15
PH_DUMMY_01,2026-10-31,21524330,130250,0,0,0,0,,21654580,58643400,0.83,10.4,,virtual_dummy.xlsx,L49_현금여력·구매대금,2026-10-05T01:15
PH_DUMMY_01,2026-11-01,21654580,0,0,0,0,0,,21654580,58643400,0.83,10.9,,virtual_dummy.xlsx,L49_현금여력·구매대금,2026-10-05T01:15
PH_DUMMY_01,2026-11-02,21654580,205660,3322890,12811760,0,0,,37994890,70249620,0.99,19,,virtual_dummy.xlsx,L49_현금여력·구매대금,2026-10-05T01:15
PH_DUMMY_01,2026-11-03,37994890,188820,0,0,0,0,,38183710,70872090,1,19.1,,virtual_dummy.xlsx,L49_현금여력·구매대금,2026-10-05T01:15
PH_DUMMY_01,2026-11-04,38183710,207070,1152010,0,0,0,,39542800,71777340,1.02,19.8,,virtual_dummy.xlsx,L49_현금여력·구매대금,2026-10-05T01:15
PH_DUMMY_01,2026-11-05,39542800,192180,1057660,0,0,2640000,임대료,38152640,72467730,1.02,18.3,,virtual_dummy.xlsx,L49_현금여력·구매대금,2026-10-05T01:15
PH_DUMMY_01,2026-11-06,38152640,210390,1159910,0,0,0,,39522940,73350870,1.04,19,,virtual_dummy.xlsx,L49_현금여력·구매대금,2026-10-05T01:15
PH_DUMMY_01,2026-11-07,39522940,136420,0,0,0,0,,39659360,73874140,1.04,20.7,,virtual_dummy.xlsx,L49_현금여력·구매대금,2026-10-05T01:15
PH_DUMMY_01,2026-11-08,39659360,0,0,0,0,0,,39659360,73874140,1.04,20.7,,virtual_dummy.xlsx,L49_현금여력·구매대금,2026-10-05T01:15
PH_DUMMY_01,2026-11-09,39659360,188800,3019150,10270520,0,0,,53137820,85042680,1.2,27.7,,virtual_dummy.xlsx,L49_현금여력·구매대금,2026-10-05T01:15
PH_DUMMY_01,2026-11-10,53137820,172810,0,0,1591540,3400000,급여,48319090,84107430,1.19,23.2,,virtual_dummy.xlsx,L49_현금여력·구매대금,2026-10-05T01:15
PH_DUMMY_01,2026-11-11,48319090,121920,1057540,0,0,0,,49498560,84512880,1.2,23.8,,virtual_dummy.xlsx,L49_현금여력·구매대금,2026-10-05T01:15
PH_DUMMY_01,2026-11-12,49498560,192390,968000,0,0,0,,50658950,85380390,1.21,24.3,,virtual_dummy.xlsx,L49_현금여력·구매대금,2026-10-05T01:15
PH_DUMMY_01,2026-11-13,50658950,235660,682920,0,0,0,,51577520,86209440,1.22,24.8,,virtual_dummy.xlsx,L49_현금여력·구매대금,2026-10-05T01:15
PH_DUMMY_01,2026-11-14,51577520,113250,0,0,0,0,,51690770,86595150,1.22,24.8,,virtual_dummy.xlsx,L49_현금여력·구매대금,2026-10-05T01:15
PH_DUMMY_01,2026-11-15,51690770,0,0,0,0,0,,51690770,86595150,1.22,24.8,,virtual_dummy.xlsx,L49_현금여력·구매대금,2026-10-05T01:15
PH_DUMMY_01,2026-11-16,51690770,209480,3032080,12935530,0,0,,67867870,98360610,1.39,32.6,,virtual_dummy.xlsx,L49_현금여력·구매대금,2026-10-05T01:15
PH_DUMMY_01,2026-11-17,67867870,197960,0,0,0,0,,68065830,99191530,1.4,32.7,,virtual_dummy.xlsx,L49_현금여력·구매대금,2026-10-05T01:15
PH_DUMMY_01,2026-11-18,68065830,153620,1173430,0,0,0,,69392880,99815320,1.41,33.3,,virtual_dummy.xlsx,L49_현금여력·구매대금,2026-10-05T01:15
PH_DUMMY_01,2026-11-19,69392880,236980,1108890,0,0,0,,70738750,100626850,1.42,34.2,,virtual_dummy.xlsx,L49_현금여력·구매대금,2026-10-05T01:15
PH_DUMMY_01,2026-11-20,70738750,212970,860480,0,0,505000,관리비·공과금·청구SW,71307210,101372050,1.43,34.2,,virtual_dummy.xlsx,L49_현금여력·구매대금,2026-10-05T01:15
PH_DUMMY_01,2026-11-21,71307210,120650,0,0,0,0,,71427860,101861770,1.44,34.3,,virtual_dummy.xlsx,L49_현금여력·구매대금,2026-10-05T01:15
PH_DUMMY_01,2026-11-22,71427860,0,0,0,0,0,,71427860,101861770,1.44,35,,virtual_dummy.xlsx,L49_현금여력·구매대금,2026-10-05T01:15
PH_DUMMY_01,2026-11-23,71427860,267360,3196260,13337070,0,0,,88228550,114425490,1.62,43.2,,virtual_dummy.xlsx,L49_현금여력·구매대금,2026-10-05T01:15
PH_DUMMY_01,2026-11-24,88228550,200220,0,0,0,0,,88428770,115045840,1.63,43.3,,virtual_dummy.xlsx,L49_현금여력·구매대금,2026-10-05T01:15
PH_DUMMY_01,2026-11-25,88428770,191690,1497600,0,0,1200000,기타 운영비(약포지·소모품·기장·보험·통신),88918060,115793170,1.64,42.7,,virtual_dummy.xlsx,L49_현금여력·구매대금,2026-10-05T01:15
PH_DUMMY_01,2026-11-26,88918060,206420,1121540,0,0,0,,90246010,116442410,1.65,43.3,,virtual_dummy.xlsx,L49_현금여력·구매대금,2026-10-05T01:15
PH_DUMMY_01,2026-11-27,90246010,204640,1073750,0,0,0,,91524400,117213240,1.66,43.9,,virtual_dummy.xlsx,L49_현금여력·구매대금,2026-10-05T01:15
PH_DUMMY_01,2026-11-28,91524400,201360,0,0,0,0,,91725760,117883800,1.67,44,,virtual_dummy.xlsx,L49_현금여력·구매대금,2026-10-05T01:15
PH_DUMMY_01,2026-11-29,91725760,0,0,0,0,0,,91725760,117883800,1.67,294.7,,virtual_dummy.xlsx,L49_현금여력·구매대금,2026-10-05T01:15
PH_DUMMY_01,2026-11-30,91725760,216170,3430480,11998250,45603680,8000000,대표 인출,53766980,83117920,1.18,25.6,,virtual_dummy.xlsx,L49_현금여력·구매대금,2026-10-05T01:15
PH_DUMMY_01,2026-12-01,53766980,224020,0,0,0,0,,53991010,83854210,1.19,25.7,,virtual_dummy.xlsx,L49_현금여력·구매대금,2026-10-05T01:15
PH_DUMMY_01,2026-12-02,53991010,163350,1210890,0,0,0,,55365240,84411890,1.19,26.4,,virtual_dummy.xlsx,L49_현금여력·구매대금,2026-10-05T01:15
PH_DUMMY_01,2026-12-03,55365240,188780,1254860,0,0,0,,56808880,85081550,1.2,27.1,,virtual_dummy.xlsx,L49_현금여력·구매대금,2026-10-05T01:15
PH_DUMMY_01,2026-12-04,56808880,277290,914990,0,0,2640000,임대료,55361160,86086070,1.22,25.3,,virtual_dummy.xlsx,L49_현금여력·구매대금,2026-10-05T01:15
PH_DUMMY_01,2026-12-05,55361160,191760,0,0,0,0,,55552930,86804960,1.23,26.5,,virtual_dummy.xlsx,L49_현금여력·구매대금,2026-10-05T01:15
PH_DUMMY_01,2026-12-06,55552930,0,0,0,0,0,,55552930,86804960,1.23,26.5,,virtual_dummy.xlsx,L49_현금여력·구매대금,2026-10-05T01:15
PH_DUMMY_01,2026-12-07,55552930,264540,3684850,13545800,0,0,,73048120,100897940,1.43,34.8,,virtual_dummy.xlsx,L49_현금여력·구매대금,2026-10-05T01:15
PH_DUMMY_01,2026-12-08,73048120,222920,0,0,0,0,,73271030,101553850,1.44,34.9,,virtual_dummy.xlsx,L49_현금여력·구매대금,2026-10-05T01:15
PH_DUMMY_01,2026-12-09,73271030,191850,1481840,0,0,0,,74944730,102289140,1.45,35.7,,virtual_dummy.xlsx,L49_현금여력·구매대금,2026-10-05T01:15
PH_DUMMY_01,2026-12-10,74944730,220910,1248670,0,2309470,3400000,급여,70704840,100850260,1.43,33.3,,virtual_dummy.xlsx,L49_현금여력·구매대금,2026-10-05T01:15
PH_DUMMY_01,2026-12-11,70704840,212150,1074650,0,0,0,,71991640,101608940,1.44,33.9,,virtual_dummy.xlsx,L49_현금여력·구매대금,2026-10-05T01:15
PH_DUMMY_01,2026-12-12,71991640,149080,0,0,0,0,,72140730,102009340,1.44,34,,virtual_dummy.xlsx,L49_현금여력·구매대금,2026-10-05T01:15
PH_DUMMY_01,2026-12-13,72140730,0,0,0,0,0,,72140730,102009340,1.44,34,,virtual_dummy.xlsx,L49_현금여력·구매대금,2026-10-05T01:15
PH_DUMMY_01,2026-12-14,72140730,225680,3260900,13900060,0,0,,89527370,114837730,1.62,42.2,,virtual_dummy.xlsx,L49_현금여력·구매대금,2026-10-05T01:15
PH_DUMMY_01,2026-12-15,89527370,223070,0,0,0,0,,89750430,115632730,1.64,42.3,,virtual_dummy.xlsx,L49_현금여력·구매대금,2026-10-05T01:15
PH_DUMMY_01,2026-12-16,89750430,175050,1264150,0,0,0,,91189640,116372380,1.65,43,,virtual_dummy.xlsx,L49_현금여력·구매대금,2026-10-05T01:15
PH_DUMMY_01,2026-12-17,91189640,136130,1249510,0,0,0,,92575270,116725570,1.65,43.6,,virtual_dummy.xlsx,L49_현금여력·구매대금,2026-10-05T01:15
PH_DUMMY_01,2026-12-18,92575270,212160,980540,0,0,505000,관리비·공과금·청구SW,93262970,117473620,1.66,43.6,,virtual_dummy.xlsx,L49_현금여력·구매대금,2026-10-05T01:15
PH_DUMMY_01,2026-12-19,93262970,124780,0,0,0,0,,93387750,117876570,1.67,43.7,,virtual_dummy.xlsx,L49_현금여력·구매대금,2026-10-05T01:15
PH_DUMMY_01,2026-12-20,93387750,0,0,0,0,0,,93387750,117876570,1.67,44,,virtual_dummy.xlsx,L49_현금여력·구매대금,2026-10-05T01:15
PH_DUMMY_01,2026-12-21,93387750,290650,2649880,14284800,0,0,,110613090,129944860,1.84,52.1,,virtual_dummy.xlsx,L49_현금여력·구매대금,2026-10-05T01:15
PH_DUMMY_01,2026-12-22,110613090,215900,0,0,0,0,,110828990,130786510,1.85,52.2,,virtual_dummy.xlsx,L49_현금여력·구매대금,2026-10-05T01:15
PH_DUMMY_01,2026-12-23,110828990,148090,1628100,0,0,0,,112605170,131217080,1.86,53.1,,virtual_dummy.xlsx,L49_현금여력·구매대금,2026-10-05T01:15
PH_DUMMY_01,2026-12-24,112605170,282550,1209340,0,0,1450000,"기타 운영비(약포지·소모품·기장·보험·통신), 대체약사 일당",112647060,132268130,1.87,51.9,,virtual_dummy.xlsx,L49_현금여력·구매대금,2026-10-05T01:15
PH_DUMMY_01,2026-12-25,112647060,0,0,0,0,0,,112647060,132268130,1.87,52.9,,virtual_dummy.xlsx,L49_현금여력·구매대금,2026-10-05T01:15
PH_DUMMY_01,2026-12-26,112647060,174550,0,0,0,0,,112821600,132847010,1.88,53,,virtual_dummy.xlsx,L49_현금여력·구매대금,2026-10-05T01:15
PH_DUMMY_01,2026-12-27,112821600,0,0,0,0,0,,112821600,132847010,1.88,53,,virtual_dummy.xlsx,L49_현금여력·구매대금,2026-10-05T01:15
PH_DUMMY_01,2026-12-28,112821600,209340,3389920,14219020,0,0,,130639880,143423520,2.03,61.3,,virtual_dummy.xlsx,L49_현금여력·구매대금,2026-10-05T01:15
PH_DUMMY_01,2026-12-29,130639880,190860,0,0,0,0,,130830730,143994170,2.04,61.4,,virtual_dummy.xlsx,L49_현금여력·구매대금,2026-10-05T01:15
PH_DUMMY_01,2026-12-30,130830730,163760,1172600,0,0,0,,132167090,144494900,2.04,384.8,,virtual_dummy.xlsx,L49_현금여력·구매대금,2026-10-05T01:15
PH_DUMMY_01,2026-12-31,132167090,198940,3100720,0,63749460,8000000,대표 인출,63717290,80752090,1.14,23.3,,virtual_dummy.xlsx,L49_현금여력·구매대금,2026-10-05T01:15
