pharmacy_id,date,rx_count_internal,rx_count_ent,rx_count_total,avg_rx_days,dispensing_fee_total_krw,drug_cost_total_krw,rx_total_krw,dispensing_fee_per_rx_krw,rx_total_per_rx_krw,copay_krw,insurer_paid_krw,source_file,source_sheet,generated_at
PH_DUMMY_01,2026-01-01,0,0,0,0,0,0,0,0,0,0,0,virtual_dummy.xlsx,L45_처방건수·조제료,2026-10-05T01:15
PH_DUMMY_01,2026-01-02,59,67,126,11.8,1081200,2991370,4072570,8581,32322,1221770,2850800,virtual_dummy.xlsx,L45_처방건수·조제료,2026-10-05T01:15
PH_DUMMY_01,2026-01-03,30,31,61,13,531920,1506760,2038680,8720,33421,611600,1427080,virtual_dummy.xlsx,L45_처방건수·조제료,2026-10-05T01:15
PH_DUMMY_01,2026-01-04,0,0,0,0,0,0,0,0,0,0,0,virtual_dummy.xlsx,L45_처방건수·조제료,2026-10-05T01:15
PH_DUMMY_01,2026-01-05,35,55,90,11.1,760200,2198460,2958660,8447,32874,887600,2071060,virtual_dummy.xlsx,L45_처방건수·조제료,2026-10-05T01:15
PH_DUMMY_01,2026-01-06,45,31,76,17.1,701460,3004670,3706130,9230,48765,1111840,2594290,virtual_dummy.xlsx,L45_처방건수·조제료,2026-10-05T01:15
PH_DUMMY_01,2026-01-07,35,26,61,13.1,537260,1394920,1932180,8808,31675,579650,1352530,virtual_dummy.xlsx,L45_처방건수·조제료,2026-10-05T01:15
PH_DUMMY_01,2026-01-08,33,48,81,11.3,689260,1743170,2432430,8509,30030,729730,1702700,virtual_dummy.xlsx,L45_처방건수·조제료,2026-10-05T01:15
PH_DUMMY_01,2026-01-09,43,55,98,12.3,832960,2482000,3314960,8500,33826,994490,2320470,virtual_dummy.xlsx,L45_처방건수·조제료,2026-10-05T01:15
PH_DUMMY_01,2026-01-10,22,29,51,11.2,430140,1482170,1912310,8434,37496,573690,1338620,virtual_dummy.xlsx,L45_처방건수·조제료,2026-10-05T01:15
PH_DUMMY_01,2026-01-11,0,0,0,0,0,0,0,0,0,0,0,virtual_dummy.xlsx,L45_처방건수·조제료,2026-10-05T01:15
PH_DUMMY_01,2026-01-12,53,47,100,15.5,905320,3038050,3943370,9053,39434,1183010,2760360,virtual_dummy.xlsx,L45_처방건수·조제료,2026-10-05T01:15
PH_DUMMY_01,2026-01-13,31,48,79,10.9,668480,1868510,2536990,8462,32114,761100,1775890,virtual_dummy.xlsx,L45_처방건수·조제료,2026-10-05T01:15
PH_DUMMY_01,2026-01-14,41,29,70,16.4,627080,1783380,2410460,8958,34435,723140,1687320,virtual_dummy.xlsx,L45_처방건수·조제료,2026-10-05T01:15
PH_DUMMY_01,2026-01-15,56,32,88,15.7,801880,2837280,3639160,9112,41354,1091750,2547410,virtual_dummy.xlsx,L45_처방건수·조제료,2026-10-05T01:15
PH_DUMMY_01,2026-01-16,49,59,108,12.3,936560,2837190,3773750,8672,34942,1132120,2641630,virtual_dummy.xlsx,L45_처방건수·조제료,2026-10-05T01:15
PH_DUMMY_01,2026-01-17,23,28,51,14.4,449700,1610880,2060580,8818,40404,618170,1442410,virtual_dummy.xlsx,L45_처방건수·조제료,2026-10-05T01:15
PH_DUMMY_01,2026-01-18,0,0,0,0,0,0,0,0,0,0,0,virtual_dummy.xlsx,L45_처방건수·조제료,2026-10-05T01:15
PH_DUMMY_01,2026-01-19,43,1,44,22.5,440840,2012540,2453380,10019,55759,736010,1717370,virtual_dummy.xlsx,L45_처방건수·조제료,2026-10-05T01:15
PH_DUMMY_01,2026-01-20,46,49,95,14.3,838320,2654110,3492430,8824,36762,1047730,2444700,virtual_dummy.xlsx,L45_처방건수·조제료,2026-10-05T01:15
PH_DUMMY_01,2026-01-21,55,12,67,17.6,634400,2094340,2728740,9469,40727,818620,1910120,virtual_dummy.xlsx,L45_처방건수·조제료,2026-10-05T01:15
PH_DUMMY_01,2026-01-22,34,39,73,13.7,634960,2088910,2723870,8698,37313,817160,1906710,virtual_dummy.xlsx,L45_처방건수·조제료,2026-10-05T01:15
PH_DUMMY_01,2026-01-23,47,41,88,13.2,775220,2791230,3566450,8809,40528,1069940,2496510,virtual_dummy.xlsx,L45_처방건수·조제료,2026-10-05T01:15
PH_DUMMY_01,2026-01-24,36,18,54,17,501220,1535390,2036610,9282,37715,610980,1425630,virtual_dummy.xlsx,L45_처방건수·조제료,2026-10-05T01:15
PH_DUMMY_01,2026-01-25,0,0,0,0,0,0,0,0,0,0,0,virtual_dummy.xlsx,L45_처방건수·조제료,2026-10-05T01:15
PH_DUMMY_01,2026-01-26,55,26,81,17.1,749820,2464300,3214120,9257,39680,964240,2249880,virtual_dummy.xlsx,L45_처방건수·조제료,2026-10-05T01:15
PH_DUMMY_01,2026-01-27,40,38,78,12.7,680380,1881790,2562170,8723,32848,768650,1793520,virtual_dummy.xlsx,L45_처방건수·조제료,2026-10-05T01:15
PH_DUMMY_01,2026-01-28,35,11,46,15.4,421240,1558990,1980230,9157,43048,594070,1386160,virtual_dummy.xlsx,L45_처방건수·조제료,2026-10-05T01:15
PH_DUMMY_01,2026-01-29,43,22,65,15.6,587560,2297450,2885010,9039,44385,865500,2019510,virtual_dummy.xlsx,L45_처방건수·조제료,2026-10-05T01:15
PH_DUMMY_01,2026-01-30,35,34,69,12.1,599320,1570850,2170170,8686,31452,651050,1519120,virtual_dummy.xlsx,L45_처방건수·조제료,2026-10-05T01:15
PH_DUMMY_01,2026-01-31,29,22,51,14.7,457000,1359980,1816980,8961,35627,545090,1271890,virtual_dummy.xlsx,L45_처방건수·조제료,2026-10-05T01:15
PH_DUMMY_01,2026-02-01,0,0,0,0,0,0,0,0,0,0,0,virtual_dummy.xlsx,L45_처방건수·조제료,2026-10-05T01:15
PH_DUMMY_01,2026-02-02,60,43,103,15.5,933320,3670660,4603980,9061,44699,1381190,3222790,virtual_dummy.xlsx,L45_처방건수·조제료,2026-10-05T01:15
PH_DUMMY_01,2026-02-03,23,25,48,10.7,403000,950530,1353530,8396,28199,406060,947470,virtual_dummy.xlsx,L45_처방건수·조제료,2026-10-05T01:15
PH_DUMMY_01,2026-02-04,29,16,45,16.2,421680,1743320,2165000,9371,48111,649500,1515500,virtual_dummy.xlsx,L45_처방건수·조제료,2026-10-05T01:15
PH_DUMMY_01,2026-02-05,40,37,77,13.1,685640,2094090,2779730,8904,36100,833920,1945810,virtual_dummy.xlsx,L45_처방건수·조제료,2026-10-05T01:15
PH_DUMMY_01,2026-02-06,46,25,71,18.7,669520,3083270,3752790,9430,52856,1125840,2626950,virtual_dummy.xlsx,L45_처방건수·조제료,2026-10-05T01:15
PH_DUMMY_01,2026-02-07,27,21,48,15.7,429180,1411850,1841030,8941,38355,552310,1288720,virtual_dummy.xlsx,L45_처방건수·조제료,2026-10-05T01:15
PH_DUMMY_01,2026-02-08,0,0,0,0,0,0,0,0,0,0,0,virtual_dummy.xlsx,L45_처방건수·조제료,2026-10-05T01:15
PH_DUMMY_01,2026-02-09,31,30,61,14.2,540100,1717350,2257450,8854,37007,677240,1580210,virtual_dummy.xlsx,L45_처방건수·조제료,2026-10-05T01:15
PH_DUMMY_01,2026-02-10,30,42,72,10,596200,1296210,1892410,8281,26283,567720,1324690,virtual_dummy.xlsx,L45_처방건수·조제료,2026-10-05T01:15
PH_DUMMY_01,2026-02-11,44,17,61,15.8,567940,2014640,2582580,9310,42337,774770,1807810,virtual_dummy.xlsx,L45_처방건수·조제료,2026-10-05T01:15
PH_DUMMY_01,2026-02-12,30,26,56,16.4,513480,1889340,2402820,9169,42908,720850,1681970,virtual_dummy.xlsx,L45_처방건수·조제료,2026-10-05T01:15
PH_DUMMY_01,2026-02-13,30,13,43,19.3,410600,1675650,2086250,9549,48517,625880,1460370,virtual_dummy.xlsx,L45_처방건수·조제료,2026-10-05T01:15
PH_DUMMY_01,2026-02-14,43,22,65,16.8,596560,2072430,2668990,9178,41061,800700,1868290,virtual_dummy.xlsx,L45_처방건수·조제료,2026-10-05T01:15
PH_DUMMY_01,2026-02-15,0,0,0,0,0,0,0,0,0,0,0,virtual_dummy.xlsx,L45_처방건수·조제료,2026-10-05T01:15
PH_DUMMY_01,2026-02-16,0,0,0,0,0,0,0,0,0,0,0,virtual_dummy.xlsx,L45_처방건수·조제료,2026-10-05T01:15
PH_DUMMY_01,2026-02-17,0,0,0,0,0,0,0,0,0,0,0,virtual_dummy.xlsx,L45_처방건수·조제료,2026-10-05T01:15
PH_DUMMY_01,2026-02-18,0,0,0,0,0,0,0,0,0,0,0,virtual_dummy.xlsx,L45_처방건수·조제료,2026-10-05T01:15
PH_DUMMY_01,2026-02-19,53,24,77,16.1,702320,2263050,2965370,9121,38511,889610,2075760,virtual_dummy.xlsx,L45_처방건수·조제료,2026-10-05T01:15
PH_DUMMY_01,2026-02-20,41,28,69,17.6,639380,2573550,3212930,9266,46564,963880,2249050,virtual_dummy.xlsx,L45_처방건수·조제료,2026-10-05T01:15
PH_DUMMY_01,2026-02-21,39,13,52,15.5,480380,1366540,1846920,9238,35518,554080,1292840,virtual_dummy.xlsx,L45_처방건수·조제료,2026-10-05T01:15
PH_DUMMY_01,2026-02-22,0,0,0,0,0,0,0,0,0,0,0,virtual_dummy.xlsx,L45_처방건수·조제료,2026-10-05T01:15
PH_DUMMY_01,2026-02-23,48,30,78,14.8,695500,2261120,2956620,8917,37905,886990,2069630,virtual_dummy.xlsx,L45_처방건수·조제료,2026-10-05T01:15
PH_DUMMY_01,2026-02-24,20,24,44,10.5,360180,970370,1330550,8186,30240,399160,931390,virtual_dummy.xlsx,L45_처방건수·조제료,2026-10-05T01:15
PH_DUMMY_01,2026-02-25,41,22,63,16.1,577240,2227550,2804790,9163,44520,841440,1963350,virtual_dummy.xlsx,L45_처방건수·조제료,2026-10-05T01:15
PH_DUMMY_01,2026-02-26,45,34,79,14.1,697380,2233860,2931240,8828,37104,879370,2051870,virtual_dummy.xlsx,L45_처방건수·조제료,2026-10-05T01:15
PH_DUMMY_01,2026-02-27,43,25,68,15.5,618520,1968060,2586580,9096,38038,775970,1810610,virtual_dummy.xlsx,L45_처방건수·조제료,2026-10-05T01:15
PH_DUMMY_01,2026-02-28,37,25,62,19.7,593620,2394310,2987930,9575,48192,896380,2091550,virtual_dummy.xlsx,L45_처방건수·조제료,2026-10-05T01:15
PH_DUMMY_01,2026-03-01,0,0,0,0,0,0,0,0,0,0,0,virtual_dummy.xlsx,L45_처방건수·조제료,2026-10-05T01:15
PH_DUMMY_01,2026-03-02,0,0,0,0,0,0,0,0,0,0,0,virtual_dummy.xlsx,L45_처방건수·조제료,2026-10-05T01:15
PH_DUMMY_01,2026-03-03,68,37,105,15.9,968140,3198950,4167090,9220,39687,1250130,2916960,virtual_dummy.xlsx,L45_처방건수·조제료,2026-10-05T01:15
PH_DUMMY_01,2026-03-04,20,18,38,14.6,338520,1282900,1621420,8908,42669,486430,1134990,virtual_dummy.xlsx,L45_처방건수·조제료,2026-10-05T01:15
PH_DUMMY_01,2026-03-05,39,34,73,14.3,638840,2296140,2934980,8751,40205,880490,2054490,virtual_dummy.xlsx,L45_처방건수·조제료,2026-10-05T01:15
PH_DUMMY_01,2026-03-06,37,34,71,14.5,639980,2042980,2682960,9014,37788,804890,1878070,virtual_dummy.xlsx,L45_처방건수·조제료,2026-10-05T01:15
PH_DUMMY_01,2026-03-07,25,30,55,11.8,462920,1262480,1725400,8417,31371,517620,1207780,virtual_dummy.xlsx,L45_처방건수·조제료,2026-10-05T01:15
PH_DUMMY_01,2026-03-08,0,0,0,0,0,0,0,0,0,0,0,virtual_dummy.xlsx,L45_처방건수·조제료,2026-10-05T01:15
PH_DUMMY_01,2026-03-09,71,29,100,17,927660,3481240,4408900,9277,44089,1322670,3086230,virtual_dummy.xlsx,L45_처방건수·조제료,2026-10-05T01:15
PH_DUMMY_01,2026-03-10,37,48,85,11.5,715880,1932090,2647970,8422,31153,794390,1853580,virtual_dummy.xlsx,L45_처방건수·조제료,2026-10-05T01:15
PH_DUMMY_01,2026-03-11,26,11,37,14.5,333140,1042490,1375630,9004,37179,412690,962940,virtual_dummy.xlsx,L45_처방건수·조제료,2026-10-05T01:15
PH_DUMMY_01,2026-03-12,55,39,94,17.8,862340,3342700,4205040,9174,44734,1261510,2943530,virtual_dummy.xlsx,L45_처방건수·조제료,2026-10-05T01:15
PH_DUMMY_01,2026-03-13,56,41,97,15.1,880920,3325590,4206510,9082,43366,1261950,2944560,virtual_dummy.xlsx,L45_처방건수·조제료,2026-10-05T01:15
PH_DUMMY_01,2026-03-14,35,17,52,12.5,452140,1358180,1810320,8695,34814,543100,1267220,virtual_dummy.xlsx,L45_처방건수·조제료,2026-10-05T01:15
PH_DUMMY_01,2026-03-15,0,0,0,0,0,0,0,0,0,0,0,virtual_dummy.xlsx,L45_처방건수·조제료,2026-10-05T01:15
PH_DUMMY_01,2026-03-16,30,25,55,12.9,476880,1194730,1671610,8671,30393,501480,1170130,virtual_dummy.xlsx,L45_처방건수·조제료,2026-10-05T01:15
PH_DUMMY_01,2026-03-17,43,24,67,15.5,601520,2164740,2766260,8978,41287,829880,1936380,virtual_dummy.xlsx,L45_처방건수·조제료,2026-10-05T01:15
PH_DUMMY_01,2026-03-18,50,13,63,18.6,598340,2492610,3090950,9497,49063,927280,2163670,virtual_dummy.xlsx,L45_처방건수·조제료,2026-10-05T01:15
PH_DUMMY_01,2026-03-19,36,28,64,13.9,564140,1920200,2484340,8815,38818,745300,1739040,virtual_dummy.xlsx,L45_처방건수·조제료,2026-10-05T01:15
PH_DUMMY_01,2026-03-20,38,14,52,18,486060,2095920,2581980,9347,49653,774590,1807390,virtual_dummy.xlsx,L45_처방건수·조제료,2026-10-05T01:15
PH_DUMMY_01,2026-03-21,32,22,54,18,505300,1833280,2338580,9357,43307,701570,1637010,virtual_dummy.xlsx,L45_처방건수·조제료,2026-10-05T01:15
PH_DUMMY_01,2026-03-22,0,0,0,0,0,0,0,0,0,0,0,virtual_dummy.xlsx,L45_처방건수·조제료,2026-10-05T01:15
PH_DUMMY_01,2026-03-23,50,34,84,13.6,749460,2522970,3272430,8922,38958,981730,2290700,virtual_dummy.xlsx,L45_처방건수·조제료,2026-10-05T01:15
PH_DUMMY_01,2026-03-24,38,30,68,15.4,616380,2151080,2767460,9064,40698,830240,1937220,virtual_dummy.xlsx,L45_처방건수·조제료,2026-10-05T01:15
PH_DUMMY_01,2026-03-25,25,14,39,15.9,362720,1156070,1518790,9301,38943,455640,1063150,virtual_dummy.xlsx,L45_처방건수·조제료,2026-10-05T01:15
PH_DUMMY_01,2026-03-26,47,26,73,19.4,687300,3175220,3862520,9415,52911,1158760,2703760,virtual_dummy.xlsx,L45_처방건수·조제료,2026-10-05T01:15
PH_DUMMY_01,2026-03-27,32,20,52,18.1,486320,2019160,2505480,9352,48182,751640,1753840,virtual_dummy.xlsx,L45_처방건수·조제료,2026-10-05T01:15
PH_DUMMY_01,2026-03-28,24,16,40,14.7,365260,1030390,1395650,9132,34891,418700,976950,virtual_dummy.xlsx,L45_처방건수·조제료,2026-10-05T01:15
PH_DUMMY_01,2026-03-29,0,0,0,0,0,0,0,0,0,0,0,virtual_dummy.xlsx,L45_처방건수·조제료,2026-10-05T01:15
PH_DUMMY_01,2026-03-30,50,30,80,15.5,721440,2312970,3034410,9018,37930,910320,2124090,virtual_dummy.xlsx,L45_처방건수·조제료,2026-10-05T01:15
PH_DUMMY_01,2026-03-31,44,19,63,14.2,565160,2003010,2568170,8971,40765,770450,1797720,virtual_dummy.xlsx,L45_처방건수·조제료,2026-10-05T01:15
PH_DUMMY_01,2026-04-01,23,21,44,14,393480,1324350,1717830,8943,39042,515350,1202480,virtual_dummy.xlsx,L45_처방건수·조제료,2026-10-05T01:15
PH_DUMMY_01,2026-04-02,40,26,66,15.8,601220,2161360,2762580,9109,41857,828770,1933810,virtual_dummy.xlsx,L45_처방건수·조제료,2026-10-05T01:15
PH_DUMMY_01,2026-04-03,57,30,87,16.7,801820,3363780,4165600,9216,47880,1249680,2915920,virtual_dummy.xlsx,L45_처방건수·조제료,2026-10-05T01:15
PH_DUMMY_01,2026-04-04,28,13,41,17.4,385440,1534100,1919540,9401,46818,575860,1343680,virtual_dummy.xlsx,L45_처방건수·조제료,2026-10-05T01:15
PH_DUMMY_01,2026-04-05,0,0,0,0,0,0,0,0,0,0,0,virtual_dummy.xlsx,L45_처방건수·조제료,2026-10-05T01:15
PH_DUMMY_01,2026-04-06,58,42,100,15.4,902220,3553800,4456020,9022,44560,1336810,3119210,virtual_dummy.xlsx,L45_처방건수·조제료,2026-10-05T01:15
PH_DUMMY_01,2026-04-07,40,30,70,14.3,616600,1951780,2568380,8809,36691,770510,1797870,virtual_dummy.xlsx,L45_처방건수·조제료,2026-10-05T01:15
PH_DUMMY_01,2026-04-08,55,13,68,18.1,648580,2769630,3418210,9538,50268,1025460,2392750,virtual_dummy.xlsx,L45_처방건수·조제료,2026-10-05T01:15
PH_DUMMY_01,2026-04-09,44,17,61,16.6,565340,1997700,2563040,9268,42017,768910,1794130,virtual_dummy.xlsx,L45_처방건수·조제료,2026-10-05T01:15
PH_DUMMY_01,2026-04-10,22,22,44,12.7,380100,1202860,1582960,8639,35976,474890,1108070,virtual_dummy.xlsx,L45_처방건수·조제료,2026-10-05T01:15
PH_DUMMY_01,2026-04-11,24,16,40,14.2,350640,1255420,1606060,8766,40152,481820,1124240,virtual_dummy.xlsx,L45_처방건수·조제료,2026-10-05T01:15
PH_DUMMY_01,2026-04-12,0,0,0,0,0,0,0,0,0,0,0,virtual_dummy.xlsx,L45_처방건수·조제료,2026-10-05T01:15
PH_DUMMY_01,2026-04-13,42,25,67,14.5,598060,1828480,2426540,8926,36217,727960,1698580,virtual_dummy.xlsx,L45_처방건수·조제료,2026-10-05T01:15
PH_DUMMY_01,2026-04-14,46,11,57,19.3,548220,2013940,2562160,9618,44950,768650,1793510,virtual_dummy.xlsx,L45_처방건수·조제료,2026-10-05T01:15
PH_DUMMY_01,2026-04-15,47,6,53,20,511880,2075100,2586980,9658,48811,776090,1810890,virtual_dummy.xlsx,L45_처방건수·조제료,2026-10-05T01:15
PH_DUMMY_01,2026-04-16,25,26,51,13.7,458520,1499270,1957790,8991,38388,587340,1370450,virtual_dummy.xlsx,L45_처방건수·조제료,2026-10-05T01:15
PH_DUMMY_01,2026-04-17,47,30,77,14,675280,2435540,3110820,8770,40400,933250,2177570,virtual_dummy.xlsx,L45_처방건수·조제료,2026-10-05T01:15
PH_DUMMY_01,2026-04-18,39,17,56,18.9,535280,1937690,2472970,9559,44160,741890,1731080,virtual_dummy.xlsx,L45_처방건수·조제료,2026-10-05T01:15
PH_DUMMY_01,2026-04-19,0,0,0,0,0,0,0,0,0,0,0,virtual_dummy.xlsx,L45_처방건수·조제료,2026-10-05T01:15
PH_DUMMY_01,2026-04-20,28,45,73,8.6,592180,1131340,1723520,8112,23610,517060,1206460,virtual_dummy.xlsx,L45_처방건수·조제료,2026-10-05T01:15
PH_DUMMY_01,2026-04-21,50,26,76,15.9,704000,2418850,3122850,9263,41090,936860,2185990,virtual_dummy.xlsx,L45_처방건수·조제료,2026-10-05T01:15
PH_DUMMY_01,2026-04-22,48,13,61,19.9,580380,2206880,2787260,9514,45693,836180,1951080,virtual_dummy.xlsx,L45_처방건수·조제료,2026-10-05T01:15
PH_DUMMY_01,2026-04-23,34,15,49,16.1,454020,1390930,1844950,9266,37652,553480,1291470,virtual_dummy.xlsx,L45_처방건수·조제료,2026-10-05T01:15
PH_DUMMY_01,2026-04-24,32,16,48,13.2,422280,1284610,1706890,8798,35560,512070,1194820,virtual_dummy.xlsx,L45_처방건수·조제료,2026-10-05T01:15
PH_DUMMY_01,2026-04-25,37,9,46,22.3,460420,2354640,2815060,10009,61197,844520,1970540,virtual_dummy.xlsx,L45_처방건수·조제료,2026-10-05T01:15
PH_DUMMY_01,2026-04-26,0,0,0,0,0,0,0,0,0,0,0,virtual_dummy.xlsx,L45_처방건수·조제료,2026-10-05T01:15
PH_DUMMY_01,2026-04-27,53,18,71,18.7,676000,2644400,3320400,9521,46766,996120,2324280,virtual_dummy.xlsx,L45_처방건수·조제료,2026-10-05T01:15
PH_DUMMY_01,2026-04-28,48,15,63,17.6,595500,2169970,2765470,9452,43896,829640,1935830,virtual_dummy.xlsx,L45_처방건수·조제료,2026-10-05T01:15
PH_DUMMY_01,2026-04-29,22,11,33,20.2,315960,1346480,1662440,9575,50377,498730,1163710,virtual_dummy.xlsx,L45_처방건수·조제료,2026-10-05T01:15
PH_DUMMY_01,2026-04-30,24,20,44,20.4,415040,1440620,1855660,9433,42174,556700,1298960,virtual_dummy.xlsx,L45_처방건수·조제료,2026-10-05T01:15
PH_DUMMY_01,2026-05-01,0,0,0,0,0,0,0,0,0,0,0,virtual_dummy.xlsx,L45_처방건수·조제료,2026-10-05T01:15
PH_DUMMY_01,2026-05-02,44,11,55,17.1,519060,1917820,2436880,9437,44307,731060,1705820,virtual_dummy.xlsx,L45_처방건수·조제료,2026-10-05T01:15
PH_DUMMY_01,2026-05-03,0,0,0,0,0,0,0,0,0,0,0,virtual_dummy.xlsx,L45_처방건수·조제료,2026-10-05T01:15
PH_DUMMY_01,2026-05-04,38,16,54,18.9,506040,2218680,2724720,9371,50458,817420,1907300,virtual_dummy.xlsx,L45_처방건수·조제료,2026-10-05T01:15
PH_DUMMY_01,2026-05-05,0,0,0,0,0,0,0,0,0,0,0,virtual_dummy.xlsx,L45_처방건수·조제료,2026-10-05T01:15
PH_DUMMY_01,2026-05-06,42,6,48,19.7,462320,2135780,2598100,9632,54127,779430,1818670,virtual_dummy.xlsx,L45_처방건수·조제료,2026-10-05T01:15
PH_DUMMY_01,2026-05-07,38,17,55,16.3,511940,1865730,2377670,9308,43230,713300,1664370,virtual_dummy.xlsx,L45_처방건수·조제료,2026-10-05T01:15
PH_DUMMY_01,2026-05-08,32,14,46,19.4,444320,1870540,2314860,9659,50323,694460,1620400,virtual_dummy.xlsx,L45_처방건수·조제료,2026-10-05T01:15
PH_DUMMY_01,2026-05-09,27,14,41,18.2,389220,2083630,2472850,9493,60313,741860,1730990,virtual_dummy.xlsx,L45_처방건수·조제료,2026-10-05T01:15
PH_DUMMY_01,2026-05-10,0,0,0,0,0,0,0,0,0,0,0,virtual_dummy.xlsx,L45_처방건수·조제료,2026-10-05T01:15
PH_DUMMY_01,2026-05-11,30,18,48,16.5,442220,1688090,2130310,9213,44381,639090,1491220,virtual_dummy.xlsx,L45_처방건수·조제료,2026-10-05T01:15
PH_DUMMY_01,2026-05-12,31,20,51,16.5,476640,1662480,2139120,9346,41944,641740,1497380,virtual_dummy.xlsx,L45_처방건수·조제료,2026-10-05T01:15
PH_DUMMY_01,2026-05-13,24,18,42,15.2,376460,1487100,1863560,8963,44370,559070,1304490,virtual_dummy.xlsx,L45_처방건수·조제료,2026-10-05T01:15
PH_DUMMY_01,2026-05-14,33,16,49,15.6,444000,1568670,2012670,9061,41075,603800,1408870,virtual_dummy.xlsx,L45_처방건수·조제료,2026-10-05T01:15
PH_DUMMY_01,2026-05-15,42,19,61,19.3,585520,1829540,2415060,9599,39591,724520,1690540,virtual_dummy.xlsx,L45_처방건수·조제료,2026-10-05T01:15
PH_DUMMY_01,2026-05-16,20,7,27,17.9,256140,1148140,1404280,9487,52010,421280,983000,virtual_dummy.xlsx,L45_처방건수·조제료,2026-10-05T01:15
PH_DUMMY_01,2026-05-17,0,0,0,0,0,0,0,0,0,0,0,virtual_dummy.xlsx,L45_처방건수·조제료,2026-10-05T01:15
PH_DUMMY_01,2026-05-18,27,14,41,18.1,387800,1367400,1755200,9459,42810,526560,1228640,virtual_dummy.xlsx,L45_처방건수·조제료,2026-10-05T01:15
PH_DUMMY_01,2026-05-19,31,20,51,19.1,488780,2129890,2618670,9584,51346,785600,1833070,virtual_dummy.xlsx,L45_처방건수·조제료,2026-10-05T01:15
PH_DUMMY_01,2026-05-20,34,15,49,14.4,447200,1328170,1775370,9127,36232,532610,1242760,virtual_dummy.xlsx,L45_처방건수·조제료,2026-10-05T01:15
PH_DUMMY_01,2026-05-21,47,22,69,16.7,653760,2262020,2915780,9475,42258,874730,2041050,virtual_dummy.xlsx,L45_처방건수·조제료,2026-10-05T01:15
PH_DUMMY_01,2026-05-22,50,21,71,15.9,655280,2213180,2868460,9229,40401,860540,2007920,virtual_dummy.xlsx,L45_처방건수·조제료,2026-10-05T01:15
PH_DUMMY_01,2026-05-23,20,17,37,15.6,336760,1199060,1535820,9102,41509,460750,1075070,virtual_dummy.xlsx,L45_처방건수·조제료,2026-10-05T01:15
PH_DUMMY_01,2026-05-24,0,0,0,0,0,0,0,0,0,0,0,virtual_dummy.xlsx,L45_처방건수·조제료,2026-10-05T01:15
PH_DUMMY_01,2026-05-25,0,0,0,0,0,0,0,0,0,0,0,virtual_dummy.xlsx,L45_처방건수·조제료,2026-10-05T01:15
PH_DUMMY_01,2026-05-26,50,24,74,19,701660,2783790,3485450,9482,47101,1045640,2439810,virtual_dummy.xlsx,L45_처방건수·조제료,2026-10-05T01:15
PH_DUMMY_01,2026-05-27,28,10,38,17,353420,1510050,1863470,9301,49039,559040,1304430,virtual_dummy.xlsx,L45_처방건수·조제료,2026-10-05T01:15
PH_DUMMY_01,2026-05-28,32,17,49,14.8,444340,1422460,1866800,9068,38098,560040,1306760,virtual_dummy.xlsx,L45_처방건수·조제료,2026-10-05T01:15
PH_DUMMY_01,2026-05-29,55,1,56,27.5,599840,3276140,3875980,10711,69214,1162790,2713190,virtual_dummy.xlsx,L45_처방건수·조제료,2026-10-05T01:15
PH_DUMMY_01,2026-05-30,20,16,36,11.9,308420,755250,1063670,8567,29546,319100,744570,virtual_dummy.xlsx,L45_처방건수·조제료,2026-10-05T01:15
PH_DUMMY_01,2026-05-31,0,0,0,0,0,0,0,0,0,0,0,virtual_dummy.xlsx,L45_처방건수·조제료,2026-10-05T01:15
PH_DUMMY_01,2026-06-01,45,10,55,20.3,544880,2232130,2777010,9907,50491,833100,1943910,virtual_dummy.xlsx,L45_처방건수·조제료,2026-10-05T01:15
PH_DUMMY_01,2026-06-02,43,27,70,19,658820,3065400,3724220,9412,53203,1117270,2606950,virtual_dummy.xlsx,L45_처방건수·조제료,2026-10-05T01:15
PH_DUMMY_01,2026-06-03,0,0,0,0,0,0,0,0,0,0,0,virtual_dummy.xlsx,L45_처방건수·조제료,2026-10-05T01:15
PH_DUMMY_01,2026-06-04,56,1,57,21.4,559420,2178440,2737860,9814,48033,821360,1916500,virtual_dummy.xlsx,L45_처방건수·조제료,2026-10-05T01:15
PH_DUMMY_01,2026-06-05,35,17,52,19.4,485220,1897820,2383040,9331,45828,714910,1668130,virtual_dummy.xlsx,L45_처방건수·조제료,2026-10-05T01:15
PH_DUMMY_01,2026-06-06,0,0,0,0,0,0,0,0,0,0,0,virtual_dummy.xlsx,L45_처방건수·조제료,2026-10-05T01:15
PH_DUMMY_01,2026-06-07,0,0,0,0,0,0,0,0,0,0,0,virtual_dummy.xlsx,L45_처방건수·조제료,2026-10-05T01:15
PH_DUMMY_01,2026-06-08,41,21,62,15.9,568180,1996790,2564970,9164,41370,769490,1795480,virtual_dummy.xlsx,L45_처방건수·조제료,2026-10-05T01:15
PH_DUMMY_01,2026-06-09,38,0,38,19.6,374160,1444360,1818520,9846,47856,545560,1272960,virtual_dummy.xlsx,L45_처방건수·조제료,2026-10-05T01:15
PH_DUMMY_01,2026-06-10,29,8,37,17,351380,1131440,1482820,9497,40076,444850,1037970,virtual_dummy.xlsx,L45_처방건수·조제료,2026-10-05T01:15
PH_DUMMY_01,2026-06-11,45,17,62,17.4,580700,2101770,2682470,9366,43266,804740,1877730,virtual_dummy.xlsx,L45_처방건수·조제료,2026-10-05T01:15
PH_DUMMY_01,2026-06-12,32,11,43,18.2,403120,1646540,2049660,9375,47667,614900,1434760,virtual_dummy.xlsx,L45_처방건수·조제료,2026-10-05T01:15
PH_DUMMY_01,2026-06-13,30,12,42,13.9,378180,1178480,1556660,9004,37063,467000,1089660,virtual_dummy.xlsx,L45_처방건수·조제료,2026-10-05T01:15
PH_DUMMY_01,2026-06-14,0,0,0,0,0,0,0,0,0,0,0,virtual_dummy.xlsx,L45_처방건수·조제료,2026-10-05T01:15
PH_DUMMY_01,2026-06-15,33,20,53,17.3,483740,1743660,2227400,9127,42026,668220,1559180,virtual_dummy.xlsx,L45_처방건수·조제료,2026-10-05T01:15
PH_DUMMY_01,2026-06-16,47,19,66,16,610000,2397150,3007150,9242,45563,902140,2105010,virtual_dummy.xlsx,L45_처방건수·조제료,2026-10-05T01:15
PH_DUMMY_01,2026-06-17,50,4,54,22.8,539560,2725510,3265070,9992,60464,979520,2285550,virtual_dummy.xlsx,L45_처방건수·조제료,2026-10-05T01:15
PH_DUMMY_01,2026-06-18,45,13,58,18.6,555600,2104090,2659690,9579,45857,797910,1861780,virtual_dummy.xlsx,L45_처방건수·조제료,2026-10-05T01:15
PH_DUMMY_01,2026-06-19,40,12,52,15.8,484340,1629340,2113680,9314,40648,634100,1479580,virtual_dummy.xlsx,L45_처방건수·조제료,2026-10-05T01:15
PH_DUMMY_01,2026-06-20,18,10,28,21.7,274780,1159040,1433820,9814,51208,430150,1003670,virtual_dummy.xlsx,L45_처방건수·조제료,2026-10-05T01:15
PH_DUMMY_01,2026-06-21,0,0,0,0,0,0,0,0,0,0,0,virtual_dummy.xlsx,L45_처방건수·조제료,2026-10-05T01:15
PH_DUMMY_01,2026-06-22,49,29,78,15.8,709440,2553790,3263230,9095,41836,978970,2284260,virtual_dummy.xlsx,L45_처방건수·조제료,2026-10-05T01:15
PH_DUMMY_01,2026-06-23,24,18,42,14.5,375180,1248890,1624070,8933,38668,487220,1136850,virtual_dummy.xlsx,L45_처방건수·조제료,2026-10-05T01:15
PH_DUMMY_01,2026-06-24,26,10,36,19.8,346100,1388700,1734800,9614,48189,520440,1214360,virtual_dummy.xlsx,L45_처방건수·조제료,2026-10-05T01:15
PH_DUMMY_01,2026-06-25,49,14,63,18.6,599140,2165600,2764740,9510,43885,829420,1935320,virtual_dummy.xlsx,L45_처방건수·조제료,2026-10-05T01:15
PH_DUMMY_01,2026-06-26,46,13,59,16.1,549640,2094280,2643920,9316,44812,793180,1850740,virtual_dummy.xlsx,L45_처방건수·조제료,2026-10-05T01:15
PH_DUMMY_01,2026-06-27,17,9,26,11.4,226280,607880,834160,8703,32083,250250,583910,virtual_dummy.xlsx,L45_처방건수·조제료,2026-10-05T01:15
PH_DUMMY_01,2026-06-28,0,0,0,0,0,0,0,0,0,0,0,virtual_dummy.xlsx,L45_처방건수·조제료,2026-10-05T01:15
PH_DUMMY_01,2026-06-29,68,20,88,19.2,848360,3295490,4143850,9640,47089,1243160,2900690,virtual_dummy.xlsx,L45_처방건수·조제료,2026-10-05T01:15
PH_DUMMY_01,2026-06-30,30,11,41,14,367060,1260750,1627810,8953,39703,488340,1139470,virtual_dummy.xlsx,L45_처방건수·조제료,2026-10-05T01:15
PH_DUMMY_01,2026-07-01,33,8,41,12.2,352280,855460,1207740,8592,29457,362320,845420,virtual_dummy.xlsx,L45_처방건수·조제료,2026-10-05T01:15
PH_DUMMY_01,2026-07-02,25,10,35,17.7,329540,1324660,1654200,9415,47263,496260,1157940,virtual_dummy.xlsx,L45_처방건수·조제료,2026-10-05T01:15
PH_DUMMY_01,2026-07-03,38,12,50,19.5,487060,1669170,2156230,9741,43125,646870,1509360,virtual_dummy.xlsx,L45_처방건수·조제료,2026-10-05T01:15
PH_DUMMY_01,2026-07-04,25,7,32,16.3,299100,1111750,1410850,9347,44089,423260,987590,virtual_dummy.xlsx,L45_처방건수·조제료,2026-10-05T01:15
PH_DUMMY_01,2026-07-05,0,0,0,0,0,0,0,0,0,0,0,virtual_dummy.xlsx,L45_처방건수·조제료,2026-10-05T01:15
PH_DUMMY_01,2026-07-06,36,17,53,16.9,493140,1769440,2262580,9305,42690,678770,1583810,virtual_dummy.xlsx,L45_처방건수·조제료,2026-10-05T01:15
PH_DUMMY_01,2026-07-07,36,17,53,18,499640,2105820,2605460,9427,49160,781640,1823820,virtual_dummy.xlsx,L45_처방건수·조제료,2026-10-05T01:15
PH_DUMMY_01,2026-07-08,46,8,54,22.1,535420,2368450,2903870,9915,53775,871160,2032710,virtual_dummy.xlsx,L45_처방건수·조제료,2026-10-05T01:15
PH_DUMMY_01,2026-07-09,25,16,41,16.5,382780,1140940,1523720,9336,37164,457120,1066600,virtual_dummy.xlsx,L45_처방건수·조제료,2026-10-05T01:15
PH_DUMMY_01,2026-07-10,41,9,50,20.3,489680,1847320,2337000,9794,46740,701100,1635900,virtual_dummy.xlsx,L45_처방건수·조제료,2026-10-05T01:15
PH_DUMMY_01,2026-07-11,22,8,30,16,277440,1018280,1295720,9248,43191,388720,907000,virtual_dummy.xlsx,L45_처방건수·조제료,2026-10-05T01:15
PH_DUMMY_01,2026-07-12,0,0,0,0,0,0,0,0,0,0,0,virtual_dummy.xlsx,L45_처방건수·조제료,2026-10-05T01:15
PH_DUMMY_01,2026-07-13,51,18,69,16.4,634960,2312290,2947250,9202,42714,884180,2063070,virtual_dummy.xlsx,L45_처방건수·조제료,2026-10-05T01:15
PH_DUMMY_01,2026-07-14,28,18,46,15.6,418200,1532220,1950420,9091,42400,585130,1365290,virtual_dummy.xlsx,L45_처방건수·조제료,2026-10-05T01:15
PH_DUMMY_01,2026-07-15,48,8,56,19.2,540080,2244130,2784210,9644,49718,835260,1948950,virtual_dummy.xlsx,L45_처방건수·조제료,2026-10-05T01:15
PH_DUMMY_01,2026-07-16,25,18,43,18.8,394720,1909920,2304640,9180,53596,691390,1613250,virtual_dummy.xlsx,L45_처방건수·조제료,2026-10-05T01:15
PH_DUMMY_01,2026-07-17,0,0,0,0,0,0,0,0,0,0,0,virtual_dummy.xlsx,L45_처방건수·조제료,2026-10-05T01:15
PH_DUMMY_01,2026-07-18,36,6,42,20,415200,1553820,1969020,9886,46881,590710,1378310,virtual_dummy.xlsx,L45_처방건수·조제료,2026-10-05T01:15
PH_DUMMY_01,2026-07-19,0,0,0,0,0,0,0,0,0,0,0,virtual_dummy.xlsx,L45_처방건수·조제료,2026-10-05T01:15
PH_DUMMY_01,2026-07-20,41,22,63,15,577560,1754480,2332040,9168,37017,699610,1632430,virtual_dummy.xlsx,L45_처방건수·조제료,2026-10-05T01:15
PH_DUMMY_01,2026-07-21,35,15,50,14.8,450720,1606070,2056790,9014,41136,617040,1439750,virtual_dummy.xlsx,L45_처방건수·조제료,2026-10-05T01:15
PH_DUMMY_01,2026-07-22,27,14,41,16.6,377020,1181060,1558080,9196,38002,467420,1090660,virtual_dummy.xlsx,L45_처방건수·조제료,2026-10-05T01:15
PH_DUMMY_01,2026-07-23,40,9,49,17.8,461920,1917410,2379330,9427,48558,713800,1665530,virtual_dummy.xlsx,L45_처방건수·조제료,2026-10-05T01:15
PH_DUMMY_01,2026-07-24,30,8,38,20.6,374160,1573890,1948050,9846,51264,584420,1363630,virtual_dummy.xlsx,L45_처방건수·조제료,2026-10-05T01:15
PH_DUMMY_01,2026-07-25,22,17,39,15.2,350960,1361900,1712860,8999,43919,513860,1199000,virtual_dummy.xlsx,L45_처방건수·조제료,2026-10-05T01:15
PH_DUMMY_01,2026-07-26,0,0,0,0,0,0,0,0,0,0,0,virtual_dummy.xlsx,L45_처방건수·조제료,2026-10-05T01:15
PH_DUMMY_01,2026-07-27,35,27,62,13.7,545580,1560740,2106320,8800,33973,631900,1474420,virtual_dummy.xlsx,L45_처방건수·조제료,2026-10-05T01:15
PH_DUMMY_01,2026-07-28,50,15,65,18.9,629500,2534730,3164230,9685,48680,949270,2214960,virtual_dummy.xlsx,L45_처방건수·조제료,2026-10-05T01:15
PH_DUMMY_01,2026-07-29,44,5,49,18.8,460460,1718210,2178670,9397,44463,653600,1525070,virtual_dummy.xlsx,L45_처방건수·조제료,2026-10-05T01:15
PH_DUMMY_01,2026-07-30,31,23,54,16.9,493780,1900670,2394450,9144,44342,718340,1676110,virtual_dummy.xlsx,L45_처방건수·조제료,2026-10-05T01:15
PH_DUMMY_01,2026-07-31,30,10,40,20.6,396660,1642360,2039020,9916,50976,611710,1427310,virtual_dummy.xlsx,L45_처방건수·조제료,2026-10-05T01:15
PH_DUMMY_01,2026-08-01,19,8,27,16.7,253460,697870,951330,9387,35234,285400,665930,virtual_dummy.xlsx,L45_처방건수·조제료,2026-10-05T01:15
PH_DUMMY_01,2026-08-02,0,0,0,0,0,0,0,0,0,0,0,virtual_dummy.xlsx,L45_처방건수·조제료,2026-10-05T01:15
PH_DUMMY_01,2026-08-03,36,1,37,23.4,376220,1895040,2271260,10168,61385,681380,1589880,virtual_dummy.xlsx,L45_처방건수·조제료,2026-10-05T01:15
PH_DUMMY_01,2026-08-04,33,1,34,26.1,355700,1700390,2056090,10462,60473,616830,1439260,virtual_dummy.xlsx,L45_처방건수·조제료,2026-10-05T01:15
PH_DUMMY_01,2026-08-05,25,0,25,21.5,253700,1166090,1419790,10148,56792,425940,993850,virtual_dummy.xlsx,L45_처방건수·조제료,2026-10-05T01:15
PH_DUMMY_01,2026-08-06,42,7,49,17.9,463360,1924100,2387460,9456,48724,716240,1671220,virtual_dummy.xlsx,L45_처방건수·조제료,2026-10-05T01:15
PH_DUMMY_01,2026-08-07,34,13,47,16.7,425580,1501540,1927120,9055,41003,578140,1348980,virtual_dummy.xlsx,L45_처방건수·조제료,2026-10-05T01:15
PH_DUMMY_01,2026-08-08,20,8,28,17.8,266880,903560,1170440,9531,41801,351130,819310,virtual_dummy.xlsx,L45_처방건수·조제료,2026-10-05T01:15
PH_DUMMY_01,2026-08-09,0,0,0,0,0,0,0,0,0,0,0,virtual_dummy.xlsx,L45_처방건수·조제료,2026-10-05T01:15
PH_DUMMY_01,2026-08-10,34,12,46,21.8,449420,2059190,2508610,9770,54535,752580,1756030,virtual_dummy.xlsx,L45_처방건수·조제료,2026-10-05T01:15
PH_DUMMY_01,2026-08-11,38,15,53,16.4,482700,1893720,2376420,9108,44838,712930,1663490,virtual_dummy.xlsx,L45_처방건수·조제료,2026-10-05T01:15
PH_DUMMY_01,2026-08-12,35,11,46,14.7,410320,1343180,1753500,8920,38120,526050,1227450,virtual_dummy.xlsx,L45_처방건수·조제료,2026-10-05T01:15
PH_DUMMY_01,2026-08-13,33,20,53,19,510960,2884610,3395570,9641,64067,1018670,2376900,virtual_dummy.xlsx,L45_처방건수·조제료,2026-10-05T01:15
PH_DUMMY_01,2026-08-14,38,19,57,17.4,524460,2013920,2538380,9201,44533,761510,1776870,virtual_dummy.xlsx,L45_처방건수·조제료,2026-10-05T01:15
PH_DUMMY_01,2026-08-15,0,0,0,0,0,0,0,0,0,0,0,virtual_dummy.xlsx,L45_처방건수·조제료,2026-10-05T01:15
PH_DUMMY_01,2026-08-16,0,0,0,0,0,0,0,0,0,0,0,virtual_dummy.xlsx,L45_처방건수·조제료,2026-10-05T01:15
PH_DUMMY_01,2026-08-17,0,0,0,0,0,0,0,0,0,0,0,virtual_dummy.xlsx,L45_처방건수·조제료,2026-10-05T01:15
PH_DUMMY_01,2026-08-18,47,18,65,19.6,624480,2463580,3088060,9607,47509,926420,2161640,virtual_dummy.xlsx,L45_처방건수·조제료,2026-10-05T01:15
PH_DUMMY_01,2026-08-19,36,12,48,17.8,466680,1572280,2038960,9722,42478,611690,1427270,virtual_dummy.xlsx,L45_처방건수·조제료,2026-10-05T01:15
PH_DUMMY_01,2026-08-20,30,18,48,14.2,434000,1483430,1917430,9042,39946,575230,1342200,virtual_dummy.xlsx,L45_처방건수·조제료,2026-10-05T01:15
PH_DUMMY_01,2026-08-21,37,23,60,17.4,557380,2184390,2741770,9290,45696,822530,1919240,virtual_dummy.xlsx,L45_처방건수·조제료,2026-10-05T01:15
PH_DUMMY_01,2026-08-22,26,22,48,14.4,429100,1486300,1915400,8940,39904,574620,1340780,virtual_dummy.xlsx,L45_처방건수·조제료,2026-10-05T01:15
PH_DUMMY_01,2026-08-23,0,0,0,0,0,0,0,0,0,0,0,virtual_dummy.xlsx,L45_처방건수·조제료,2026-10-05T01:15
PH_DUMMY_01,2026-08-24,44,18,62,16,568700,2210820,2779520,9173,44831,833860,1945660,virtual_dummy.xlsx,L45_처방건수·조제료,2026-10-05T01:15
PH_DUMMY_01,2026-08-25,30,27,57,11.4,488720,1249270,1737990,8574,30491,521400,1216590,virtual_dummy.xlsx,L45_처방건수·조제료,2026-10-05T01:15
PH_DUMMY_01,2026-08-26,34,11,45,21,435820,1966950,2402770,9685,53395,720830,1681940,virtual_dummy.xlsx,L45_처방건수·조제료,2026-10-05T01:15
PH_DUMMY_01,2026-08-27,39,20,59,15.7,535740,1524190,2059930,9080,34914,617980,1441950,virtual_dummy.xlsx,L45_처방건수·조제료,2026-10-05T01:15
PH_DUMMY_01,2026-08-28,33,20,53,16,485940,1955780,2441720,9169,46070,732520,1709200,virtual_dummy.xlsx,L45_처방건수·조제료,2026-10-05T01:15
PH_DUMMY_01,2026-08-29,27,15,42,19.2,399540,1671380,2070920,9513,49308,621280,1449640,virtual_dummy.xlsx,L45_처방건수·조제료,2026-10-05T01:15
PH_DUMMY_01,2026-08-30,0,0,0,0,0,0,0,0,0,0,0,virtual_dummy.xlsx,L45_처방건수·조제료,2026-10-05T01:15
PH_DUMMY_01,2026-08-31,34,36,70,12.2,609620,1685270,2294890,8709,32784,688470,1606420,virtual_dummy.xlsx,L45_처방건수·조제료,2026-10-05T01:15
PH_DUMMY_01,2026-09-01,35,41,76,11.8,648360,2021730,2670090,8531,35133,801030,1869060,virtual_dummy.xlsx,L45_처방건수·조제료,2026-10-05T01:15
PH_DUMMY_01,2026-09-02,45,15,60,17,564180,1766180,2330360,9403,38839,699110,1631250,virtual_dummy.xlsx,L45_처방건수·조제료,2026-10-05T01:15
PH_DUMMY_01,2026-09-03,30,30,60,14.5,537940,1703360,2241300,8966,37355,672390,1568910,virtual_dummy.xlsx,L45_처방건수·조제료,2026-10-05T01:15
PH_DUMMY_01,2026-09-04,44,35,79,14.6,706360,2552440,3258800,8941,41251,977640,2281160,virtual_dummy.xlsx,L45_처방건수·조제료,2026-10-05T01:15
PH_DUMMY_01,2026-09-05,21,22,43,12.3,364900,1045210,1410110,8486,32793,423030,987080,virtual_dummy.xlsx,L45_처방건수·조제료,2026-10-05T01:15
PH_DUMMY_01,2026-09-06,0,0,0,0,0,0,0,0,0,0,0,virtual_dummy.xlsx,L45_처방건수·조제료,2026-10-05T01:15
PH_DUMMY_01,2026-09-07,38,35,73,11.9,626340,1739830,2366170,8580,32413,709850,1656320,virtual_dummy.xlsx,L45_처방건수·조제료,2026-10-05T01:15
PH_DUMMY_01,2026-09-08,37,37,74,14.3,662500,2270750,2933250,8953,39639,879980,2053270,virtual_dummy.xlsx,L45_처방건수·조제료,2026-10-05T01:15
PH_DUMMY_01,2026-09-09,42,13,55,13.8,496540,1406450,1902990,9028,34600,570900,1332090,virtual_dummy.xlsx,L45_처방건수·조제료,2026-10-05T01:15
PH_DUMMY_01,2026-09-10,46,37,83,12.8,732580,2334720,3067300,8826,36955,920190,2147110,virtual_dummy.xlsx,L45_처방건수·조제료,2026-10-05T01:15
PH_DUMMY_01,2026-09-11,33,42,75,10.1,626160,1449430,2075590,8349,27675,622680,1452910,virtual_dummy.xlsx,L45_처방건수·조제료,2026-10-05T01:15
PH_DUMMY_01,2026-09-12,31,29,60,15.5,545240,1876710,2421950,9087,40366,726580,1695370,virtual_dummy.xlsx,L45_처방건수·조제료,2026-10-05T01:15
PH_DUMMY_01,2026-09-13,0,0,0,0,0,0,0,0,0,0,0,virtual_dummy.xlsx,L45_처방건수·조제료,2026-10-05T01:15
PH_DUMMY_01,2026-09-14,54,41,95,15.5,853420,2509830,3363250,8983,35403,1008980,2354270,virtual_dummy.xlsx,L45_처방건수·조제료,2026-10-05T01:15
PH_DUMMY_01,2026-09-15,26,48,74,8.6,600580,1286750,1887330,8116,25504,566200,1321130,virtual_dummy.xlsx,L45_처방건수·조제료,2026-10-05T01:15
PH_DUMMY_01,2026-09-16,31,24,55,14.8,493080,1632370,2125450,8965,38645,637640,1487810,virtual_dummy.xlsx,L45_처방건수·조제료,2026-10-05T01:15
PH_DUMMY_01,2026-09-17,19,23,42,11.5,357520,902590,1260110,8512,30003,378030,882080,virtual_dummy.xlsx,L45_처방건수·조제료,2026-10-05T01:15
PH_DUMMY_01,2026-09-18,49,43,92,13.7,814920,3060550,3875470,8858,42125,1162640,2712830,virtual_dummy.xlsx,L45_처방건수·조제료,2026-10-05T01:15
PH_DUMMY_01,2026-09-19,31,21,52,16.5,479780,1768910,2248690,9227,43244,674610,1574080,virtual_dummy.xlsx,L45_처방건수·조제료,2026-10-05T01:15
PH_DUMMY_01,2026-09-20,0,0,0,0,0,0,0,0,0,0,0,virtual_dummy.xlsx,L45_처방건수·조제료,2026-10-05T01:15
PH_DUMMY_01,2026-09-21,48,47,95,16.7,877680,3584840,4462520,9239,46974,1338760,3123760,virtual_dummy.xlsx,L45_처방건수·조제료,2026-10-05T01:15
PH_DUMMY_01,2026-09-22,39,29,68,18.2,641180,2944530,3585710,9429,52731,1075710,2510000,virtual_dummy.xlsx,L45_처방건수·조제료,2026-10-05T01:15
PH_DUMMY_01,2026-09-23,32,23,55,16.3,492160,1758190,2250350,8948,40915,675100,1575250,virtual_dummy.xlsx,L45_처방건수·조제료,2026-10-05T01:15
PH_DUMMY_01,2026-09-24,0,0,0,0,0,0,0,0,0,0,0,virtual_dummy.xlsx,L45_처방건수·조제료,2026-10-05T01:15
PH_DUMMY_01,2026-09-25,0,0,0,0,0,0,0,0,0,0,0,virtual_dummy.xlsx,L45_처방건수·조제료,2026-10-05T01:15
PH_DUMMY_01,2026-09-26,0,0,0,0,0,0,0,0,0,0,0,virtual_dummy.xlsx,L45_처방건수·조제료,2026-10-05T01:15
PH_DUMMY_01,2026-09-27,0,0,0,0,0,0,0,0,0,0,0,virtual_dummy.xlsx,L45_처방건수·조제료,2026-10-05T01:15
PH_DUMMY_01,2026-09-28,72,51,123,11.9,1059260,3206210,4265470,8612,34679,1279640,2985830,virtual_dummy.xlsx,L45_처방건수·조제료,2026-10-05T01:15
PH_DUMMY_01,2026-09-29,33,29,62,11.2,521660,1159720,1681380,8414,27119,504410,1176970,virtual_dummy.xlsx,L45_처방건수·조제료,2026-10-05T01:15
PH_DUMMY_01,2026-09-30,31,20,51,16.2,466500,1850580,2317080,9147,45433,695120,1621960,virtual_dummy.xlsx,L45_처방건수·조제료,2026-10-05T01:15
PH_DUMMY_01,2026-10-01,42,29,71,14.9,642760,2177720,2820480,9053,39725,846140,1974340,virtual_dummy.xlsx,L45_처방건수·조제료,2026-10-05T01:15
PH_DUMMY_01,2026-10-02,38,42,80,16.7,726140,2503880,3230020,9077,40375,969010,2261010,virtual_dummy.xlsx,L45_처방건수·조제료,2026-10-05T01:15
PH_DUMMY_01,2026-10-03,0,0,0,0,0,0,0,0,0,0,0,virtual_dummy.xlsx,L45_처방건수·조제료,2026-10-05T01:15
PH_DUMMY_01,2026-10-04,0,0,0,0,0,0,0,0,0,0,0,virtual_dummy.xlsx,L45_처방건수·조제료,2026-10-05T01:15
PH_DUMMY_01,2026-10-05,0,0,0,0,0,0,0,0,0,0,0,virtual_dummy.xlsx,L45_처방건수·조제료,2026-10-05T01:15
PH_DUMMY_01,2026-10-06,23,53,76,8.7,612500,1475830,2088330,8059,27478,626500,1461830,virtual_dummy.xlsx,L45_처방건수·조제료,2026-10-05T01:15
PH_DUMMY_01,2026-10-07,25,24,49,13.2,434100,1577210,2011310,8859,41047,603390,1407920,virtual_dummy.xlsx,L45_처방건수·조제료,2026-10-05T01:15
PH_DUMMY_01,2026-10-08,25,29,54,19.8,501960,2309940,2811900,9296,52072,843570,1968330,virtual_dummy.xlsx,L45_처방건수·조제료,2026-10-05T01:15
PH_DUMMY_01,2026-10-09,0,0,0,0,0,0,0,0,0,0,0,virtual_dummy.xlsx,L45_처방건수·조제료,2026-10-05T01:15
PH_DUMMY_01,2026-10-10,34,38,72,11.1,613960,1347300,1961260,8527,27240,588380,1372880,virtual_dummy.xlsx,L45_처방건수·조제료,2026-10-05T01:15
PH_DUMMY_01,2026-10-11,0,0,0,0,0,0,0,0,0,0,0,virtual_dummy.xlsx,L45_처방건수·조제료,2026-10-05T01:15
PH_DUMMY_01,2026-10-12,36,37,73,14,644900,2067120,2712020,8834,37151,813610,1898410,virtual_dummy.xlsx,L45_처방건수·조제료,2026-10-05T01:15
PH_DUMMY_01,2026-10-13,47,45,92,16.5,833200,2717320,3550520,9057,38593,1065160,2485360,virtual_dummy.xlsx,L45_처방건수·조제료,2026-10-05T01:15
PH_DUMMY_01,2026-10-14,44,17,61,17.2,573320,1907480,2480800,9399,40669,744240,1736560,virtual_dummy.xlsx,L45_처방건수·조제료,2026-10-05T01:15
PH_DUMMY_01,2026-10-15,58,53,111,13.7,989600,3166040,4155640,8915,37438,1246690,2908950,virtual_dummy.xlsx,L45_처방건수·조제료,2026-10-05T01:15
PH_DUMMY_01,2026-10-16,65,53,118,12.9,1022340,2905940,3928280,8664,33291,1178480,2749800,virtual_dummy.xlsx,L45_처방건수·조제료,2026-10-05T01:15
PH_DUMMY_01,2026-10-17,24,27,51,11.2,430080,1045180,1475260,8433,28927,442580,1032680,virtual_dummy.xlsx,L45_처방건수·조제료,2026-10-05T01:15
PH_DUMMY_01,2026-10-18,0,0,0,0,0,0,0,0,0,0,0,virtual_dummy.xlsx,L45_처방건수·조제료,2026-10-05T01:15
PH_DUMMY_01,2026-10-19,29,53,82,9.5,673020,1707660,2380680,8208,29033,714200,1666480,virtual_dummy.xlsx,L45_처방건수·조제료,2026-10-05T01:15
PH_DUMMY_01,2026-10-20,31,50,81,10.6,672120,2010900,2683020,8298,33124,804910,1878110,virtual_dummy.xlsx,L45_처방건수·조제료,2026-10-05T01:15
PH_DUMMY_01,2026-10-21,39,25,64,15,583100,2053690,2636790,9111,41200,791040,1845750,virtual_dummy.xlsx,L45_처방건수·조제료,2026-10-05T01:15
PH_DUMMY_01,2026-10-22,36,24,60,14.6,530700,1617950,2148650,8845,35811,644600,1504050,virtual_dummy.xlsx,L45_처방건수·조제료,2026-10-05T01:15
PH_DUMMY_01,2026-10-23,48,52,100,14.4,888540,2913960,3802500,8885,38025,1140750,2661750,virtual_dummy.xlsx,L45_처방건수·조제료,2026-10-05T01:15
PH_DUMMY_01,2026-10-24,12,27,39,11.2,326640,693900,1020540,8375,26168,306160,714380,virtual_dummy.xlsx,L45_처방건수·조제료,2026-10-05T01:15
PH_DUMMY_01,2026-10-25,0,0,0,0,0,0,0,0,0,0,0,virtual_dummy.xlsx,L45_처방건수·조제료,2026-10-05T01:15
PH_DUMMY_01,2026-10-26,37,48,85,14,749180,2415410,3164590,8814,37230,949380,2215210,virtual_dummy.xlsx,L45_처방건수·조제료,2026-10-05T01:15
PH_DUMMY_01,2026-10-27,34,64,98,12,831760,2348440,3180200,8487,32451,954060,2226140,virtual_dummy.xlsx,L45_처방건수·조제료,2026-10-05T01:15
PH_DUMMY_01,2026-10-28,29,18,47,17.8,437320,1730780,2168100,9305,46130,650430,1517670,virtual_dummy.xlsx,L45_처방건수·조제료,2026-10-05T01:15
PH_DUMMY_01,2026-10-29,50,56,106,13.6,924840,3336390,4261230,8725,40200,1278370,2982860,virtual_dummy.xlsx,L45_처방건수·조제료,2026-10-05T01:15
PH_DUMMY_01,2026-10-30,48,59,107,11.7,915960,2759120,3675080,8560,34347,1102520,2572560,virtual_dummy.xlsx,L45_처방건수·조제료,2026-10-05T01:15
PH_DUMMY_01,2026-10-31,22,39,61,11,513420,1516710,2030130,8417,33281,609040,1421090,virtual_dummy.xlsx,L45_처방건수·조제료,2026-10-05T01:15
PH_DUMMY_01,2026-11-01,0,0,0,0,0,0,0,0,0,0,0,virtual_dummy.xlsx,L45_처방건수·조제료,2026-10-05T01:15
PH_DUMMY_01,2026-11-02,44,50,94,12.7,812860,2458980,3271840,8647,34807,981550,2290290,virtual_dummy.xlsx,L45_처방건수·조제료,2026-10-05T01:15
PH_DUMMY_01,2026-11-03,39,57,96,11.3,821900,2074870,2896770,8561,30175,869030,2027740,virtual_dummy.xlsx,L45_처방건수·조제료,2026-10-05T01:15
PH_DUMMY_01,2026-11-04,55,22,77,16.8,719680,3017510,3737190,9346,48535,1121160,2616030,virtual_dummy.xlsx,L45_처방건수·조제료,2026-10-05T01:15
PH_DUMMY_01,2026-11-05,43,35,78,15.3,706640,2301270,3007910,9059,38563,902370,2105540,virtual_dummy.xlsx,L45_처방건수·조제료,2026-10-05T01:15
PH_DUMMY_01,2026-11-06,45,53,98,13.6,867160,2943800,3810960,8849,38887,1143290,2667670,virtual_dummy.xlsx,L45_처방건수·조제료,2026-10-05T01:15
PH_DUMMY_01,2026-11-07,27,42,69,11,584080,1744210,2328290,8465,33743,698490,1629800,virtual_dummy.xlsx,L45_처방건수·조제료,2026-10-05T01:15
PH_DUMMY_01,2026-11-08,0,0,0,0,0,0,0,0,0,0,0,virtual_dummy.xlsx,L45_처방건수·조제료,2026-10-05T01:15
PH_DUMMY_01,2026-11-09,40,65,105,10.6,880680,2227940,3108620,8387,29606,932590,2176030,virtual_dummy.xlsx,L45_처방건수·조제료,2026-10-05T01:15
PH_DUMMY_01,2026-11-10,35,69,104,10.3,869020,2268450,3137470,8356,30168,941240,2196230,virtual_dummy.xlsx,L45_처방건수·조제료,2026-10-05T01:15
PH_DUMMY_01,2026-11-11,25,24,49,13.9,432480,1351520,1784000,8826,36408,535200,1248800,virtual_dummy.xlsx,L45_처방건수·조제료,2026-10-05T01:15
PH_DUMMY_01,2026-11-12,47,47,94,13.7,821740,2891710,3713450,8742,39505,1114040,2599410,virtual_dummy.xlsx,L45_처방건수·조제료,2026-10-05T01:15
PH_DUMMY_01,2026-11-13,50,58,108,11.6,917300,2763510,3680810,8494,34082,1104240,2576570,virtual_dummy.xlsx,L45_처방건수·조제료,2026-10-05T01:15
PH_DUMMY_01,2026-11-14,23,26,49,13,430300,1285710,1716010,8782,35021,514800,1201210,virtual_dummy.xlsx,L45_처방건수·조제료,2026-10-05T01:15
PH_DUMMY_01,2026-11-15,0,0,0,0,0,0,0,0,0,0,0,virtual_dummy.xlsx,L45_처방건수·조제료,2026-10-05T01:15
PH_DUMMY_01,2026-11-16,44,68,112,11.7,959600,2954720,3914320,8568,34949,1174300,2740020,virtual_dummy.xlsx,L45_처방건수·조제료,2026-10-05T01:15
PH_DUMMY_01,2026-11-17,39,44,83,15,746020,2769730,3515750,8988,42358,1054720,2461030,virtual_dummy.xlsx,L45_처방건수·조제료,2026-10-05T01:15
PH_DUMMY_01,2026-11-18,30,36,66,13.5,571400,2079310,2650710,8658,40162,795210,1855500,virtual_dummy.xlsx,L45_처방건수·조제료,2026-10-05T01:15
PH_DUMMY_01,2026-11-19,35,85,120,10.4,992260,2705100,3697360,8269,30811,1109210,2588150,virtual_dummy.xlsx,L45_처방건수·조제료,2026-10-05T01:15
PH_DUMMY_01,2026-11-20,42,67,109,10.9,922200,2483980,3406180,8461,31249,1021850,2384330,virtual_dummy.xlsx,L45_처방건수·조제료,2026-10-05T01:15
PH_DUMMY_01,2026-11-21,21,44,65,10.4,534440,1632380,2166820,8222,33336,650050,1516770,virtual_dummy.xlsx,L45_처방건수·조제료,2026-10-05T01:15
PH_DUMMY_01,2026-11-22,0,0,0,0,0,0,0,0,0,0,0,virtual_dummy.xlsx,L45_처방건수·조제료,2026-10-05T01:15
PH_DUMMY_01,2026-11-23,55,84,139,11,1177200,3110020,4287220,8469,30843,1286170,3001050,virtual_dummy.xlsx,L45_처방건수·조제료,2026-10-05T01:15
PH_DUMMY_01,2026-11-24,35,54,89,11.4,753460,2067830,2821290,8466,31700,846390,1974900,virtual_dummy.xlsx,L45_처방건수·조제료,2026-10-05T01:15
PH_DUMMY_01,2026-11-25,51,37,88,14.9,784640,2491110,3275750,8916,37224,982720,2293030,virtual_dummy.xlsx,L45_처방건수·조제료,2026-10-05T01:15
PH_DUMMY_01,2026-11-26,38,49,87,12.2,738600,2164150,2902750,8490,33365,870820,2031930,virtual_dummy.xlsx,L45_처방건수·조제료,2026-10-05T01:15
PH_DUMMY_01,2026-11-27,29,99,128,8.7,1029440,2569430,3598870,8042,28116,1079660,2519210,virtual_dummy.xlsx,L45_처방건수·조제료,2026-10-05T01:15
PH_DUMMY_01,2026-11-28,25,64,89,10.3,736120,2235220,2971340,8271,33386,891400,2079940,virtual_dummy.xlsx,L45_처방건수·조제료,2026-10-05T01:15
PH_DUMMY_01,2026-11-29,0,0,0,0,0,0,0,0,0,0,0,virtual_dummy.xlsx,L45_처방건수·조제료,2026-10-05T01:15
PH_DUMMY_01,2026-11-30,35,105,140,8.4,1131100,2652030,3783130,8079,27022,1134940,2648190,virtual_dummy.xlsx,L45_처방건수·조제료,2026-10-05T01:15
PH_DUMMY_01,2026-12-01,39,96,135,7.8,1070580,2454330,3524910,7930,26110,1057470,2467440,virtual_dummy.xlsx,L45_처방건수·조제료,2026-10-05T01:15
PH_DUMMY_01,2026-12-02,32,36,68,13.5,592620,1858930,2451550,8715,36052,735460,1716090,virtual_dummy.xlsx,L45_처방건수·조제료,2026-10-05T01:15
PH_DUMMY_01,2026-12-03,34,73,107,9.8,882580,2232200,3114780,8248,29110,934430,2180350,virtual_dummy.xlsx,L45_처방건수·조제료,2026-10-05T01:15
PH_DUMMY_01,2026-12-04,53,76,129,11.6,1095740,3348380,4444120,8494,34451,1333240,3110880,virtual_dummy.xlsx,L45_처방건수·조제료,2026-10-05T01:15
PH_DUMMY_01,2026-12-05,38,41,79,13.2,692060,2396300,3088360,8760,39093,926510,2161850,virtual_dummy.xlsx,L45_처방건수·조제료,2026-10-05T01:15
PH_DUMMY_01,2026-12-06,0,0,0,0,0,0,0,0,0,0,0,virtual_dummy.xlsx,L45_처방건수·조제료,2026-10-05T01:15
PH_DUMMY_01,2026-12-07,50,85,135,10.9,1136000,3260350,4396350,8415,32566,1318900,3077450,virtual_dummy.xlsx,L45_처방건수·조제료,2026-10-05T01:15
PH_DUMMY_01,2026-12-08,34,70,104,10.2,865880,2266650,3132530,8326,30120,939760,2192770,virtual_dummy.xlsx,L45_처방건수·조제료,2026-10-05T01:15
PH_DUMMY_01,2026-12-09,50,37,87,13.5,762560,2450980,3213540,8765,36937,964060,2249480,virtual_dummy.xlsx,L45_처방건수·조제료,2026-10-05T01:15
PH_DUMMY_01,2026-12-10,49,76,125,12.4,1068820,3019210,4088030,8551,32704,1226410,2861620,virtual_dummy.xlsx,L45_처방건수·조제료,2026-10-05T01:15
PH_DUMMY_01,2026-12-11,47,65,112,11.7,941400,2528930,3470330,8405,30985,1041100,2429230,virtual_dummy.xlsx,L45_처방건수·조제료,2026-10-05T01:15
PH_DUMMY_01,2026-12-12,23,60,83,9.8,677420,1334680,2012100,8162,24242,603630,1408470,virtual_dummy.xlsx,L45_처방건수·조제료,2026-10-05T01:15
PH_DUMMY_01,2026-12-13,0,0,0,0,0,0,0,0,0,0,0,virtual_dummy.xlsx,L45_처방건수·조제료,2026-10-05T01:15
PH_DUMMY_01,2026-12-14,50,53,103,15.1,915400,3142620,4058020,8887,39398,1217410,2840610,virtual_dummy.xlsx,L45_처방건수·조제료,2026-10-05T01:15
PH_DUMMY_01,2026-12-15,52,47,99,13.4,875400,2650000,3525400,8842,35610,1057620,2467780,virtual_dummy.xlsx,L45_처방건수·조제료,2026-10-05T01:15
PH_DUMMY_01,2026-12-16,39,40,79,15,700760,2465500,3166260,8870,40079,949880,2216380,virtual_dummy.xlsx,L45_처방건수·조제료,2026-10-05T01:15
PH_DUMMY_01,2026-12-17,18,59,77,7.1,603820,1177310,1781130,7842,23132,534340,1246790,virtual_dummy.xlsx,L45_처방건수·조제료,2026-10-05T01:15
PH_DUMMY_01,2026-12-18,37,72,109,10.2,901920,2493490,3395410,8274,31151,1018620,2376790,virtual_dummy.xlsx,L45_처방건수·조제료,2026-10-05T01:15
PH_DUMMY_01,2026-12-19,26,45,71,9.5,588200,1343170,1931370,8285,27202,579410,1351960,virtual_dummy.xlsx,L45_처방건수·조제료,2026-10-05T01:15
PH_DUMMY_01,2026-12-20,0,0,0,0,0,0,0,0,0,0,0,virtual_dummy.xlsx,L45_처방건수·조제료,2026-10-05T01:15
PH_DUMMY_01,2026-12-21,54,82,136,12.9,1178760,4113000,5291760,8667,38910,1587530,3704230,virtual_dummy.xlsx,L45_처방건수·조제료,2026-10-05T01:15
PH_DUMMY_01,2026-12-22,44,85,129,10.3,1085360,2805500,3890860,8414,30162,1167260,2723600,virtual_dummy.xlsx,L45_처방건수·조제료,2026-10-05T01:15
PH_DUMMY_01,2026-12-23,28,41,69,10.7,587960,1435260,2023220,8521,29322,606970,1416250,virtual_dummy.xlsx,L45_처방건수·조제료,2026-10-05T01:15
PH_DUMMY_01,2026-12-24,50,69,119,14.1,1043240,3503510,4546750,8767,38208,1364020,3182730,virtual_dummy.xlsx,L45_처방건수·조제료,2026-10-05T01:15
PH_DUMMY_01,2026-12-25,0,0,0,0,0,0,0,0,0,0,0,virtual_dummy.xlsx,L45_처방건수·조제료,2026-10-05T01:15
PH_DUMMY_01,2026-12-26,32,63,95,10.6,797600,1929600,2727200,8396,28707,818160,1909040,virtual_dummy.xlsx,L45_처방건수·조제료,2026-10-05T01:15
PH_DUMMY_01,2026-12-27,0,0,0,0,0,0,0,0,0,0,0,virtual_dummy.xlsx,L45_처방건수·조제료,2026-10-05T01:15
PH_DUMMY_01,2026-12-28,44,80,124,8.6,1006500,2383900,3390400,8117,27342,1017120,2373280,virtual_dummy.xlsx,L45_처방건수·조제료,2026-10-05T01:15
PH_DUMMY_01,2026-12-29,35,72,107,9.1,874180,1902180,2776360,8170,25947,832910,1943450,virtual_dummy.xlsx,L45_처방건수·조제료,2026-10-05T01:15
PH_DUMMY_01,2026-12-30,32,31,63,13,548460,1669130,2217590,8706,35200,665280,1552310,virtual_dummy.xlsx,L45_처방건수·조제료,2026-10-05T01:15
PH_DUMMY_01,2026-12-31,43,52,95,12.7,831500,3009090,3840590,8753,40427,1152180,2688410,virtual_dummy.xlsx,L45_처방건수·조제료,2026-10-05T01:15
