case_id,title_ko,applies_to,record_type,situation_ko,trigger_ko,considered_ko,response_ko,outcome_ko,learning_ko,source_file,source_sheet,generated_at
I01,초도 상품 구성,현재 약국,실행 회고,신규·2층·인접 진료과·과거 근무 경험,개국 준비,제약사 목록·성분·디자인·가격·이전 선호,파스·상비약 등을 준비; 영양제는 많이 들이지 않음,파스·상비약 중심으로 초기 구색을 구성했고 영양제는 많이 두지 않았다.,과거 경험과 주변 진료과·입지를 조합해 상품을 골랐다.,interview_master.xlsx,04_사건학습,2026-10-05T01:15
I02,학생 수요 예상과 실판매 차이,현재 약국,기대-결과 회고,학교·학원가에 위치한 신규 약국,개업 후 실제 판매 반응 확인,주변 시설·과거 경험,청소년 대상 제품 준비,청소년 제품과 소화제는 기대보다 덜 팔렸고 감기약은 잘 팔렸다고 설명한다.,상권을 보고 세운 예상과 실제 판매 반응이 다름을 알게 됐다.,interview_master.xlsx,04_사건학습,2026-10-05T01:15
I03,정형외과 환자 유입 미달,현재 약국,기대-결과 회고,같은 건물 정형외과와 2층 약국,예상보다 환자가 올라오지 않음,기존 약국 이용·입구·후문 경로 설명,기존 약국 이용과 입구·후문 경로를 원인으로 설명,정형외과 환자 유입이 기대보다 적었다.,기존 약국 이용과 동선 인지를 함께 고려하게 되는 사례다.,interview_master.xlsx,04_사건학습,2026-10-05T01:15
I04,기존 이비인후과 휴진일의 혼잡,현재 약국·인접 의원,반복 경향 회고,인근 기존 의원과 신규 의원,기존 의원 휴진,인근 의원의 진료 여부와 혼잡 경험,휴진일과 신규 의원 혼잡의 관계를 관찰,인근 기존 이비인후과 휴진일에 신규 의원이 유난히 붐빈다고 말한다.,의료기관별 진료 일정이 수요 차이를 만드는 관찰이다.,interview_master.xlsx,04_사건학습,2026-10-05T01:15
I05,자주 쓰는 약의 잔여량 점검,현재 약국,반복 업무＋근접사례,수백 품목 중 자주 쓰는 품목 집중,재고 확인 필요,실물 위치·체감 소진속도; 전산 조회 가능,눈으로 주요 약 확인,재고가 아슬아슬했던 경험이 있다고 답했다.,남은 양으로 오늘·내일을 버틸지 사람이 판단한다.,interview_master.xlsx,04_사건학습,2026-10-05T01:15
I06,유행기 도매 품절 가정,일반 상황,설명용 가정,감기·독감 수요 급증,도매 사이트에서 약 품절,현재 재고·공급·현금·유효기간·반품,사두기·보유 재고 사용·보충 어려움의 조건을 설명,보유 재고를 다 쓰면 추가 공급이 어려워지는 상황을 설명한다.,수요·공급·대금·유효기간·반품이 함께 작용하는 가정이다.,interview_master.xlsx,04_사건학습,2026-10-05T01:15
I07,과거 약국의 코로나 키트 잔류,과거 근무 약국,실행·결과 회고,과거 유행 이후 구매,코로나 유행 이후 다량 확보,당시 유행과 보유 경험,키트 다량 확보,코로나 유행 이후 수요가 줄어 키트가 오랫동안 남았다.,회전율에 따라 재고 보유 부담이 달라지는 과거 경험이다.,interview_master.xlsx,04_사건학습,2026-10-05T01:15
I08,보조업무 경고창과 약사 호출,현재 약국,인터뷰어 관찰 회고＋응답자 의견,인터뷰어가 단기 보조,전산 경고창 발생,팝업·약사 설명,"약사에게 반복 문의, 일부 수정 있었다고 인터뷰어 설명",약사에게 여러 번 확인하고 일부 처리 내용을 수정했다고 인터뷰어가 설명한다.,단순 입력업무에도 약사 확인이 필요한 구간이 있다.,interview_master.xlsx,04_사건학습,2026-10-05T01:15
I09,어린이 칫솔 재배치,현재 약국,행동·관찰 회고,구석 진열·캐릭터 칫솔,그날 진열 재정리,고객의 행동을 눈으로 관찰,기존 음료 자리를 바꿔 계산대 하단에 칫솔 배치,아이가 강한 관심을 보였으나 해당 아이는 구매하지 않았다.,아이도 칫솔에 관심이 있다는 점을 새로 알았다.,interview_master.xlsx,04_사건학습,2026-10-05T01:15
I10,소파 주변 안마봉 판매,현재 약국,행동·결과 회고,고객이 앉아 만져볼 수 있는 위치,소파 주변에서 제품을 접하고 만져보는 상황,고객이 만져보는 행동,소파 근처에 제품 배치,보유한 안마봉이 전부 팔렸다.,만져볼 수 있는 위치와 판매가 함께 등장한 경험이다.,interview_master.xlsx,04_사건학습,2026-10-05T01:15
I11,단골 영양제 구매 메모,응답자의 운영 방식,반복 방식 설명,다시 왔을 때 이전 제품을 기억할 필요,저번에 먹던 것 요청,고객별 메모가 가능하다는 설명,영양제 구매 내용 기록하는 방식,이전에 산 영양제를 기억하고 다음 상담을 돕는 용도로 설명한다.,기록의 효용이 있으면 직접 적을 수 있다는 기준이 드러난다.,interview_master.xlsx,04_사건학습,2026-10-05T01:15
I12,자동 상담 메모 제안과 거부 조건,인터뷰 상황,제안 반응,인터뷰어의 음성 자동기록 아이디어,녹음 아닌 요약이라면 가능한지 질문,인터뷰 중 제안한 자동 상담메모 방식,응답자가 우려와 동의 필요성을 설명,건강정보 자동수집과 외부 이용을 우려하며 동의를 전제로 해야 한다는 의견을 냈다.,기록의 편의뿐 아니라 수집 방식·목적·보관도 수용조건이다.,interview_master.xlsx,04_사건학습,2026-10-05T01:15
I13,고객 방문순위 제안의 효용 반박,현재 관점,제안 반응,인터뷰어가 방문자 정렬을 제안,기능 필요성 질문,품목판매와 개인방문을 비교,방문자 랭킹의 효용에 의문 제기,고객 방문순위보다 어떤 품목이 팔리는지가 중요하다고 답했다.,분석하려는 정보의 실무 목적이 중요하다.,interview_master.xlsx,04_사건학습,2026-10-05T01:15
I14,과거 인근 약국 재고 전담자,과거 인근 약국,관찰 회고,의약품 구매 규모 큰 운영환경,재고 지속 관리 필요,담당자의 반복 확인 모습,담당자가 아이패드 들고 재고 확인,재고 전담자가 있어도 부족한 약을 주변에서 빌리는 일이 있었다.,전담자의 존재와 업무에 필요한 분석 역량에 대한 의견을 구분한다.,interview_master.xlsx,04_사건학습,2026-10-05T01:15
I15,유명 브랜드 언급 후 추가 구매,현재 약국,상세 사건 회고,집에 보유했을 가능성이 높은 약 언급,고객이 언급한 브랜드 추가 요청,고객 요청·유명도·수익성 인식,다른 제품 설명 대신 요청 브랜드 제공,고객이 요청한 브랜드를 제공했고 낮은 수익성과 설명 변경 부담을 돌아봤다.,이미 언급한 브랜드가 고객의 추가 요청으로 이어졌다.,interview_master.xlsx,04_사건학습,2026-10-05T01:15
I16,세트 진열과 AI 제안 논의,현재 구상＋타유형,미실행 계획·조건부 반응,설명에 에너지 소요·고객 선호 상이,세트로 먼저 보여주기 생각,고객 반응 경험·OTC 구매 규모,세트 구상; AI는 약사 참고형으로 재설명,세트 진열은 계획이며 AI 정보는 일반약 판매가 많은 약국에 더 유용할 수 있다고 답했다.,소비자에게 직접 추천하는 방식과 약사에게 참고정보를 주는 방식을 다르게 받아들인다.,interview_master.xlsx,04_사건학습,2026-10-05T01:15
I17,영업 중 작업 중단과 기억 누락,현재 약국,제안에 대한 반응,짧은 틈에 운영업무 수행,고객이 불규칙하게 도착,현재 업무 처리 방식과 기억 누락 경험,업무중단 경험을 설명하고 알림의 효용에 동의,하던 일을 잊기도 하며 다시 알려주는 알림이 도움이 될 수 있다고 답했다.,중단·재개·완료 상태를 담을 수 있는 근거다.,interview_master.xlsx,04_사건학습,2026-10-05T01:15
I18,휴일 이후 소아환자 집중,현재 약국,혼잡 사례 회고,명절 다음 날 고객 급증,소아환자 집중,처방이 서로 다름,미리 동일 조제하자는 제안에 불가 설명,명절 다음 날 소아환자 집중으로 매우 바빴고 미리 같은 약을 조제하긴 어렵다고 답했다.,방문 수와 별도로 조제 내용의 다양성이 업무량에 영향을 준다.,interview_master.xlsx,04_사건학습,2026-10-05T01:15
I19,장비 삐 소리 고장·수리,현재 약국,고장·수리 회고,장비의 잦은 소리 원인을 묻는 대화,원인 질문,응답자의 고장 및 수리 설명,고장이었고 수리했다고 설명,해당 장비 고장은 수리한 상태라고 답했다.,장비 상태는 수리 전과 수리 후를 나눠 기록한다.,interview_master.xlsx,04_사건학습,2026-10-05T01:15
