claim_id,topic_ko,applies_to,record_type,quote_ko,summary_ko,source_location,source_file,source_sheet,generated_at
E001,개업 시점,현재 약국,자기보고,지금 한 삼 주,인터뷰 당시 개업 약 3주. 개업일: 26.09.09,I0 | 원문 129행,interview_master.xlsx,01_근거대장,2026-10-05T01:15
E002,입지·동일 건물 진료과,현재 약국,자기보고,일층에는 정형외과가 있고 이층에는 이비인후과가,약국은 2층이며 1층 정형외과·같은 층 이비인후과가 언급된다.,I0 | 원문 105행,interview_master.xlsx,01_근거대장,2026-10-05T01:15
E003,동반 개원,현재 약국,자기보고,이비인후과도 신규로 삼 주 전을 … 열어가지고,같은 층 이비인후과도 신규 개원 상태.,"I0 | 원문 141, 153행",interview_master.xlsx,01_근거대장,2026-10-05T01:15
E004,기존 정형외과,현재 약국,자기보고,올해 초에 열었어서 조금 더 된,정형외과에는 약국 개업 전부터 이용하던 환자가 있다.,I0 | 원문 165행,interview_master.xlsx,01_근거대장,2026-10-05T01:15
E005,개국 준비 범위,현재 약국,행동 회고,일반 약 세팅이랑 전문약 … 처음부터 끝까지 다 준비를,일반약·전문약 및 물품·인테리어 준비에 직접 관여했다.,I0 | 원문 189행,interview_master.xlsx,01_근거대장,2026-10-05T01:15
E006,상품 후보 비교,현재 약국,행동 회고,가격도 비교를 하고 디자인도 비교를 하고 성분도 비교를,사이트·제약사 목록에서 가격·디자인·성분을 비교해 상품을 골랐다.,I0 | 원문 309행,interview_master.xlsx,01_근거대장,2026-10-05T01:15
E007,과거 경험 활용,현재 약국＋과거 경험,행동 회고,근무했던 약국에서 사람들이 어떤 거를 선호를 했는지를,과거 근무처의 고객 선호 기억을 현재 초도 상품 선정에 참고했다.,I0 | 원문 369행,interview_master.xlsx,01_근거대장,2026-10-05T01:15
E008,가격·마진 고려,현재 약국,판단 설명,마진도 생각하고 너무 … 비싼 걸 팔 순 없잖아,상품 선정 시 마진과 판매가격 부담을 함께 고려한다.,"I0 | 원문 393, 405행",interview_master.xlsx,01_근거대장,2026-10-05T01:15
E009,진료과 연계 구색,현재 약국,행동 회고,파스 같은 것도 많이 … 준비하고,정형외과 수요를 예상해 파스류를 준비했다.,"I0 | 원문 441, 453행",interview_master.xlsx,01_근거대장,2026-10-05T01:15
E010,일반약 구색 전략,현재 약국,판단 설명,온 김에 뭐 하나 집어가는 그런 거를 하나라도 팔자,2층 입지를 고려해 처방 방문자의 추가 구매를 염두에 두었다.,I0 | 원문 489행,interview_master.xlsx,01_근거대장,2026-10-05T01:15
E011,영양제 초도 구성,현재 약국,행동 회고,영양제를 엄청 살 것 같진 않아서 그래서 영양제는 많이 안,영양제는 많이 들이지 않았다.,I0 | 원문 489행,interview_master.xlsx,01_근거대장,2026-10-05T01:15
E012,워크인 관찰,현재 약국,자기보고,진짜 몇 … 안 돼,처방 외 구매만을 위해 들어오는 방문자는 드물다고 설명한다.,"I0 | 원문 513, 525행",interview_master.xlsx,01_근거대장,2026-10-05T01:15
E013,접근성,현재 약국,자기보고,2층까지 올라와 입구가 들어오기 … 힘든데,층수와 입구 찾기 어려움을 방문 제약으로 인식한다.,"I0 | 원문 573, 585행",interview_master.xlsx,01_근거대장,2026-10-05T01:15
E014,건물 내 치과,현재 약국,운영 설명,교정전문 … 치과기 때문에,정형외과·이비인후과 외에 교정 중심 치과가 같은 건물에 있다고 설명한다.,"I0 | 원문 657, 669행",interview_master.xlsx,01_근거대장,2026-10-05T01:15
E015,학생 수요 예상,현재 약국,행동·결과 회고,청소년 타겟으로 한 제품들이 생각보다 안 나갔고,주변 학교·학원가를 보고 기대한 청소년 상품 수요가 실판매 체감과 달랐다.,I0 | 원문 885행,interview_master.xlsx,01_근거대장,2026-10-05T01:15
E016,상품 수요 차이,현재 약국,결과 회고,소화제 같은 거 잘 안 … 사갖고,"소화제는 기대보다 덜 팔리고, 감기약은 팔린다는 대비 설명.","I0 | 원문 885, 897행",interview_master.xlsx,01_근거대장,2026-10-05T01:15
E017,정형외과 유입 예상 차이,현재 약국,결과 회고,생각보다 많이 안 올라와,같은 건물 정형외과에서 유입될 것으로 기대한 환자가 생각보다 적었다.,I0 | 원문 933행,interview_master.xlsx,01_근거대장,2026-10-05T01:15
E018,기존 이용 동선,현재 약국,자기보고,원래 다니던 사람들도 그냥 옆건물로 가던가,기존 약국 이용 습관과 접근성으로 유입 차이를 설명한다.,I0 | 원문 945행,interview_master.xlsx,01_근거대장,2026-10-05T01:15
E019,후문·엘리베이터,현재 약국,자기보고,후문으로 나오자마자 엘베를 타면 … 바로거든,가까운 이동 경로가 있지만 방문자가 잘 모를 수 있다고 설명한다.,"I0 | 원문 981, 993행",interview_master.xlsx,01_근거대장,2026-10-05T01:15
E020,특정 약국 안내 인식,현재 약국,제도에 대한 인식,병원에서 약국을 지정해주는 건 불법이기 때문에,의료기관의 안내에 제한이 있다고 인식한다.,I0 | 원문 1041행,interview_master.xlsx,01_근거대장,2026-10-05T01:15
E021,의료기관 직원 고객,현재 약국,자기보고,직원들이 한 20명 … 되거든 … 한두 씩은 … 와,인근 의료기관 직원이 점심시간에 구매하러 오는 사례.,"I0 | 원문 1053, 1065, 1077, 1089행",interview_master.xlsx,01_근거대장,2026-10-05T01:15
E022,영업 인지도,현재 약국,자기보고,매일 한다는 걸 좀 잘 모를 수도 있어서,입구 안내 및 매일 영업한다는 사실의 인지가 필요하다고 본다.,I0 | 원문 1089행,interview_master.xlsx,01_근거대장,2026-10-05T01:15
E023,기존 이비인후과 대기,주변 의료기관,전언,대기가 기온 1시간이래,기존 이비인후과 대기가 길다는 말을 들었다.,I0 | 원문 1125행,interview_master.xlsx,01_근거대장,2026-10-05T01:15
E024,신규 의원 인지도,현재 약국·인접 의원,자기보고,검색해서 오는 사람들만 오는,신규 의원의 인지도가 낮아 검색 유입이 중심이라는 체감.,I0 | 원문 1125행,interview_master.xlsx,01_근거대장,2026-10-05T01:15
E025,휴진과 수요,현재 약국·인접 의원,반복 상황 회고,그 병원이 문을 닫는 날에 유난히 우리 병원이 사람 많아,인근 기존 이비인후과 휴진일에 같은 건물 신규 의원이 붐빈다고 설명한다.,I0 | 원문 1137행,interview_master.xlsx,01_근거대장,2026-10-05T01:15
E026,주말·공휴일 운영,현재 약국,자기보고,매일매일 주말까지 하기 때문에 … 쉬는 날 사람이 많아,주말·공휴일 운영과 수요 집중을 설명한다.,"I0 | 원문 1137, 1149행",interview_master.xlsx,01_근거대장,2026-10-05T01:15
E027,수요 변동,현재 약국,자기보고,갑자기 생각보다 안 올 때도 있고,개업 초기 수요가 많고 적은 날을 안정적으로 예측하기 어렵다.,I0 | 원문 1173행,interview_master.xlsx,01_근거대장,2026-10-05T01:15
E028,사전 재고부족 알림,현재 약국,사용 기능 설명,그런 거 없어,현재 사용하는 전산에는 질문한 사전 재고부족 알림이 없다고 답했다.,I0 | 원문 1233행,interview_master.xlsx,01_근거대장,2026-10-05T01:15
E029,잔여 기간 판단,현재 약국,판단 설명,오늘까진 버티는데 내 일은 못 버티겠네,남은 약으로 오늘/내일 수요를 감당할지 약사가 판단한다.,I0 | 원문 1245행,interview_master.xlsx,01_근거대장,2026-10-05T01:15
E030,실물 조회 우선,현재 약국,행동 설명,장소로 보는 게 더 빨라,전산 조회가 가능하지만 자주 나가는 약은 보관 장소를 눈으로 확인하는 편이 빠르다고 설명한다.,I0 | 원문 1305행,interview_master.xlsx,01_근거대장,2026-10-05T01:15
E031,품목 규모와 집중,현재 약국,자기보고,약이 지금 몇 100가지가 … 넘는데 … 자주 쓰는 건 정해져 있거든,품목은 수백 가지이며 자주 쓰는 품목은 일부로 집중된다.,"I0 | 원문 1317, 1329행",interview_master.xlsx,01_근거대장,2026-10-05T01:15
E032,품절 근접 경험,현재 약국,사례 회고,아슬아슬하게 그런 적이 있지,재고가 부족해질 뻔한 경험이 있다.,I0 | 원문 1341행,interview_master.xlsx,01_근거대장,2026-10-05T01:15
E033,외부 공급 품절,업계·가정 사례,설명·가정,갑자기 … 독감 약이 싹 … 품절이인 거야,유행기에는 주문처 자체가 품절되어 보충이 막힐 수 있다고 설명한다.,"I0 | 원문 1173, 1401, 1413행",interview_master.xlsx,01_근거대장,2026-10-05T01:15
E034,초기 현금 부담,현재 약국,제약 설명,지금 수익도 안 났는데 지금 약값을 그렇게 무한정 그렇게 할 수가 … 없잖아,개업 초기 약품 구매대금 증가와 현금 부담을 우려한다.,"I0 | 원문 1449, 1461행",interview_master.xlsx,01_근거대장,2026-10-05T01:15
E035,유효기간·공간,현재 약국·일반 조건,제약 설명,유통기한이 있어 … 공간도 부족해,의약품 보유에는 유효기간과 보관 공간 제약이 있다.,"I0 | 원문 1497, 1725행",interview_master.xlsx,01_근거대장,2026-10-05T01:15
E036,높은 회전과 재고,다른 운영형 비교,판단 설명,회전율이 높으면은 그만큼 쌓아놔도 … 몇 달 안에 다 나가는 양이니까,판매가 안정적이고 회전이 높을 때와 신규 약국의 재고 판단을 비교한다.,I0 | 원문 1521행,interview_master.xlsx,01_근거대장,2026-10-05T01:15
E037,수요 이력 부족,현재 약국,자기보고,우리는 아직 예측이 안 되잖아 … 데이터가 안 쌓였잖아,현재 약국에는 충분한 운영 이력이 없다.,"I0 | 원문 1521, 1533행",interview_master.xlsx,01_근거대장,2026-10-05T01:15
E038,반품 조건,거래 관행 설명,조건·예시,80% 정도 밖에 뭐 반품을 안 해준다던가,임박품 미반품·반품 거절·부분 환급 등 다양한 조건을 언급한다.,I0 | 원문 1593행,interview_master.xlsx,01_근거대장,2026-10-05T01:15
E039,코로나 키트 장기재고,과거 근무 약국,사례 회고,그 이후에 코로나 기트를 엄청 사놨어 … 살 일이 없는 거야,과거 근무처의 유행 이후 키트 재고 잔류 사례.,I0 | 원문 1617행,interview_master.xlsx,01_근거대장,2026-10-05T01:15
E040,코로나 키트 문의,현재 약국,문의 빈도 설명,하루 한 … 번씩,인터뷰어가 현 약국에서 문의 고객을 본 경험을 말하자 하루 한 번 정도 찾는다고 답했다.,"I0 | 원문 1653, 1665행",interview_master.xlsx,01_근거대장,2026-10-05T01:15
E041,재고 금액 인식,업계 일반,의견,그 결제 비용이 엄청나,환자 결제액과 재고 매입 부담이 다르다고 인식한다.,I0 | 원문 1713행,interview_master.xlsx,01_근거대장,2026-10-05T01:15
E042,재고 정확도 저하,현재와 장기운영 비교,자기보고,이게 누적되면은 … 엄청나 그냥 안 맞아,시간이 지나며 전산과 실물 재고 오차가 누적될 수 있다고 설명한다.,"I0 | 원문 1761, 1773행",interview_master.xlsx,01_근거대장,2026-10-05T01:15
E043,출고기록 부담,현재·업계 경험,원인 설명,나갈 때마다 그걸 체크를 하기가 힘들거든,모든 재고 이동을 정확히 입력하기 어려운 점을 원인으로 든다.,I0 | 원문 1785행,interview_master.xlsx,01_근거대장,2026-10-05T01:15
E044,대체조제 제약 인식,업계 일반,제도에 대한 인식,같은 약이라고 국가에서 인증한 것만 바꿔줄 수가 … 있어,대체조제에는 제약과 확인 절차가 있다는 설명.,"I0 | 원문 1893, 1905행",interview_master.xlsx,01_근거대장,2026-10-05T01:15
E045,인력 공백 대응,현재 약국·가정 상황,가정 응답,친구한테 도와달라고 해야지,보조가 필요할 때 경험 있는 지인에게 도움을 요청하는 방안을 말한다.,I0 | 원문 2133행,interview_master.xlsx,01_근거대장,2026-10-05T01:15
E046,신규 보조 교육,현재 약국,경험 설명,처음부터 A2G 다 알려줘야 돼,짧게라도 경험한 보조자와 완전 초보자의 교육 부담이 다르다.,I0 | 원문 2193행,interview_master.xlsx,01_근거대장,2026-10-05T01:15
E047,경고창·호출,현재 약국,인터뷰어 경험,한 세 번에 한 번은 결국엔 불러야 되더라고,인터뷰어는 경고창 때문에 약사 확인을 자주 요청한 경험을 설명한다.,I0 | 원문 2247행,interview_master.xlsx,01_근거대장,2026-10-05T01:15
E048,경고 확인의 역할,현재 약국,역할 설명,불편한데 그게 약사의 역할이야.,인터뷰어의 경고창 확인 부담에 대해 불편하지만 약사의 역할이라고 답했다.,I0 | 원문 2265행,interview_master.xlsx,01_근거대장,2026-10-05T01:15
E049,진열 재구성,현재 약국,행동 회고,그 오늘 진열 싹 다시 … 했어,카테고리와 주력 상품을 고려해 진열을 바꿨다.,"I0 | 원문 2289, 2301행",interview_master.xlsx,01_근거대장,2026-10-05T01:15
E050,어린이 칫솔 위치 변경,현재 약국,사례 회고,계산대 아래 … 제일 아래 … 애기들 칫솔을 놨거든,구석에 있던 캐릭터 칫솔을 계산대 하단으로 옮겼다.,"I0 | 원문 2397, 2409행",interview_master.xlsx,01_근거대장,2026-10-05T01:15
E051,관심과 구매 분리,현재 약국,결과 회고,걔 결국은 안 사긴 … 했는데,아이가 관심을 강하게 보였으나 그 사례에서는 구매하지 않았다.,"I0 | 원문 2445, 2457행",interview_master.xlsx,01_근거대장,2026-10-05T01:15
E052,보호자 부담 인식,현재 약국,의견·가정,엄마가 나 같으면 … 안 가,아이에게 보호자 구매를 조르게 하는 접근이 재방문에 불리할 수 있다고 본다.,"I0 | 원문 2481, 2493행",interview_master.xlsx,01_근거대장,2026-10-05T01:15
E053,안마봉 판매,현재 약국,사례 회고,안마봉 그거 다 팔렸어 … 만지졌거리다가,소파에서 만져보던 안마봉이 전부 팔렸다는 사례.,"I0 | 원문 2565, 2577행",interview_master.xlsx,01_근거대장,2026-10-05T01:15
E054,구매자 정보 미기록,현재 약국,행동 설명,그건 이제 우리가 눈으로 … 보면서 보는 거지,일반상품 구매자 특성은 관찰로 파악하며 매번 나이 등을 묻지 않는다.,"I0 | 원문 2637, 2649행",interview_master.xlsx,01_근거대장,2026-10-05T01:15
E055,처방과 일반약 구매 연결,현재 약국,기능 자기보고,그런 건 저장이 안 … 돼,처방 방문자의 일반약 동시구매 이력이 자동 연결되지 않는다고 답한다.,"I0 | 원문 2733, 2745행",interview_master.xlsx,01_근거대장,2026-10-05T01:15
E056,수기 기록의 조건,본인 운영 방식,판단 설명,그걸 해서 얻는 게 있으면은 적는 거지,기록 부담 자체보다 기록으로 얻는 효용을 기준으로 수기 기록 여부를 본다.,I0 | 원문 2853행,interview_master.xlsx,01_근거대장,2026-10-05T01:15
E057,단골 구매 메모,응답자의 운영 방식,업무 설명,저번에 먹었던 거 주세요 하면은 뭔지 기억이 안 … 나니까,다음에 같은 제품을 찾는 단골 상담을 위해 영양제 구매 내용을 적는다고 설명한다.,"I0 | 원문 2877, 2889행",interview_master.xlsx,01_근거대장,2026-10-05T01:15
E058,전산 메모 입력,응답자의 전산 사용 설명,업무 설명,거기 외모 이런 데다가 이 사람 뭐 사갔음,처방전으로 고객 정보를 연 뒤 구매 내용을 메모하는 방식을 설명한다.,I0 | 원문 2901행,interview_master.xlsx,01_근거대장,2026-10-05T01:15
E059,전산 공급자,현재 약국,자기보고,그거 유료야 유로 유로 그냥 … 사립 그냥 업체야,민간 유료 전산 프로그램을 쓴다는 답변.,"I0 | 원문 2973, 2985행",interview_master.xlsx,01_근거대장,2026-10-05T01:15
E060,자동 상담기록 제안,인터뷰어 아이디어,솔루션 제안,메모를 자동으로 남겨 주는 거지 대화 … 내용으로만,인터뷰어가 음성으로 자동 상담 메모를 제안했다.,"I0 | 원문 3039, 3051행",interview_master.xlsx,01_근거대장,2026-10-05T01:15
E061,자동 수집 거부 조건,본인 의견,거부·제약 설명,내가 원하는 게 아니잖아 자동으로 수집을 하는 거잖아,건강 대화의 비동의 자동 수집·외부 이용·보관에 우려를 밝혔다.,I0 | 원문 3177행,interview_master.xlsx,01_근거대장,2026-10-05T01:15
E062,기록 동의 의견,본인 의견,조건 설명,어쨌든 동의 얻어야 되지 않을까,다음 상담을 돕는 목적을 설명하고 동의를 받는 방식은 고려할 수 있다는 의견.,I0 | 원문 3369행,interview_master.xlsx,01_근거대장,2026-10-05T01:15
E063,기존 전산 분석력,현재·과거 시스템 비교,평가,분석력이나 이런 건 좀 … 떨어지고,기본 기능은 있으나 분석력은 부족하다고 느낀다.,"I0 | 원문 3633, 3645행",interview_master.xlsx,01_근거대장,2026-10-05T01:15
E064,거래처 분산,현재·일반 운영,설명,거래처가 너무 많아,여러 거래처에 분산된 공급 정보를 한눈에 보기 어렵다는 설명.,I0 | 원문 3561행,interview_master.xlsx,01_근거대장,2026-10-05T01:15
E065,고객 랭킹 효용,현재 운영 관점,반박·판단 설명,어떤 충복이 많이 팔렸는가 이런 게 중요하지,개별 방문 순위보다 어떤 품목이 팔리는지가 더 중요하다는 답.,I0 | 원문 3669행,interview_master.xlsx,01_근거대장,2026-10-05T01:15
E066,다중 사용 맥락,약품·상품 일반,설명·예시,한 종류에만 쓰이는 게 아니고 여러 카테고리 … 쓰이거든,동일 상품이 여러 고객의 구매 맥락과 진열 후보에 걸칠 수 있다는 설명.,"I0 | 원문 3909, 3921행",interview_master.xlsx,01_근거대장,2026-10-05T01:15
E067,포장 인식,상품 일반,설명·예시,약 표지가 약간 그쪽 뷰티 쪽으로 돼 있으면,포장 이미지가 소비자가 인식하는 용도에 영향을 준다고 본다.,I0 | 원문 4077행,interview_master.xlsx,01_근거대장,2026-10-05T01:15
E068,진열 공간 제약,현재 약국,제약 설명,공간이 한정적이고,여러 맥락에 해당하는 제품을 모두 원하는 위치에 배치하기 어렵다.,I0 | 원문 4245행,interview_master.xlsx,01_근거대장,2026-10-05T01:15
E069,운영 업무 다중 역할,현재·본인 경험,업무 설명,직원도 부려야 되고 … 거래도 계속 … 해야 되고,직원·거래처·진열·마케팅·시설·청소·재고·상담을 함께 관리한다.,"I0 | 원문 4377, 4401, 4413행",interview_master.xlsx,01_근거대장,2026-10-05T01:15
E070,보조직원 기대 차이,일반 경험,의견,단순 알바처럼 생각을 하고,일부 보조직원에 대해 기대하는 운영 업무와 실제 역할 인식에 차이가 있다고 본다.,I0 | 원문 4497행,interview_master.xlsx,01_근거대장,2026-10-05T01:15
E071,전문 인력 비용,본인 의견,선호·제약 설명,그 정도로 돈을 난 안 … 쓰고 싶다,전문 경영인력의 필요성은 인정하지만 비용 지출 의향은 낮다.,"I0 | 원문 4581, 4593행",interview_master.xlsx,01_근거대장,2026-10-05T01:15
E072,안정적 처방 약국 비교,다른 약국 일반,의견,대충 약 잘 갖다 놓으면 그냥 가만히만 있어도,안정적 처방 수요를 가진 일부 약국은 변화 유인이 약하다고 본다.,I0 | 원문 4701행,interview_master.xlsx,01_근거대장,2026-10-05T01:15
E073,대형약국 구매 규모,과거 근무 경험,사례 설명,그 재고 파악이나 이런 게 안 되면 … 현금 흐름이 중요하기,과거 대형약국의 구매규모와 현금흐름 관리 중요성을 설명한다.,I0 | 원문 4749행,interview_master.xlsx,01_근거대장,2026-10-05T01:15
E074,인근 대형약국 담당자,과거 인근 약국 관찰,행동·결과 회고,아이패드 들고 다니면서 맨날 했거든 … 빌리러 오고,재고 전담자가 있어도 부족해 주변에서 빌리는 사례를 보았다.,I0 | 원문 4809행,interview_master.xlsx,01_근거대장,2026-10-05T01:15
E075,전문 담당자 의견,과거 경험에 대한 평가,규범적 의견,고스펙의 사람이어야 된다고 생각을 … 했거든,대규모 재고는 분석 역량 있는 인력이 맡아야 한다는 의견.,"I0 | 원문 4725, 4737행",interview_master.xlsx,01_근거대장,2026-10-05T01:15
E076,약국별 차이,약국 전반,비교 의견,약국마다 특성이 다 달라,역·주거·유흥 상권 등에 따라 필요한 운영이 다르다고 본다.,I0 | 원문 4977행,interview_master.xlsx,01_근거대장,2026-10-05T01:15
E077,상담·대기 충돌,현재·업계 경험,업무 설명,길게 상담 받고 싶었잖아 근데 그 뒤에 사람들은 기다리잖아,긴 상담 요구와 뒤 고객 대기 간 운영 부담을 설명한다.,I0 | 원문 5229행,interview_master.xlsx,01_근거대장,2026-10-05T01:15
E078,수가와 서비스 인식,업계 일반,제도·경제 인식,그 작은 숫가 안에 이 재고 관리랑 고객 지도랑 약국 전반적인 업무가,보상·고정비 구조가 상담과 인력 투자를 제한한다고 느낀다.,I0 | 원문 5421행,interview_master.xlsx,01_근거대장,2026-10-05T01:15
E079,브랜드 상품 마진 인식,본인 운영 경험,가격·수익 진술,타이레놀 남지가 … 않아,특정 유명 상품의 낮은 수익성을 설명한다.,"I0 | 원문 5985, 5997행",interview_master.xlsx,01_근거대장,2026-10-05T01:15
E080,브랜드 언급의 결과,현재 약국,사례 회고,집에 있는 타이레놀이랑 같이 먹어도 된다라고 … 그럼 타이레놀 주세요,집에 있을 수 있는 브랜드를 언급한 뒤 고객이 해당 제품을 구매한 사례.,"I0 | 원문 5961, 5973행",interview_master.xlsx,01_근거대장,2026-10-05T01:15
E081,설명 변경 부담,현재 약국,사례 판단,이렇게 말이 … 붙어야 되잖아 … 그냥 타이러 잡지,다른 제품으로 설명을 바꾸는 부담 때문에 요청한 브랜드를 준 맥락.,"I0 | 원문 6057, 6069행",interview_master.xlsx,01_근거대장,2026-10-05T01:15
E082,병용 효능 주장,약품 일반,임상 주장,같이 먹으면은 효과가 더 … 좋아,약 조합을 설명하는 과정에서 병용 효과에 대한 견해를 말했다. 이 자료에는 조합의 의학적 판단을 추가하지 않는다.,"I0 | 원문 5901, 5913행",interview_master.xlsx,01_근거대장,2026-10-05T01:15
E083,재방문 분석 제안,인터뷰어 아이디어,솔루션 제안,그 사람들이 온 그런 게 생각보다 많이 있을 수도 있잖아,묶음 권유 후 재방문 여부로 수용성을 보자는 제안.,"I0 | 원문 6135, 6147행",interview_master.xlsx,01_근거대장,2026-10-05T01:15
E084,고객 선호 다양성,본인 경험,자기보고,하나만 주면 안 돼요 이런 사람 … 되게 많아,복수 제품 권유에 대한 고객 선호가 다르다고 설명한다.,"I0 | 원문 6285, 6297행",interview_master.xlsx,01_근거대장,2026-10-05T01:15
E085,세트 구상,현재 약국,미실행 계획,아예 그냥 해보려고 하는 게 세트를 만들어서,세 제품 묶음 진열을 시도해 설명 부담을 줄여보려는 생각.,I0 | 원문 6321행,interview_master.xlsx,01_근거대장,2026-10-05T01:15
E086,전문가 역할 우려,본인 의견,거부 조건,뭐 하러 약사가 있어,AI가 직접 추천을 대신하는 방식에 전문 역할 관련 우려를 밝혔다.,I0 | 원문 6465행,interview_master.xlsx,01_근거대장,2026-10-05T01:15
E087,약사 보조형 반응,현재 및 다른 유형,제안에 대한 조건부 동의,일반 약이 많이 팔린 약국에서는 되게 도움이 되겠지,약사에게 판매·마진 참고정보를 주는 제안은 일반약 비중이 큰 곳에 유용할 수 있다고 답했다.,I0 | 원문 6501행,interview_master.xlsx,01_근거대장,2026-10-05T01:15
E088,일반약 구매자 규모,현재 약국,거친 수량 진술,10명 15명 뭐 이렇게 많으면 15명,"하루 일반약 구매자가 많지 않다고 하며 10~15명, 많으면 15명이라고 설명한다.",I0 | 원문 6513행,interview_master.xlsx,01_근거대장,2026-10-05T01:15
E089,운영 우선과 매출구조,유형 비교,판단 설명,전문 약을 많이 하는 데는 재고가 중요하고 … 일반 약을 많이 하는 데는 일반 약이 중요하고,처방/일반약 운영 비중에 따라 우선 관리 대상이 달라진다는 비교.,I0 | 원문 6597행,interview_master.xlsx,01_근거대장,2026-10-05T01:15
E090,창고형 고객의 선택 방식,다른 유형에 대한 의견,비교 의견,창고용은 아니다 … 사람들이 지가 직접 고르러 가는 거기,처음에는 추천정보가 유용할 수 있다고 했다가 직접 비교·선택하는 고객 행동을 추가로 고려했다.,I0 | 원문 6717행,interview_master.xlsx,01_근거대장,2026-10-05T01:15
E091,입지 컨설팅 이해상충,다른 서비스 의견,비판·의견,올 약사 … 구함 이거기 … 때문에,일부 개국 컨설팅은 입점 계약 성사에 초점이 있다고 인식한다.,"I0 | 원문 6957, 6969, 6981행",interview_master.xlsx,01_근거대장,2026-10-05T01:15
E092,컨설팅 정보 범위,서비스 경험·의견,자기보고,그런 거 안 하지,상품별 예상판매까지 제공하는지 질문에 부정적으로 답하고 병원·유동 요소 중심이라고 설명한다.,I0 | 원문 7041행,interview_master.xlsx,01_근거대장,2026-10-05T01:15
E093,업무 처리 시간,현재 약국,행동 설명,사람 없을 때 하지 … 짤박짤막할 때 하지,영업 중 고객이 없는 짧은 틈에 정리·발주 업무를 처리한다.,"I0 | 원문 7245, 7269행",interview_master.xlsx,01_근거대장,2026-10-05T01:15
E094,중단·기억 누락,현재 약국,유도 질문 뒤 인정,하다가도 하던 일을 까먹을 수 있지 그거 알림을 주면 좋긴 하지,불규칙 고객 응대로 업무를 중단하면 잊을 수 있고 알림이 도움이 될 수 있다는 답.,I0 | 원문 7581행,interview_master.xlsx,01_근거대장,2026-10-05T01:15
E096,휴일 이후 소아 집중,현재 약국,사례 회고,추석 다음 날에 진짜 헬이었거든 … 애기를 너무 많이 와가지고,명절 다음 날 소아환자 집중으로 업무 부담이 컸다고 회고했다.,"I0 | 원문 7953, 7977행",interview_master.xlsx,01_근거대장,2026-10-05T01:15
E097,소아 조제 사전처리 한계,현재 약국,제약 설명,그 애기 이야기 다 다른데 … 엄청 달라,미리 약을 빻아두자는 제안에 처방이 다르기 때문에 어렵다고 답했다.,"I0 | 원문 8001, 8043행",interview_master.xlsx,01_근거대장,2026-10-05T01:15
E098,장비 고장과 수리,현재 약국,결과 설명,그거 그거 고장 … 나서 그래 … 이제 고쳤어,자주 울리던 장비 소리는 고장 때문이었고 수리한 상태라고 답했다.,"I0 | 원문 8085, 8097, 8109행",interview_master.xlsx,01_근거대장,2026-10-05T01:15
U001,약사 인원,현재 약국,사용자 보완,우리언니 그 약국이 약사2명이 운영해,약사 2인 운영이라는 별도 사용자 확인.,U1 | 사용자 보완: 약사 2인 운영,interview_master.xlsx,01_근거대장,2026-10-05T01:15
