rule_id,title_ko,statement_type,situation_ko,info_considered_ko,judgement_ko,reading_note_ko,source_file,source_sheet,generated_at
R01,자주 쓰는 품목의 빠른 실물 확인,현재 행동에서 추출,자주 쓰는 품목이고 실물 확인이 빠른 업무 상황,주력품목 목록·실물/전산 접근성,자주 나가는 약은 보관 장소를 눈으로 확인한다.,주력품목에 적용하는 확인 방식이다.,interview_master.xlsx,03_규칙대장,2026-10-05T01:15
R02,잔여량으로 오늘·내일 감당 가능성 판단,현재 판단에서 추출,재고 확인 시,남은 양·체감 사용속도,오늘은 버티지만 내일은 어려울지를 사람이 판단한다.,원문에서 확인된 것은 오늘·내일 감당 가능성 판단이다. 실제 주문량 산식은 상황 입력에 따라 정한다.,interview_master.xlsx,03_규칙대장,2026-10-05T01:15
R03,개업 초기 자금·재고 부담 함께 고려,현재 판단에서 추출,운영이력 부족＋구매대금 부담,가용 예산·회전 불확실성·보관·유효기간,품절 우려가 있어도 무한정 미리 사두지는 못한다.,회전이 높고 자금에 여유가 있으면 더 보유할 수 있다고도 설명했다.,interview_master.xlsx,03_규칙대장,2026-10-05T01:15
R04,반품을 쉽게 되돌릴 수 있는 선택으로 보지 않음,거래조건 설명에서 추출,과잉재고 가능성을 검토할 때,거래처별 허용·기한·환급조건,반품 조건이 불리할 수 있으므로 가능한 한 반품을 피하는 편이 이득이라고 본다.,반품 조건은 거래처·품목에 따라 다르다.,interview_master.xlsx,03_규칙대장,2026-10-05T01:15
R05,초도 상품을 여러 기준으로 비교,현재 행동에서 추출,신규 구색 선정,과거 선호 경험·제약사 목록·성분·가격·디자인·마진,경험과 제품목록을 함께 보며 비교해 일반약을 선정했다.,비교 기준 목록을 사용하고 수치 가중치는 붙이지 않는다.,interview_master.xlsx,03_규칙대장,2026-10-05T01:15
R06,실제 방문 목적에 맞춘 구색 계획,현재 행동에서 추출,2층·워크인 적을 것으로 예상한 개국 상황,주요 진료과·접근성·방문 목적 예상,파스·상비약을 준비하고 방문 중 추가 구매를 염두에 두며 영양제는 많이 두지 않았다.,현재 약국의 초기 구색 선정 사례다.,interview_master.xlsx,03_규칙대장,2026-10-05T01:15
R07,진열 반응을 직접 관찰,현재 행동에서 추출,진열을 바꾼 후,변경 위치·고객 관심·실판매,칫솔에 아이가 관심을 보이고 안마봉이 팔리는 모습을 관찰했다.,"관심을 보인 아이의 구매는 없었고, 안마봉은 보유분 판매 사례다.",interview_master.xlsx,03_규칙대장,2026-10-05T01:15
R08,주변 휴진과 혼잡을 연결해 인식,관찰된 관계에서 추출,기존 이비인후과가 쉬는 날,기관별 진료 일정·신규 의원 환자 흐름,기존 의원 휴진일에 신규 의원이 붐비는 경향을 말한다.,주변 의원 휴진과 혼잡을 연결한 관찰이다.,interview_master.xlsx,03_규칙대장,2026-10-05T01:15
R09,기록의 후속 효용이 있으면 수기 입력도 가능,현재/과거 방식에서 추출,다음 상담에서 구매제품을 기억할 필요,기록 노력·다음 사용 목적,얻는 게 있으면 기록하며 단골 영양제 메모 용도를 설명했다.,다음 상담에 도움이 되는 기록을 예로 들었다.,interview_master.xlsx,03_규칙대장,2026-10-05T01:15
R10,방문자 랭킹보다 상품 판매정보 우선,현재 의견에서 추출,고객 방문순 정렬 기능을 제안받은 상황,품목 판매·개별 방문순위의 목적,특정 고객의 방문횟수보다 어떤 품목이 팔리는지가 중요하다고 답한다.,상품 분석과 상담용 메모는 서로 다른 용도다.,interview_master.xlsx,03_규칙대장,2026-10-05T01:15
R11,마진·설명 부담·고객 요청을 함께 고려,현재 사례에서 추출,이미 특정 브랜드가 대화에 나온 상황,요청제품·대체 설명부담·수익성 인식,유명 브랜드를 언급한 뒤 고객 요청에 따라 제공했고 다른 제품 설명 부담을 말한다.,상품의 수익성과 추가 설명에 드는 부담을 함께 고려한 사례다.,interview_master.xlsx,03_규칙대장,2026-10-05T01:15
R12,고객마다 복수 제품 권유 수용이 다름,현재 경험에서 추출,여러 제품을 권할 때,고객의 명시적 요청·필요,한 제품만 원하는 고객도 많다고 설명한다.,세트 진열은 앞으로 해보려는 계획이다.,interview_master.xlsx,03_규칙대장,2026-10-05T01:15
R13,비동의 음성 수집과 외부 이용에 우려,현재 의견에서 추출,자동 상담기록 기능 제안,동의·건강정보·외부이용·보관,기록과 수집 과정 자체의 거부 가능성을 설명한다.,자동 기록을 실제 도입한 경험이 아닌 수용조건에 대한 의견이다.,interview_master.xlsx,03_규칙대장,2026-10-05T01:15
R14,약사에게 참고정보를 제공하는 형태의 조건부 수용,제안 반응에서 추출,AI 조합 제안을 누구에게 보여줄지 설명한 후,추천 대상·약사 역할·일반약 판매규모,"직접 대체에는 우려, 약사에게 경영 참고정보를 주는 형태에는 조건부 긍정.",일반약 판매가 많은 약국에 더 유용할 수 있다는 조건이 붙는다.,interview_master.xlsx,03_규칙대장,2026-10-05T01:15
R15,인원보다 수행 가능한 업무를 확인,현재 경험에서 추출,단기 도움 또는 신규 보조자 투입,경험·교육·경고처리 권한,경험이 조금 있어도 교육이 필요하고 초보자는 바로 처리하기 어렵다.,신규 보조인력 교육과 약사 확인이 필요한 업무를 함께 본다.,interview_master.xlsx,03_규칙대장,2026-10-05T01:15
R16,인력 공백 시 지인 도움 고려,가정 응답에서 추출,도움을 받을 사람이 오지 못하는 가정,부족 역할·해당 업무 경험,지인에게 도움을 요청해야 한다고 답했다.,도움을 받을 인력이 오지 못한다는 가정에 대한 답변이다.,interview_master.xlsx,03_규칙대장,2026-10-05T01:15
R17,영업 중 한가한 틈에 운영업무 처리,현재 행동에서 추출,손님 없는 짧은 시간,혼잡 상태·미완료업무,중간중간 정리·발주 업무를 하고 너무 바쁘면 마감 후 처리한다고 설명한다.,영업 중 처리할 여유가 없을 때는 마감 후로 넘어간다.,interview_master.xlsx,03_규칙대장,2026-10-05T01:15
R18,중단업무 알림의 유용성 후보,제안에 대한 반응,불규칙한 고객 응대로 작업 중단,미완료업무·이전 단계,잊는 일이 있고 알림이 좋을 수 있다고 인정한다.,인터뷰어가 제안한 알림에 대해 불편과 효용을 인정한 답변이다.,interview_master.xlsx,03_규칙대장,2026-10-05T01:15
