variable_id,category_code,category_ko,label_ko,interview_finding_ko,usage_note_ko,applies_to,impl_name,value_format,data_scope,data_scope_note,slice1,source_file,source_sheet,generated_at
P001,fixed_attribute,1 고정 속성,약국 층수,2층에 있는 약국이다.,층수와 접근 경로를 함께 설정한다.,현재 약국,pharmacy.floor,정수(층) · 이전 시,world_linked,,,interview_master.xlsx,02_변수사전,2026-10-05T01:15
P002,fixed_attribute,1 고정 속성,운영 단계,인터뷰 당시 개업 약 3주차다.,수요와 상품 구성에 대한 경험이 쌓이는 초기 단계로 둔다.,현재 약국,pharmacy.operating_age,근사 기간(주) · 시점별,world_linked,,,interview_master.xlsx,02_변수사전,2026-10-05T01:15
P004,fixed_attribute,1 고정 속성,운영 약사 수,약사 2인이 함께 운영한다.,기본 운영인원은 2명으로 둔다. 현재 출근인원과는 구별한다.,현재 약국,pharmacy.pharmacist_count,정수(명) · 인력 변경 시,world_linked,,,interview_master.xlsx,02_변수사전,2026-10-05T01:15
P006,fixed_attribute,1 고정 속성,응답자의 담당 업무,"일반약·전문약 세팅, 비품, 진열, 인테리어·조명 등 개국 준비와 운영 전반에 직접 관여한다.",상품·재고·인력·거래처·시설·상담에 걸친 역할을 담는다.,현재 약국 / 현재·본인 경험,owner.roles,다중값 · 분담 변경,interview_only,운영자 역할 (인터뷰),,interview_master.xlsx,02_변수사전,2026-10-05T01:15
P008,fixed_attribute,1 고정 속성,과거 근무 경험,이전 약국과 규모가 큰 약국에서 근무한 경험이 있다.,초도 상품 선정에 참고하는 경험으로 보관한다. 과거 약국의 재고·직원은 현재 값과 분리한다.,과거 경험에 대한 평가 / 과거 근무 경험 / 현재 약국＋과거 경험,owner.previous_experience,다중값 · 이력 추가,interview_only,과거 근무 경험 (인터뷰),,interview_master.xlsx,02_변수사전,2026-10-05T01:15
P010,fixed_attribute,1 고정 속성,주요 처방 유입 맥락,같은 건물의 정형외과와 신규 이비인후과를 중심으로 수요를 설명한다.,진료과별 수요를 고려하는 맥락으로 쓴다.,현재 약국,pharmacy.primary_clinic_types,범주 목록 · 주변 기관 변화 시,world_linked,,,interview_master.xlsx,02_변수사전,2026-10-05T01:15
P011,fixed_attribute,1 고정 속성,같은 건물의 의료기관 구성,"원문에 정형외과, 이비인후과, 교정 중심 치과가 나온다. 치과의 처방 연계는 제한적이라고 설명한다.",주요 처방원 2곳과 건물 내 의료기관 구성을 따로 기록한다.,팀 회의 / 현재 약국,pharmacy.cobuilding_medical_types,기관 목록 · 기관 변경 시,world_linked,,,interview_master.xlsx,02_변수사전,2026-10-05T01:15
P012,fixed_attribute,1 고정 속성,의료기관별 운영 이력,"이비인후과는 약국과 비슷한 시기에 개원했고, 정형외과는 그해 초부터 운영해 기존 환자가 있다.",신규 의원의 인지도 형성과 기존 환자의 이용 습관을 나눠 본다.,현재 약국,pharmacy.clinic_relationships,객체 · 입점·개원 변화,world_linked,,,interview_master.xlsx,02_변수사전,2026-10-05T01:15
P013,fixed_attribute,1 고정 속성,이동 경로,정형외과 후문에서 엘리베이터를 타면 약국으로 바로 올라올 수 있다.,같은 건물 여부 외에 실제 이동 경로를 담는다.,현재 약국,pharmacy.access_route,텍스트 · 동선 변경,world_linked,,,interview_master.xlsx,02_변수사전,2026-10-05T01:15
P014,fixed_attribute,1 고정 속성,입구·동선 인지,약국 입구와 후문·엘리베이터 동선을 잘 모르는 환자가 있다.,물리적으로 가깝더라도 찾아오기 어려운 상황을 표현한다.,현재 약국,pharmacy.entrance_discoverability,범주 · 안내·간판 변경,world_linked,,,interview_master.xlsx,02_변수사전,2026-10-05T01:15
P015,fixed_attribute,1 고정 속성,주변 상권,학교와 학원이 많은 지역이다.,초기 고객·상품 수요를 예상한 배경으로 둔다.,현재 약국,area.land_use_context,다중값 · 지역 변화,world_linked,,,interview_master.xlsx,02_변수사전,2026-10-05T01:15
P016,fixed_attribute,1 고정 속성,영업일 방침,매일 운영하며 주말·공휴일에도 문을 연다고 설명한다.,휴일 수요를 다룰 때 약국의 영업 여부를 함께 반영한다.,현재 약국,pharmacy.operating_days,객체 · 영업 변경,world_linked,,,interview_master.xlsx,02_변수사전,2026-10-05T01:15
P018,fixed_attribute,1 고정 속성,운영 중심,처방 방문과 연계된 수요가 중심이며 일반약 구매는 상대적으로 적다.,처방 중심 혼합형이라는 정성 설명으로 쓴다. 비율을 임의 숫자로 바꾸지 않는다.,유형 비교 / 현재 약국,pharmacy.operating_mix_label,정성 범주 · 운영 변화 시,world_linked,,,interview_master.xlsx,02_변수사전,2026-10-05T01:15
P020,fixed_attribute,1 고정 속성,워크인 유입,일반약이나 상품만 사러 찾아오는 고객은 드물다.,처방 방문자의 추가 구매를 고려한 구색 전략과 연결한다.,현재 약국,pharmacy.walkin_pattern,정성 범주 · 관찰 기간별,world_linked,,,interview_master.xlsx,02_변수사전,2026-10-05T01:15
P022,fixed_attribute,1 고정 속성,사용 전산의 성격,민간 유료 프로그램을 사용한다. 재고·매출·환자 관련 기본 기능은 있으나 분석은 단순하다고 느낀다.,이 운영자가 사용하는 전산의 기능과 평가를 담는다.,현재 약국,pharmacy.software_usage,기능 목록·평가 · 도구 변경 시,world_linked,,,interview_master.xlsx,02_변수사전,2026-10-05T01:15
C001,structural_constraint,2 구조적 제약,재고 구매대금 부담,개업 초기라 수익이 충분히 나기 전에 약 구매대금을 크게 늘리기 부담스럽다.,품절 방지와 구매대금 부담을 함께 고려한다.,현재 약국,constraint.working_capital,정성 제약 · 자금 사정 변화 시,world_linked,,,interview_master.xlsx,02_변수사전,2026-10-05T01:15
C002,structural_constraint,2 구조적 제약,결제 주기 부담,약을 많이 사두면 월 단위로 결제해야 할 금액이 커진다.,구매 시점의 현금 유출 부담을 담는다.,현재 약국,constraint.payment_terms,조건 설명 · 거래조건 변경 시,world_linked,,,interview_master.xlsx,02_변수사전,2026-10-05T01:15
C003,structural_constraint,2 구조적 제약,거래처별 반품 조건,"반품을 받지 않거나, 유효기간 임박품을 제한하거나, 일부 금액만 돌려주는 경우가 있다.",반품을 모두 가능한 회수수단으로 보지 않는다. 80% 환급은 원문에서 든 조건 예시다.,거래 관행 설명,constraint.return_policy,조건 목록 · 거래처별,world_linked,,,interview_master.xlsx,02_변수사전,2026-10-05T01:15
C005,structural_constraint,2 구조적 제약,반품 가능 기간,유효기간이 가까워진 상품은 반품이 제한될 수 있다.,잔여 유효기간과 반품 가능 여부를 함께 확인하는 항목이다.,거래 관행 설명,constraint.return_deadline,객체/NULL · 계약·로트별,world_linked,,,interview_master.xlsx,02_변수사전,2026-10-05T01:15
C006,structural_constraint,2 구조적 제약,보관 공간,의약품을 많이 쌓아둘 공간이 부족하다.,재고 확대의 제약으로 담는다.,현재 약국 / 현재 약국·일반 조건,constraint.storage_capacity,객체/NULL · 점포·배치 변경,world_linked,,,interview_master.xlsx,02_변수사전,2026-10-05T01:15
C007,structural_constraint,2 구조적 제약,진열 공간,여러 용도로 쓰이는 상품을 모두 원하는 자리에 놓기에는 공간이 한정적이다.,상품 용도·포장·고객 맥락에 따라 배치 자리를 선택한다.,현재 약국,constraint.display_capacity,객체/NULL · 배치 변경,world_linked,,,interview_master.xlsx,02_변수사전,2026-10-05T01:15
C008,structural_constraint,2 구조적 제약,유효기간,의약품에는 유효기간이 있어 무한정 보유할 수 없다.,회전 속도와 보유량을 함께 판단하는 제약이다.,현재 약국·일반 조건,constraint.expiry_handling,텍스트 · 품목·정책별,world_linked,,,interview_master.xlsx,02_변수사전,2026-10-05T01:15
C009,structural_constraint,2 구조적 제약,약사 확인 영역,일부 전산 경고와 약 처리에는 약사 확인이 필요하다고 설명한다.,업무를 나눌 때 인원수와 확인 권한을 함께 본다.,업계 일반 / 현재 약국,constraint.pharmacist_review,업무·역할 조건 · 업무 변경 시,interview_only,약사 확인 영역 (제도 인식·업무 방식),,interview_master.xlsx,02_변수사전,2026-10-05T01:15
C010,structural_constraint,2 구조적 제약,보조인력 교육,바코드 처리와 전산 사용도 처음 온 사람은 교육이 필요하며 바로 익숙하게 처리하기 어렵다.,단기 지원인력의 수와 실제 수행 가능한 업무를 구분한다.,현재 약국 / 현재 약국·가정 상황,constraint.assistant_readiness,범주/NULL · 교육·채용별,interview_only,보조인력 교육 (인터뷰),,interview_master.xlsx,02_변수사전,2026-10-05T01:15
C011,structural_constraint,2 구조적 제약,전문 운영인력 비용,전문 경영·분석 인력이 있으면 좋겠지만 그 정도 인건비는 쓰고 싶지 않다고 말한다.,전문인력의 필요와 지출 의향을 별개로 둔다.,본인 의견,constraint.manager_budget,범주 · 경제·우선순위 변화,world_linked,,,interview_master.xlsx,02_변수사전,2026-10-05T01:15
C012,structural_constraint,2 구조적 제약,상담 시간·공간,계산대에서 긴 상담을 하면 뒤에 다른 고객이 기다린다.,상담 충실도와 대기·업무량이 맞물리는 제약이다.,업계 일반 / 현재·업계 경험,constraint.counseling_capacity,텍스트 · 혼잡·시설 변화,interview_only,상담 시간·공간 (인터뷰),,interview_master.xlsx,02_변수사전,2026-10-05T01:15
C013,structural_constraint,2 구조적 제약,자동 상담기록 수용조건,"건강 대화가 동의 없이 수집되거나 외부 기업에 이용되는 것, 안전하게 보관되는지에 대해 우려한다.",기록 대상·목적·동의·보관을 서비스 수용조건으로 담는다.,본인 의견 / 인터뷰어 아이디어,constraint.recording_acceptability,텍스트 · 운영자 동의·정책 변경,interview_only,자동 상담기록 수용조건 (인터뷰 의견),,interview_master.xlsx,02_변수사전,2026-10-05T01:15
C014,structural_constraint,2 구조적 제약,전산 재고 정확도,"재고 이동을 매번 정확히 입력하기 어렵고, 시간이 지나면 오차가 누적될 수 있다고 설명한다.",전산 수량과 실물 확인을 구별한다.,현재·업계 경험 / 현재와 장기운영 비교,constraint.stock_data_quality,범주 · 실사·입출고 때,world_linked,,,interview_master.xlsx,02_변수사전,2026-10-05T01:15
C015,structural_constraint,2 구조적 제약,공급정보 분산,거래처가 많아 공급·품절 정보를 한곳에서 파악하기 어렵다.,거래처별 주문 가능 상태를 구분한다.,현재·일반 운영,constraint.supplier_network,객체/NULL · 거래처 변경,world_linked,,,interview_master.xlsx,02_변수사전,2026-10-05T01:15
C016,structural_constraint,2 구조적 제약,추가 설명 부담,다른 브랜드나 여러 제품을 권할 때 추가 설명이 필요하고 끼워팔기로 보일까 신경 쓴다.,"수익성, 설명에 드는 노력, 고객 신뢰를 함께 담는다.",본인 경험 / 현재 약국,constraint.explanation_cost,텍스트/NULL · 상담·상품별,interview_only,추가 설명 부담 (인터뷰),,interview_master.xlsx,02_변수사전,2026-10-05T01:15
C017,structural_constraint,2 구조적 제약,고객별 기록 부담,일반상품을 팔 때마다 구매자의 나이나 특성을 묻고 기록하기는 어렵다.,모든 판매를 고객별로 기록하는 방식을 기본 전제로 두지 않는다.,본인 운영 방식 / 현재 약국,constraint.recording_effort,수/NULL · 도구·업무 변화,interview_only,고객별 기록 부담 (인터뷰),,interview_master.xlsx,02_변수사전,2026-10-05T01:15
C018,structural_constraint,2 구조적 제약,의료기관 안내에 대한 인식,병원에서 특정 약국으로 직접 안내하는 데 제도적 제한이 있다고 인식한다.,유입·홍보에 관한 운영자의 인식으로 기록한다.,현재 약국,constraint.referral_belief,인식 · 관련 조건 변화 시,interview_only,의료기관 안내 인식 (인터뷰),,interview_master.xlsx,02_변수사전,2026-10-05T01:15
S001,internal_state,3 내부 동적 상태,전산 재고 정보,품목별 재고 수량을 전산에서 조회할 수 있다.,실제 상황을 넣을 때는 품목·단위·수량을 붙인다.,현재 약국 / 현재와 장기운영 비교,state.book_stock,수치(품목별) · 입출고 시,world_linked,,,interview_master.xlsx,02_변수사전,2026-10-05T01:15
S002,internal_state,3 내부 동적 상태,실물 재고 확인,자주 나가는 약은 보관 장소를 눈으로 확인하는 편이 빠르다.,실물 확인 결과를 전산 조회와 별도로 다룬다.,현재 약국,state.physical_stock,수량·관측 내용 · 확인 시,world_linked,,,interview_master.xlsx,02_변수사전,2026-10-05T01:15
S004,internal_state,3 내부 동적 상태,전산·실물 오차,장기간 운영하면서 차이가 누적되는 문제를 설명한다. 현재 약국은 개업 초기다.,실제 차이는 같은 품목·단위·시점으로 대조할 때 기록한다.,현재와 장기운영 비교,state.stock_gap,수량 차이·정성 상태 · 실사 시,world_linked,,,interview_master.xlsx,02_변수사전,2026-10-05T01:15
S005,internal_state,3 내부 동적 상태,자주 쓰는 품목,전체 약은 수백 가지지만 자주 쓰는 품목은 정해져 있다.,확인할 우선 품목군을 두는 근거다.,현재 약국,state.fast_moving_items,다중값/NULL · 구색·수요 변화,world_linked,,,interview_master.xlsx,02_변수사전,2026-10-05T01:15
S007,internal_state,3 내부 동적 상태,상품별 판매 반응,"청소년 대상 제품·소화제는 기대보다 덜 나가고, 감기약은 잘 팔린다고 말한다.",초도 수요 예상과 실제 판매 반응을 비교한다.,현재 약국,state.recent_retail_sales,상품군별 정성 반응 · 기간별,world_linked,,,interview_master.xlsx,02_변수사전,2026-10-05T01:15
S008,internal_state,3 내부 동적 상태,체감 잔여 사용기간,"남은 양을 보고 오늘까지는 버티는지, 내일까지는 어려운지 판단한다.",약사의 체감 판단을 담는다. 수치 계산을 할 때는 소진량을 별도 입력한다.,현재 약국,state.expected_coverage,범주/NULL · 확인 때,world_linked,,,interview_master.xlsx,02_변수사전,2026-10-05T01:15
S011,internal_state,3 내부 동적 상태,현재 자금 부담,매입대금이 늘어나는 부담이 있어 재고를 무한정 확대하기 어려운 초기 상태다.,현재 자금 부담은 정성적으로 반영한다. 금액 계산은 예산을 입력한 경우에만 한다.,현재 약국,state.purchase_pressure,정성 상태 · 시점별,world_linked,,,interview_master.xlsx,02_변수사전,2026-10-05T01:15
S013,internal_state,3 내부 동적 상태,일반약 구매 규모,"하루 일반약 구매자를 “10명, 15명, 많으면 15명” 정도로 설명한다.",일반약 구매가 적다는 설명과 함께 근사 표현을 보존한다.,현재 약국,state.otc_buyer_count,근사 인원(명/일) · 관찰 기간별,world_linked,,,interview_master.xlsx,02_변수사전,2026-10-05T01:15
S016,internal_state,3 내부 동적 상태,취급 상품 구성,파스와 상비약을 준비했고 영양제는 많이 들이지 않았다. 칫솔·안마봉 등의 상품도 취급한다.,직접 언급된 상품군과 초기 구성 방향을 담는다.,현재 약국,state.assortment,다중값/NULL · 도입·철수 때,world_linked,,,interview_master.xlsx,02_변수사전,2026-10-05T01:15
S017,internal_state,3 내부 동적 상태,진열 위치,캐릭터 칫솔은 구석에서 계산대 하단으로 옮겼다. 안마봉은 소파 근처에 두었다.,상품별 이전 위치와 변경 후 위치를 사건에 연결한다.,현재 약국,state.shelf_placement,객체 · 이동 때,world_linked,,,interview_master.xlsx,02_변수사전,2026-10-05T01:15
S019,internal_state,3 내부 동적 상태,혼잡·조제 부담,명절 다음 날 소아환자가 많이 몰려 매우 바빴다. 긴 상담과 대기 고객이 겹치는 상황도 있다.,고객 수 외에 조제 복잡도와 상담 부담을 함께 본다.,현재 약국 / 현재·업계 경험,state.queue_and_workload,상황 설명 · 시간대별,world_linked,,,interview_master.xlsx,02_변수사전,2026-10-05T01:15
S020,internal_state,3 내부 동적 상태,중단·미완료 업무,"한가한 틈에 운영업무를 하다가 고객이 오면 중단하며, 하던 일을 잊기도 한다.",작업의 시작·중단·재개·완료를 구분할 수 있다.,현재 약국,state.interrupted_tasks,작업 상태 · 업무 발생 시,world_linked,,,interview_master.xlsx,02_변수사전,2026-10-05T01:15
S021,internal_state,3 내부 동적 상태,장비 상태,자주 울리던 소리는 장비 고장 때문이었으며 인터뷰 말미 기준으로 수리했다.,현재 기록에는 수리된 상태를 반영한다.,현재 약국,state.equipment_status,범주 · 고장·수리 때,world_linked,,,interview_master.xlsx,02_변수사전,2026-10-05T01:15
S022,internal_state,3 내부 동적 상태,구매 이력 연결,처방 방문자의 일반약 동시구매 이력은 자동으로 연결되지 않는다. 필요하면 구매 내용을 수기로 메모하는 방식을 설명한다.,자동 연결과 상담을 위한 수기 메모를 구분한다.,현재 전산 기능·응답자의 운영 경험,state.purchase_linkage,범주 · 도구·설정 변경,world_linked,,,interview_master.xlsx,02_변수사전,2026-10-05T01:15
S023,internal_state,3 내부 동적 상태,상품 수익성 인식,유명 제품의 마진이 매우 낮다고 설명하며 다른 회사 제품과 수익성 차이를 고려한다.,실제 원가 계산값과 운영자의 수익성 인식을 구분한다.,본인 운영 경험 / 현재 약국,state.product_margin,품목별 정성 평가 · 조건 변경 시,world_linked,,,interview_master.xlsx,02_변수사전,2026-10-05T01:15
X001,external_trigger,4 외부 환경·트리거,요일·공휴일,주말·공휴일에 운영하며 수요가 집중되는 날이 있다.,약국 영업 여부와 주변 기관 일정이 함께 바뀌는 조건이다.,현재 약국,event.calendar,객체/NULL · 일자별,world_linked,,,interview_master.xlsx,02_변수사전,2026-10-05T01:15
X002,external_trigger,4 외부 환경·트리거,주요 의료기관 진료 일정,같은 건물 의원의 진료와 약국 방문이 연계돼 있다. 주말·휴일 진료가 수요에 영향을 준다고 설명한다.,시나리오에서 기관별 날짜와 진료 여부를 나눠 넣는다.,현재 약국,event.own_cluster_clinic_schedule,기관·날짜별 상태 · 일정 변경 시,world_linked,,,interview_master.xlsx,02_변수사전,2026-10-05T01:15
X003,external_trigger,4 외부 환경·트리거,인근 기존 이비인후과 휴진,기존 이비인후과가 쉬는 날에는 같은 건물 신규 의원이 유난히 붐빈다고 말한다.,휴진 주체를 특정해 신규 의원의 혼잡과 연결한다.,현재 약국·인접 의원,event.competitor_clinic_closed,불리언/NULL · 일자별,world_linked,,,interview_master.xlsx,02_변수사전,2026-10-05T01:15
X004,external_trigger,4 외부 환경·트리거,신규 의원 인지도,새 의원은 아직 알려지는 과정이며 검색해서 오는 사람이 있다고 설명한다.,개원 초기 인지도 변화와 수요 변동을 담는다.,주변 의료기관 / 현재 약국·인접 의원,event.clinic_awareness,범주/NULL · 주·월별,world_linked,,,interview_master.xlsx,02_변수사전,2026-10-05T01:15
X005,external_trigger,4 외부 환경·트리거,감기·독감 유행,유행이 갑자기 커지면 수요가 늘고 주문처의 약도 품절될 수 있다는 상황을 설명한다.,수요 증가와 공급 부족이 겹치는 가정 조건으로 쓴다.,업계·가정 사례,event.epidemic_signal,객체/NULL · 공개주기/관찰 때,world_linked,,,interview_master.xlsx,02_변수사전,2026-10-05T01:15
X006,external_trigger,4 외부 환경·트리거,거래처 주문 가능 상태,평소 공급되던 약도 유행기에 거래처 사이트에서 품절될 수 있다.,거래처의 품절 상태와 약국 내부 재고를 구별한다.,업계·가정 사례 / 현재·일반 운영,event.supplier_availability,품목·거래처별 상태 · 조회 시,world_linked,,,interview_master.xlsx,02_변수사전,2026-10-05T01:15
X008,external_trigger,4 외부 환경·트리거,불규칙한 고객 도착,사람이 없을 때 하던 업무가 고객 도착으로 중단된다.,업무중단 사건의 직접 계기로 둔다.,현재 약국,event.customer_arrival,사건/NULL · 도착 때,world_linked,,,interview_master.xlsx,02_변수사전,2026-10-05T01:15
X009,external_trigger,4 외부 환경·트리거,단일·복수 제품 요청,여러 제품을 권해도 하나만 달라는 고객이 있는 등 선호가 다르다.,고객의 명시적 요청을 개별 상담 조건으로 둔다.,본인 경험,event.customer_preference,범주/NULL · 상담마다,world_linked,,,interview_master.xlsx,02_변수사전,2026-10-05T01:15
X010,external_trigger,4 외부 환경·트리거,공급자의 상품 정보,사이트와 제약사에서 받은 목록으로 후보 상품을 비교했다.,신규 상품 검토 시 성분·가격·포장·마진을 살필 정보원이다.,현재 약국,event.new_product_offer,상품 정보 · 제안·갱신 시,world_linked,,,interview_master.xlsx,02_변수사전,2026-10-05T01:15
X011,external_trigger,4 외부 환경·트리거,상권과 실제 고객의 차이,학교·학원가라는 조건으로 청소년 상품을 기대했지만 실제 반응은 달랐다.,상권 정보와 실제 약국의 수요를 함께 둔다.,현재 약국,event.local_customer_context,상권 맥락·실제 반응 · 기간별,world_linked,,,interview_master.xlsx,02_변수사전,2026-10-05T01:15
X012,external_trigger,4 외부 환경·트리거,기존 약국 이용 습관,정형외과의 기존 환자가 이전부터 이용하던 옆 건물 약국으로 가기도 한다.,환자 유입에 영향을 주는 기존 이용 경로로 기록한다.,현재 약국,event.prior_pharmacy_habit,범주 · 인지·경험 변화,world_linked,,,interview_master.xlsx,02_변수사전,2026-10-05T01:15
X013,external_trigger,4 외부 환경·트리거,고객의 가격 기대,유명 일반약 가격이 낮게 인식돼 있어 가격을 올리기 어렵다고 느낀다.,상품 가격·마진을 판단할 때 운영자가 고려하는 고객 반응이다.,본인 운영 경험,event.market_price_expectation,텍스트/NULL · 시장·상품별,world_linked,,,interview_master.xlsx,02_변수사전,2026-10-05T01:15
X014,external_trigger,4 외부 환경·트리거,근무·지원인력 공백,도와줄 사람이 오지 못하는 가정에서 지인에게 도움을 요청하겠다고 답했다.,부족한 인원이 수행해야 할 업무와 경험을 함께 본다.,현재 약국·가정 상황,event.staff_absence,객체/NULL · 공백 발생 때,world_linked,,,interview_master.xlsx,02_변수사전,2026-10-05T01:15
D001,decision_rule,5 판단규칙,필요한 약의 공급 지속,품절이면 보유분 이후에는 약을 제공하지 못한다는 점을 우려한다.,재고 부족 위험을 고려하는 목표로 둔다.,업계·가정 사례 / 현재 약국,policy.service_continuity,텍스트 · 정책 검토,interview_only,판단규칙·결과학습 (인터뷰),,interview_master.xlsx,02_변수사전,2026-10-05T01:15
D002,decision_rule,5 판단규칙,재고·대금 부담 조절,과잉재고와 결제 부담을 늘리지 않으려 한다.,회전이 높고 여유가 있으면 더 보유할 수 있다는 설명도 함께 둔다.,거래 관행 설명 / 현재 약국,policy.capital_preservation,텍스트 · 상태에 따라,interview_only,판단규칙·결과학습 (인터뷰),,interview_master.xlsx,02_변수사전,2026-10-05T01:15
D003,decision_rule,5 판단규칙,가격과 마진 고려,상품을 고를 때 판매가격과 마진을 함께 본다.,수익성은 상품선정·권유에서 고려하는 기준이다.,본인 운영 경험 / 현재 약국,policy.retail_profitability,텍스트 · 상품·시점별,interview_only,판단규칙·결과학습 (인터뷰),,interview_master.xlsx,02_변수사전,2026-10-05T01:15
D004,decision_rule,5 판단규칙,과잉판매 인식에 대한 부담,여러 제품을 권하거나 보호자에게 구매를 조르게 하면 불편하게 느낄 수 있다고 생각한다.,고객의 신뢰와 요청을 함께 고려하는 기준이다.,본인 경험 / 현재 약국,policy.trust_preservation,텍스트 · 상담마다,interview_only,판단규칙·결과학습 (인터뷰),,interview_master.xlsx,02_변수사전,2026-10-05T01:15
D005,decision_rule,5 판단규칙,재고 확인 방식,자주 쓰는 약은 실제 위치를 눈으로 확인하는 편이 빠르다고 말한다.,주력 품목에 집중하는 실물 확인 방식을 반영한다.,현재 약국,policy.stock_check_method,텍스트 · 업무 상황별,interview_only,판단규칙·결과학습 (인터뷰),,interview_master.xlsx,02_변수사전,2026-10-05T01:15
D006,decision_rule,5 판단규칙,잔여기간 판단,남아 있는 약으로 오늘과 내일의 수요를 감당할지 사람이 판단한다.,잔여기간 판단과 실제 발주량 결정은 구분한다.,현재 약국,policy.coverage_judgment,텍스트 · 재고 변화,interview_only,판단규칙·결과학습 (인터뷰),,interview_master.xlsx,02_변수사전,2026-10-05T01:15
D007,decision_rule,5 판단규칙,초도 상품 선택,"이전 근무 경험, 제약사 목록, 성분·가격·디자인·마진, 주변 진료과와 입지를 함께 고려한다.",각 기준을 저장하고 원문에 없는 점수 가중치는 붙이지 않는다.,현재 약국 / 현재 약국＋과거 경험,policy.assortment_criteria,다중값 · 상품 도입 때,interview_only,판단규칙·결과학습 (인터뷰),,interview_master.xlsx,02_변수사전,2026-10-05T01:15
D008,decision_rule,5 판단규칙,수기 기록의 기준,기록해서 얻는 게 있으면 직접 적는다. 단골이 다시 같은 영양제를 찾을 때를 예로 든다.,기록 방식보다 다음 상담에서의 효용을 중시한다.,응답자의 운영 방식,policy.manual_note_value,텍스트 · 업무마다,interview_only,판단규칙·결과학습 (인터뷰),,interview_master.xlsx,02_변수사전,2026-10-05T01:15
D009,decision_rule,5 판단규칙,필요한 분석 대상,특정 고객의 방문순위보다 어떤 품목이 잘 팔리는지가 중요하다고 답했다.,상품·판매 중심 정보와 개별 상담 메모의 쓰임을 나눠 둔다.,현재 운영 관점,policy.analysis_target,텍스트 · 업무 목표별,interview_only,판단규칙·결과학습 (인터뷰),,interview_master.xlsx,02_변수사전,2026-10-05T01:15
D010,decision_rule,5 판단규칙,전문가의 판단 역할,"약사 확인과 책임을 강조하고, AI가 약사를 대신하는 방식에는 우려를 보인다.",전문가 역할에 대한 운영자의 기대를 담는다.,본인 의견 / 현재 및 다른 유형 / 현재 약국,policy.human_review,범주 · 권한 변경,interview_only,판단규칙·결과학습 (인터뷰),,interview_master.xlsx,02_변수사전,2026-10-05T01:15
D011,decision_rule,5 판단규칙,AI 보조정보의 수용범위,"약사에게 판매·마진 참고정보를 주는 제안에는 긍정적이며, 일반약 판매가 많은 곳에 더 유용하다고 본다.",제품 도입 경험이 아닌 제안에 대한 반응으로 담는다.,본인 의견 / 현재 및 다른 유형,policy.ai_role_acceptance,텍스트 · 실사용 후,interview_only,판단규칙·결과학습 (인터뷰),,interview_master.xlsx,02_변수사전,2026-10-05T01:15
D013,decision_rule,5 판단규칙,운영업무 처리 시점,영업 중 손님 없는 짧은 틈에 처리한다. 너무 바쁘면 마감 후에 한다.,매일 정해진 마감 분석시간을 갖는 것으로 설정하지 않는다.,현재 약국,policy.operation_time,텍스트 · 혼잡 상태별,interview_only,판단규칙·결과학습 (인터뷰),,interview_master.xlsx,02_변수사전,2026-10-05T01:15
D016,decision_rule,5 판단규칙,함께 고려하는 목표,"공급 지속, 결제 부담, 마진, 고객 신뢰, 설명·업무 부담을 함께 언급한다.",고정된 목표 순위 대신 상황에 따라 함께 고려하는 조건으로 둔다.,본인 경험 / 본인 의견 / 현재 약국,policy.goal_tradeoffs,객체/NULL · 상황별,interview_only,판단규칙·결과학습 (인터뷰),,interview_master.xlsx,02_변수사전,2026-10-05T01:15
L001,outcome_learning,6 결과·학습,청소년 상품 수요 재인식,학생이 많아 잘 팔릴 것으로 예상했지만 청소년 제품은 기대보다 덜 나갔다.,초기 상권 예상과 실제 반응의 차이를 경험으로 저장한다.,현재 약국,outcome.student_demand_gap,텍스트 · 사건 후,interview_only,판단규칙·결과학습 (인터뷰),,interview_master.xlsx,02_변수사전,2026-10-05T01:15
L002,outcome_learning,6 결과·학습,정형외과 유입 재인식,같은 건물이라 많이 올 것으로 예상했지만 유입이 적었다. 기존 동선과 입구 인지를 원인으로 설명한다.,동일 건물 여부 외에 접근성과 이용습관을 함께 고려하는 사례다.,현재 약국,outcome.ortho_inflow_gap,텍스트 · 사건 후,interview_only,판단규칙·결과학습 (인터뷰),,interview_master.xlsx,02_변수사전,2026-10-05T01:15
L003,outcome_learning,6 결과·학습,어린이 칫솔의 관심 반응,계산대 하단으로 옮긴 뒤 아이가 무릎을 꿇고 볼 정도로 관심을 보였다.,아이가 칫솔에도 관심을 갖는다는 인식 변화를 기록한다.,현재 약국,outcome.toothbrush_attention,텍스트 · 변경 후,interview_only,판단규칙·결과학습 (인터뷰),,interview_master.xlsx,02_변수사전,2026-10-05T01:15
L004,outcome_learning,6 결과·학습,관심 사례의 구매 결과,관심을 보인 해당 아이는 구매하지 않았다.,관심과 구매를 별도의 결과로 기록한다.,현재 약국,outcome.toothbrush_purchase,정수 · 해당 사건,interview_only,판단규칙·결과학습 (인터뷰),,interview_master.xlsx,02_변수사전,2026-10-05T01:15
L005,outcome_learning,6 결과·학습,안마봉 판매 결과,소파에 앉아 만져보던 안마봉이 보유분 전부 팔렸다고 말한다.,위치·체험·판매가 함께 등장한 경험 사례로 저장한다.,현재 약국,outcome.massage_stock_sold,텍스트 · 해당 기간,interview_only,판단규칙·결과학습 (인터뷰),,interview_master.xlsx,02_변수사전,2026-10-05T01:15
L006,outcome_learning,6 결과·학습,품절 근접 경험,재고가 아슬아슬했던 경험이 있다고 답했다.,재고 부족 우려의 배경 경험으로 둔다.,현재 약국,outcome.near_stockout,텍스트 · 발생 때,interview_only,판단규칙·결과학습 (인터뷰),,interview_master.xlsx,02_변수사전,2026-10-05T01:15
L007,outcome_learning,6 결과·학습,과거 코로나 키트 재고,이전 근무 약국에서 유행 후 많이 확보한 키트가 수요 감소로 오랫동안 남았다.,과거 약국의 경험으로 저장한다.,과거 근무 약국,outcome.overstock_past,텍스트 · 사건 기록,interview_only,판단규칙·결과학습 (인터뷰),,interview_master.xlsx,02_변수사전,2026-10-05T01:15
L008,outcome_learning,6 결과·학습,브랜드 언급 후 추가 구매,집에 있을 수 있는 유명 브랜드를 언급하자 고객이 그 제품을 추가로 요청했고 그대로 제공했다.,판매 결과와 낮은 마진·설명 변경 부담에 대한 회고를 묶는다.,현재 약국,outcome.brand_request,텍스트 · 사건 후,interview_only,판단규칙·결과학습 (인터뷰),,interview_master.xlsx,02_변수사전,2026-10-05T01:15
L009,outcome_learning,6 결과·학습,관찰을 통한 인식 변화,"청소년 제품 반응, 정형외과 유입, 어린이 칫솔 관심에서 처음 예상과 다른 점을 알게 됐다.",인식 변화까지 기록한다. 이후 실제로 바꾼 행동은 따로 적는다.,현재 약국,learning.confirmed_updates,객체/NULL · 확인된 변경 때,interview_only,판단규칙·결과학습 (인터뷰),,interview_master.xlsx,02_변수사전,2026-10-05T01:15
L010,outcome_learning,6 결과·학습,세트 진열 계획,세 제품을 미리 묶어 두면 고객이 먼저 관심을 보이고 설명 부담도 줄 수 있다고 생각한다.,시도하려는 계획으로 보관한다.,현재 약국,learning.planned_bundle,텍스트 · 실행/철회 때,interview_only,판단규칙·결과학습 (인터뷰),,interview_master.xlsx,02_변수사전,2026-10-05T01:15
L011,outcome_learning,6 결과·학습,창고형 적합성에 대한 생각,"추천정보가 유용할 것 같다고 했다가, 고객이 직접 비교·선택하는 방식이라 다를 수 있다고 다시 설명했다.",고객 선택 방식에 따라 기능의 쓰임이 달라진다는 비교 의견이다.,다른 유형 의견,learning.warehouse_fit_revision,텍스트 · 진술 업데이트,interview_only,판단규칙·결과학습 (인터뷰),,interview_master.xlsx,02_변수사전,2026-10-05T01:15
L012,outcome_learning,6 결과·학습,장비 고장과 수리,인터뷰어가 재고·용량 문제로 생각한 소리를 장비 고장이라고 설명했고 수리했다고 말했다.,고장 사건과 수리 후 상태를 함께 기록한다.,현재 약국,learning.equipment_correction,텍스트 · 수리·확인 때,interview_only,판단규칙·결과학습 (인터뷰),,interview_master.xlsx,02_변수사전,2026-10-05T01:15
