scope,key,variable_id,label_ko,value,unit,data_id,basis,period,fetched_at,note
daily,2026-09-01,,요일,화,,,계산,2026-09-01,2026-10-06T00:51:23,
daily,2026-09-01,X001,공휴일 여부,N,,DT_L17,실측,2026-09-01,2026-10-06T00:44:21,
daily,2026-09-01,,평균기온,22.8,℃,DT_L18,실측,2026-09-01,2026-10-06T00:44:21,"서울(108) 관측소, 구리시 아님"
daily,2026-09-01,,최저기온,21.9,℃,DT_L18,실측,2026-09-01,2026-10-06T00:44:21,"서울(108) 관측소, 구리시 아님"
daily,2026-09-01,,최고기온,24.5,℃,DT_L18,실측,2026-09-01,2026-10-06T00:44:21,"서울(108) 관측소, 구리시 아님"
daily,2026-09-01,,일 강수량,23.1,mm,DT_L18,실측,2026-09-01,2026-10-06T00:44:21,서울(108) 관측소. 빈 칸은 강수 없음으로 둠
daily,2026-09-01,,PM10 일평균,11.0,㎍/㎥,DT_L20,실측,2026-09-01,2026-10-06T00:44:21,측정소 동구동 23시간·교문동 24시간 평균. 빈 시간 제외
daily,2026-09-01,,PM2.5 일평균,3.0,㎍/㎥,DT_L20,실측,2026-09-01,2026-10-06T00:44:21,측정소 동구동 24시간·교문동 3시간 평균. 빈 시간 제외
daily,2026-09-02,,요일,수,,,계산,2026-09-02,2026-10-06T00:51:23,
daily,2026-09-02,X001,공휴일 여부,N,,DT_L17,실측,2026-09-02,2026-10-06T00:44:21,
daily,2026-09-02,,평균기온,24.7,℃,DT_L18,실측,2026-09-02,2026-10-06T00:44:21,"서울(108) 관측소, 구리시 아님"
daily,2026-09-02,,최저기온,22.0,℃,DT_L18,실측,2026-09-02,2026-10-06T00:44:21,"서울(108) 관측소, 구리시 아님"
daily,2026-09-02,,최고기온,29.2,℃,DT_L18,실측,2026-09-02,2026-10-06T00:44:21,"서울(108) 관측소, 구리시 아님"
daily,2026-09-02,,일 강수량,0.3,mm,DT_L18,실측,2026-09-02,2026-10-06T00:44:21,서울(108) 관측소. 빈 칸은 강수 없음으로 둠
daily,2026-09-02,,PM10 일평균,14.4,㎍/㎥,DT_L20,실측,2026-09-02,2026-10-06T00:44:21,측정소 동구동 11시간·교문동 24시간 평균. 빈 시간 제외
daily,2026-09-02,,PM2.5 일평균,7.8,㎍/㎥,DT_L20,실측,2026-09-02,2026-10-06T00:44:21,측정소 동구동 11시간·교문동 8시간 평균. 빈 시간 제외
daily,2026-09-03,,요일,목,,,계산,2026-09-03,2026-10-06T00:51:23,
daily,2026-09-03,X001,공휴일 여부,N,,DT_L17,실측,2026-09-03,2026-10-06T00:44:21,
daily,2026-09-03,,평균기온,26.0,℃,DT_L18,실측,2026-09-03,2026-10-06T00:44:21,"서울(108) 관측소, 구리시 아님"
daily,2026-09-03,,최저기온,21.2,℃,DT_L18,실측,2026-09-03,2026-10-06T00:44:21,"서울(108) 관측소, 구리시 아님"
daily,2026-09-03,,최고기온,31.3,℃,DT_L18,실측,2026-09-03,2026-10-06T00:44:21,"서울(108) 관측소, 구리시 아님"
daily,2026-09-03,,일 강수량,0,mm,DT_L18,실측,2026-09-03,2026-10-06T00:44:21,서울(108) 관측소. 빈 칸은 강수 없음으로 둠
daily,2026-09-03,,PM10 일평균,15.3,㎍/㎥,DT_L20,실측,2026-09-03,2026-10-06T00:44:21,측정소 동구동 9시간·교문동 24시간 평균. 빈 시간 제외
daily,2026-09-03,,PM2.5 일평균,6.3,㎍/㎥,DT_L20,실측,2026-09-03,2026-10-06T00:44:21,측정소 동구동 9시간·교문동 21시간 평균. 빈 시간 제외
daily,2026-09-04,,요일,금,,,계산,2026-09-04,2026-10-06T00:51:23,
daily,2026-09-04,X001,공휴일 여부,N,,DT_L17,실측,2026-09-04,2026-10-06T00:44:21,
daily,2026-09-04,,평균기온,25.1,℃,DT_L18,실측,2026-09-04,2026-10-06T00:44:21,"서울(108) 관측소, 구리시 아님"
daily,2026-09-04,,최저기온,21.3,℃,DT_L18,실측,2026-09-04,2026-10-06T00:44:21,"서울(108) 관측소, 구리시 아님"
daily,2026-09-04,,최고기온,29.8,℃,DT_L18,실측,2026-09-04,2026-10-06T00:44:21,"서울(108) 관측소, 구리시 아님"
daily,2026-09-04,,일 강수량,0,mm,DT_L18,실측,2026-09-04,2026-10-06T00:44:21,서울(108) 관측소. 빈 칸은 강수 없음으로 둠
daily,2026-09-04,,PM10 일평균,14.6,㎍/㎥,DT_L20,실측,2026-09-04,2026-10-06T00:44:21,측정소 동구동 24시간·교문동 24시간 평균. 빈 시간 제외
daily,2026-09-04,,PM2.5 일평균,3.9,㎍/㎥,DT_L20,실측,2026-09-04,2026-10-06T00:44:21,측정소 동구동 24시간·교문동 17시간 평균. 빈 시간 제외
daily,2026-09-05,,요일,토,,,계산,2026-09-05,2026-10-06T00:51:23,
daily,2026-09-05,X001,공휴일 여부,N,,DT_L17,실측,2026-09-05,2026-10-06T00:44:21,
daily,2026-09-05,,평균기온,24.0,℃,DT_L18,실측,2026-09-05,2026-10-06T00:44:21,"서울(108) 관측소, 구리시 아님"
daily,2026-09-05,,최저기온,19.1,℃,DT_L18,실측,2026-09-05,2026-10-06T00:44:21,"서울(108) 관측소, 구리시 아님"
daily,2026-09-05,,최고기온,29.4,℃,DT_L18,실측,2026-09-05,2026-10-06T00:44:21,"서울(108) 관측소, 구리시 아님"
daily,2026-09-05,,일 강수량,0,mm,DT_L18,실측,2026-09-05,2026-10-06T00:44:21,서울(108) 관측소. 빈 칸은 강수 없음으로 둠
daily,2026-09-05,,PM10 일평균,11.1,㎍/㎥,DT_L20,실측,2026-09-05,2026-10-06T00:44:21,측정소 동구동 24시간·교문동 24시간 평균. 빈 시간 제외
daily,2026-09-05,,PM2.5 일평균,3.9,㎍/㎥,DT_L20,실측,2026-09-05,2026-10-06T00:44:21,측정소 동구동 24시간·교문동 12시간 평균. 빈 시간 제외
daily,2026-09-06,,요일,일,,,계산,2026-09-06,2026-10-06T00:51:23,
daily,2026-09-06,X001,공휴일 여부,N,,DT_L17,실측,2026-09-06,2026-10-06T00:44:21,
daily,2026-09-06,,평균기온,23.9,℃,DT_L18,실측,2026-09-06,2026-10-06T00:44:21,"서울(108) 관측소, 구리시 아님"
daily,2026-09-06,,최저기온,19.7,℃,DT_L18,실측,2026-09-06,2026-10-06T00:44:21,"서울(108) 관측소, 구리시 아님"
daily,2026-09-06,,최고기온,29.5,℃,DT_L18,실측,2026-09-06,2026-10-06T00:44:21,"서울(108) 관측소, 구리시 아님"
daily,2026-09-06,,일 강수량,0,mm,DT_L18,실측,2026-09-06,2026-10-06T00:44:21,서울(108) 관측소. 빈 칸은 강수 없음으로 둠
daily,2026-09-06,,PM10 일평균,9.7,㎍/㎥,DT_L20,실측,2026-09-06,2026-10-06T00:44:21,측정소 동구동 24시간·교문동 24시간 평균. 빈 시간 제외
daily,2026-09-06,,PM2.5 일평균,3.0,㎍/㎥,DT_L20,실측,2026-09-06,2026-10-06T00:44:21,측정소 동구동 24시간·교문동 14시간 평균. 빈 시간 제외
daily,2026-09-07,,요일,월,,,계산,2026-09-07,2026-10-06T00:51:23,
daily,2026-09-07,X001,공휴일 여부,N,,DT_L17,실측,2026-09-07,2026-10-06T00:44:21,
daily,2026-09-07,,평균기온,24.0,℃,DT_L18,실측,2026-09-07,2026-10-06T00:44:21,"서울(108) 관측소, 구리시 아님"
daily,2026-09-07,,최저기온,18.4,℃,DT_L18,실측,2026-09-07,2026-10-06T00:44:21,"서울(108) 관측소, 구리시 아님"
daily,2026-09-07,,최고기온,29.6,℃,DT_L18,실측,2026-09-07,2026-10-06T00:44:21,"서울(108) 관측소, 구리시 아님"
daily,2026-09-07,,일 강수량,0,mm,DT_L18,실측,2026-09-07,2026-10-06T00:44:21,서울(108) 관측소. 빈 칸은 강수 없음으로 둠
daily,2026-09-07,,PM10 일평균,14.3,㎍/㎥,DT_L20,실측,2026-09-07,2026-10-06T00:44:21,측정소 동구동 24시간·교문동 24시간 평균. 빈 시간 제외
daily,2026-09-07,,PM2.5 일평균,4.7,㎍/㎥,DT_L20,실측,2026-09-07,2026-10-06T00:44:21,측정소 동구동 24시간·교문동 23시간 평균. 빈 시간 제외
daily,2026-09-08,,요일,화,,,계산,2026-09-08,2026-10-06T00:51:23,
daily,2026-09-08,X001,공휴일 여부,N,,DT_L17,실측,2026-09-08,2026-10-06T00:44:21,
daily,2026-09-08,,평균기온,24.4,℃,DT_L18,실측,2026-09-08,2026-10-06T00:44:21,"서울(108) 관측소, 구리시 아님"
daily,2026-09-08,,최저기온,17.8,℃,DT_L18,실측,2026-09-08,2026-10-06T00:44:21,"서울(108) 관측소, 구리시 아님"
daily,2026-09-08,,최고기온,31.1,℃,DT_L18,실측,2026-09-08,2026-10-06T00:44:21,"서울(108) 관측소, 구리시 아님"
daily,2026-09-08,,일 강수량,0,mm,DT_L18,실측,2026-09-08,2026-10-06T00:44:21,서울(108) 관측소. 빈 칸은 강수 없음으로 둠
daily,2026-09-08,,PM10 일평균,15.9,㎍/㎥,DT_L20,실측,2026-09-08,2026-10-06T00:44:21,측정소 동구동 20시간·교문동 24시간 평균. 빈 시간 제외
daily,2026-09-08,,PM2.5 일평균,6.3,㎍/㎥,DT_L20,실측,2026-09-08,2026-10-06T00:44:21,측정소 동구동 20시간·교문동 24시간 평균. 빈 시간 제외
daily,2026-09-09,,요일,수,,,계산,2026-09-09,2026-10-06T00:51:23,
daily,2026-09-09,X001,공휴일 여부,N,,DT_L17,실측,2026-09-09,2026-10-06T00:44:21,
daily,2026-09-09,,평균기온,21.3,℃,DT_L18,실측,2026-09-09,2026-10-06T00:44:21,"서울(108) 관측소, 구리시 아님"
daily,2026-09-09,,최저기온,17.8,℃,DT_L18,실측,2026-09-09,2026-10-06T00:44:21,"서울(108) 관측소, 구리시 아님"
daily,2026-09-09,,최고기온,26.1,℃,DT_L18,실측,2026-09-09,2026-10-06T00:44:21,"서울(108) 관측소, 구리시 아님"
daily,2026-09-09,,일 강수량,0.0,mm,DT_L18,실측,2026-09-09,2026-10-06T00:44:21,서울(108) 관측소. 빈 칸은 강수 없음으로 둠
daily,2026-09-09,,PM10 일평균,15.0,㎍/㎥,DT_L20,실측,2026-09-09,2026-10-06T00:44:21,측정소 동구동 24시간·교문동 24시간 평균. 빈 시간 제외
daily,2026-09-09,,PM2.5 일평균,2.9,㎍/㎥,DT_L20,실측,2026-09-09,2026-10-06T00:44:21,측정소 동구동 24시간·교문동 11시간 평균. 빈 시간 제외
daily,2026-09-10,,요일,목,,,계산,2026-09-10,2026-10-06T00:51:23,
daily,2026-09-10,X001,공휴일 여부,N,,DT_L17,실측,2026-09-10,2026-10-06T00:44:21,
daily,2026-09-10,,평균기온,18.4,℃,DT_L18,실측,2026-09-10,2026-10-06T00:44:21,"서울(108) 관측소, 구리시 아님"
daily,2026-09-10,,최저기온,15.8,℃,DT_L18,실측,2026-09-10,2026-10-06T00:44:21,"서울(108) 관측소, 구리시 아님"
daily,2026-09-10,,최고기온,21.5,℃,DT_L18,실측,2026-09-10,2026-10-06T00:44:21,"서울(108) 관측소, 구리시 아님"
daily,2026-09-10,,일 강수량,0,mm,DT_L18,실측,2026-09-10,2026-10-06T00:44:21,서울(108) 관측소. 빈 칸은 강수 없음으로 둠
daily,2026-09-10,,PM10 일평균,11.3,㎍/㎥,DT_L20,실측,2026-09-10,2026-10-06T00:44:21,측정소 동구동 24시간·교문동 22시간 평균. 빈 시간 제외
daily,2026-09-10,,PM2.5 일평균,4.0,㎍/㎥,DT_L20,실측,2026-09-10,2026-10-06T00:44:21,측정소 동구동 24시간·교문동 22시간 평균. 빈 시간 제외
daily,2026-09-11,,요일,금,,,계산,2026-09-11,2026-10-06T00:51:23,
daily,2026-09-11,X001,공휴일 여부,N,,DT_L17,실측,2026-09-11,2026-10-06T00:44:21,
daily,2026-09-11,,평균기온,20.0,℃,DT_L18,실측,2026-09-11,2026-10-06T00:44:21,"서울(108) 관측소, 구리시 아님"
daily,2026-09-11,,최저기온,13.4,℃,DT_L18,실측,2026-09-11,2026-10-06T00:44:21,"서울(108) 관측소, 구리시 아님"
daily,2026-09-11,,최고기온,25.7,℃,DT_L18,실측,2026-09-11,2026-10-06T00:44:21,"서울(108) 관측소, 구리시 아님"
daily,2026-09-11,,일 강수량,0,mm,DT_L18,실측,2026-09-11,2026-10-06T00:44:21,서울(108) 관측소. 빈 칸은 강수 없음으로 둠
daily,2026-09-11,,PM10 일평균,18.1,㎍/㎥,DT_L20,실측,2026-09-11,2026-10-06T00:44:21,측정소 동구동 24시간·교문동 24시간 평균. 빈 시간 제외
daily,2026-09-11,,PM2.5 일평균,6.3,㎍/㎥,DT_L20,실측,2026-09-11,2026-10-06T00:44:21,측정소 동구동 24시간·교문동 24시간 평균. 빈 시간 제외
daily,2026-09-12,,요일,토,,,계산,2026-09-12,2026-10-06T00:51:23,
daily,2026-09-12,X001,공휴일 여부,N,,DT_L17,실측,2026-09-12,2026-10-06T00:44:21,
daily,2026-09-12,,평균기온,20.5,℃,DT_L18,실측,2026-09-12,2026-10-06T00:44:21,"서울(108) 관측소, 구리시 아님"
daily,2026-09-12,,최저기온,17.1,℃,DT_L18,실측,2026-09-12,2026-10-06T00:44:21,"서울(108) 관측소, 구리시 아님"
daily,2026-09-12,,최고기온,23.6,℃,DT_L18,실측,2026-09-12,2026-10-06T00:44:21,"서울(108) 관측소, 구리시 아님"
daily,2026-09-12,,일 강수량,0.0,mm,DT_L18,실측,2026-09-12,2026-10-06T00:44:21,서울(108) 관측소. 빈 칸은 강수 없음으로 둠
daily,2026-09-12,,PM10 일평균,23.0,㎍/㎥,DT_L20,실측,2026-09-12,2026-10-06T00:44:21,측정소 동구동 24시간·교문동 24시간 평균. 빈 시간 제외
daily,2026-09-12,,PM2.5 일평균,11.2,㎍/㎥,DT_L20,실측,2026-09-12,2026-10-06T00:44:21,측정소 동구동 24시간·교문동 24시간 평균. 빈 시간 제외
daily,2026-09-13,,요일,일,,,계산,2026-09-13,2026-10-06T00:51:23,
daily,2026-09-13,X001,공휴일 여부,N,,DT_L17,실측,2026-09-13,2026-10-06T00:44:21,
daily,2026-09-13,,평균기온,21.0,℃,DT_L18,실측,2026-09-13,2026-10-06T00:44:21,"서울(108) 관측소, 구리시 아님"
daily,2026-09-13,,최저기온,18.5,℃,DT_L18,실측,2026-09-13,2026-10-06T00:44:21,"서울(108) 관측소, 구리시 아님"
daily,2026-09-13,,최고기온,23.8,℃,DT_L18,실측,2026-09-13,2026-10-06T00:44:21,"서울(108) 관측소, 구리시 아님"
daily,2026-09-13,,일 강수량,0.2,mm,DT_L18,실측,2026-09-13,2026-10-06T00:44:21,서울(108) 관측소. 빈 칸은 강수 없음으로 둠
daily,2026-09-13,,PM10 일평균,22.6,㎍/㎥,DT_L20,실측,2026-09-13,2026-10-06T00:44:21,측정소 동구동 24시간·교문동 23시간 평균. 빈 시간 제외
daily,2026-09-13,,PM2.5 일평균,13.5,㎍/㎥,DT_L20,실측,2026-09-13,2026-10-06T00:44:21,측정소 동구동 24시간·교문동 24시간 평균. 빈 시간 제외
daily,2026-09-14,,요일,월,,,계산,2026-09-14,2026-10-06T00:51:23,
daily,2026-09-14,X001,공휴일 여부,N,,DT_L17,실측,2026-09-14,2026-10-06T00:44:21,
daily,2026-09-14,,평균기온,21.8,℃,DT_L18,실측,2026-09-14,2026-10-06T00:44:21,"서울(108) 관측소, 구리시 아님"
daily,2026-09-14,,최저기온,18.0,℃,DT_L18,실측,2026-09-14,2026-10-06T00:44:21,"서울(108) 관측소, 구리시 아님"
daily,2026-09-14,,최고기온,26.4,℃,DT_L18,실측,2026-09-14,2026-10-06T00:44:21,"서울(108) 관측소, 구리시 아님"
daily,2026-09-14,,일 강수량,0,mm,DT_L18,실측,2026-09-14,2026-10-06T00:44:21,서울(108) 관측소. 빈 칸은 강수 없음으로 둠
daily,2026-09-14,,PM10 일평균,27.0,㎍/㎥,DT_L20,실측,2026-09-14,2026-10-06T00:44:21,측정소 동구동 24시간·교문동 24시간 평균. 빈 시간 제외
daily,2026-09-14,,PM2.5 일평균,14.5,㎍/㎥,DT_L20,실측,2026-09-14,2026-10-06T00:44:21,측정소 동구동 24시간·교문동 24시간 평균. 빈 시간 제외
daily,2026-09-15,,요일,화,,,계산,2026-09-15,2026-10-06T00:51:23,
daily,2026-09-15,X001,공휴일 여부,N,,DT_L17,실측,2026-09-15,2026-10-06T00:44:21,
daily,2026-09-15,,평균기온,20.4,℃,DT_L18,실측,2026-09-15,2026-10-06T00:44:21,"서울(108) 관측소, 구리시 아님"
daily,2026-09-15,,최저기온,14.6,℃,DT_L18,실측,2026-09-15,2026-10-06T00:44:21,"서울(108) 관측소, 구리시 아님"
daily,2026-09-15,,최고기온,26.7,℃,DT_L18,실측,2026-09-15,2026-10-06T00:44:21,"서울(108) 관측소, 구리시 아님"
daily,2026-09-15,,일 강수량,0,mm,DT_L18,실측,2026-09-15,2026-10-06T00:44:21,서울(108) 관측소. 빈 칸은 강수 없음으로 둠
daily,2026-09-15,,PM10 일평균,25.6,㎍/㎥,DT_L20,실측,2026-09-15,2026-10-06T00:44:21,측정소 동구동 24시간·교문동 24시간 평균. 빈 시간 제외
daily,2026-09-15,,PM2.5 일평균,8.8,㎍/㎥,DT_L20,실측,2026-09-15,2026-10-06T00:44:21,측정소 동구동 24시간·교문동 24시간 평균. 빈 시간 제외
daily,2026-09-16,,요일,수,,,계산,2026-09-16,2026-10-06T00:51:23,
daily,2026-09-16,X001,공휴일 여부,N,,DT_L17,실측,2026-09-16,2026-10-06T00:44:21,
daily,2026-09-16,,평균기온,21.6,℃,DT_L18,실측,2026-09-16,2026-10-06T00:44:21,"서울(108) 관측소, 구리시 아님"
daily,2026-09-16,,최저기온,14.0,℃,DT_L18,실측,2026-09-16,2026-10-06T00:44:21,"서울(108) 관측소, 구리시 아님"
daily,2026-09-16,,최고기온,28.8,℃,DT_L18,실측,2026-09-16,2026-10-06T00:44:21,"서울(108) 관측소, 구리시 아님"
daily,2026-09-16,,일 강수량,0,mm,DT_L18,실측,2026-09-16,2026-10-06T00:44:21,서울(108) 관측소. 빈 칸은 강수 없음으로 둠
daily,2026-09-16,,PM10 일평균,17.9,㎍/㎥,DT_L20,실측,2026-09-16,2026-10-06T00:44:21,측정소 동구동 24시간·교문동 24시간 평균. 빈 시간 제외
daily,2026-09-16,,PM2.5 일평균,6.9,㎍/㎥,DT_L20,실측,2026-09-16,2026-10-06T00:44:21,측정소 동구동 24시간·교문동 23시간 평균. 빈 시간 제외
daily,2026-09-17,,요일,목,,,계산,2026-09-17,2026-10-06T00:51:23,
daily,2026-09-17,X001,공휴일 여부,N,,DT_L17,실측,2026-09-17,2026-10-06T00:44:21,
daily,2026-09-17,,평균기온,22.8,℃,DT_L18,실측,2026-09-17,2026-10-06T00:44:21,"서울(108) 관측소, 구리시 아님"
daily,2026-09-17,,최저기온,17.3,℃,DT_L18,실측,2026-09-17,2026-10-06T00:44:21,"서울(108) 관측소, 구리시 아님"
daily,2026-09-17,,최고기온,27.7,℃,DT_L18,실측,2026-09-17,2026-10-06T00:44:21,"서울(108) 관측소, 구리시 아님"
daily,2026-09-17,,일 강수량,0,mm,DT_L18,실측,2026-09-17,2026-10-06T00:44:21,서울(108) 관측소. 빈 칸은 강수 없음으로 둠
daily,2026-09-17,,PM10 일평균,15.9,㎍/㎥,DT_L20,실측,2026-09-17,2026-10-06T00:44:21,측정소 동구동 23시간·교문동 24시간 평균. 빈 시간 제외
daily,2026-09-17,,PM2.5 일평균,6.3,㎍/㎥,DT_L20,실측,2026-09-17,2026-10-06T00:44:21,측정소 동구동 23시간·교문동 24시간 평균. 빈 시간 제외
daily,2026-09-18,,요일,금,,,계산,2026-09-18,2026-10-06T00:51:23,
daily,2026-09-18,X001,공휴일 여부,N,,DT_L17,실측,2026-09-18,2026-10-06T00:44:21,
daily,2026-09-18,,평균기온,23.7,℃,DT_L18,실측,2026-09-18,2026-10-06T00:44:21,"서울(108) 관측소, 구리시 아님"
daily,2026-09-18,,최저기온,19.1,℃,DT_L18,실측,2026-09-18,2026-10-06T00:44:21,"서울(108) 관측소, 구리시 아님"
daily,2026-09-18,,최고기온,28.4,℃,DT_L18,실측,2026-09-18,2026-10-06T00:44:21,"서울(108) 관측소, 구리시 아님"
daily,2026-09-18,,일 강수량,0,mm,DT_L18,실측,2026-09-18,2026-10-06T00:44:21,서울(108) 관측소. 빈 칸은 강수 없음으로 둠
daily,2026-09-18,,PM10 일평균,14.1,㎍/㎥,DT_L20,실측,2026-09-18,2026-10-06T00:44:21,측정소 동구동 24시간·교문동 9시간 평균. 빈 시간 제외
daily,2026-09-18,,PM2.5 일평균,4.5,㎍/㎥,DT_L20,실측,2026-09-18,2026-10-06T00:44:21,측정소 동구동 24시간·교문동 8시간 평균. 빈 시간 제외
daily,2026-09-19,,요일,토,,,계산,2026-09-19,2026-10-06T00:51:23,
daily,2026-09-19,X001,공휴일 여부,N,,DT_L17,실측,2026-09-19,2026-10-06T00:44:21,
daily,2026-09-19,,평균기온,24.4,℃,DT_L18,실측,2026-09-19,2026-10-06T00:44:21,"서울(108) 관측소, 구리시 아님"
daily,2026-09-19,,최저기온,20.0,℃,DT_L18,실측,2026-09-19,2026-10-06T00:44:21,"서울(108) 관측소, 구리시 아님"
daily,2026-09-19,,최고기온,29.5,℃,DT_L18,실측,2026-09-19,2026-10-06T00:44:21,"서울(108) 관측소, 구리시 아님"
daily,2026-09-19,,일 강수량,0,mm,DT_L18,실측,2026-09-19,2026-10-06T00:44:21,서울(108) 관측소. 빈 칸은 강수 없음으로 둠
daily,2026-09-19,,PM10 일평균,13.7,㎍/㎥,DT_L20,실측,2026-09-19,2026-10-06T00:44:21,측정소 동구동 24시간 평균. 빈 시간 제외
daily,2026-09-19,,PM2.5 일평균,6.7,㎍/㎥,DT_L20,실측,2026-09-19,2026-10-06T00:44:21,측정소 동구동 24시간 평균. 빈 시간 제외
daily,2026-09-20,,요일,일,,,계산,2026-09-20,2026-10-06T00:51:23,
daily,2026-09-20,X001,공휴일 여부,N,,DT_L17,실측,2026-09-20,2026-10-06T00:44:21,
daily,2026-09-20,,평균기온,23.8,℃,DT_L18,실측,2026-09-20,2026-10-06T00:44:21,"서울(108) 관측소, 구리시 아님"
daily,2026-09-20,,최저기온,18.4,℃,DT_L18,실측,2026-09-20,2026-10-06T00:44:21,"서울(108) 관측소, 구리시 아님"
daily,2026-09-20,,최고기온,30.1,℃,DT_L18,실측,2026-09-20,2026-10-06T00:44:21,"서울(108) 관측소, 구리시 아님"
daily,2026-09-20,,일 강수량,0,mm,DT_L18,실측,2026-09-20,2026-10-06T00:44:21,서울(108) 관측소. 빈 칸은 강수 없음으로 둠
daily,2026-09-20,,PM10 일평균,16.4,㎍/㎥,DT_L20,실측,2026-09-20,2026-10-06T00:44:21,측정소 동구동 24시간 평균. 빈 시간 제외
daily,2026-09-20,,PM2.5 일평균,10.0,㎍/㎥,DT_L20,실측,2026-09-20,2026-10-06T00:44:21,측정소 동구동 24시간 평균. 빈 시간 제외
daily,2026-09-21,,요일,월,,,계산,2026-09-21,2026-10-06T00:51:23,
daily,2026-09-21,X001,공휴일 여부,N,,DT_L17,실측,2026-09-21,2026-10-06T00:44:21,
daily,2026-09-21,,평균기온,23.8,℃,DT_L18,실측,2026-09-21,2026-10-06T00:44:21,"서울(108) 관측소, 구리시 아님"
daily,2026-09-21,,최저기온,17.8,℃,DT_L18,실측,2026-09-21,2026-10-06T00:44:21,"서울(108) 관측소, 구리시 아님"
daily,2026-09-21,,최고기온,30.5,℃,DT_L18,실측,2026-09-21,2026-10-06T00:44:21,"서울(108) 관측소, 구리시 아님"
daily,2026-09-21,,일 강수량,0,mm,DT_L18,실측,2026-09-21,2026-10-06T00:44:21,서울(108) 관측소. 빈 칸은 강수 없음으로 둠
daily,2026-09-21,,PM10 일평균,20.1,㎍/㎥,DT_L20,실측,2026-09-21,2026-10-06T00:44:21,측정소 동구동 24시간 평균. 빈 시간 제외
daily,2026-09-21,,PM2.5 일평균,10.9,㎍/㎥,DT_L20,실측,2026-09-21,2026-10-06T00:44:21,측정소 동구동 24시간 평균. 빈 시간 제외
daily,2026-09-22,,요일,화,,,계산,2026-09-22,2026-10-06T00:51:23,
daily,2026-09-22,X001,공휴일 여부,N,,DT_L17,실측,2026-09-22,2026-10-06T00:44:21,
daily,2026-09-22,,평균기온,23.9,℃,DT_L18,실측,2026-09-22,2026-10-06T00:44:21,"서울(108) 관측소, 구리시 아님"
daily,2026-09-22,,최저기온,18.4,℃,DT_L18,실측,2026-09-22,2026-10-06T00:44:21,"서울(108) 관측소, 구리시 아님"
daily,2026-09-22,,최고기온,30.1,℃,DT_L18,실측,2026-09-22,2026-10-06T00:44:21,"서울(108) 관측소, 구리시 아님"
daily,2026-09-22,,일 강수량,0,mm,DT_L18,실측,2026-09-22,2026-10-06T00:44:21,서울(108) 관측소. 빈 칸은 강수 없음으로 둠
daily,2026-09-22,,PM10 일평균,23.3,㎍/㎥,DT_L20,실측,2026-09-22,2026-10-06T00:44:21,측정소 동구동 23시간 평균. 빈 시간 제외
daily,2026-09-22,,PM2.5 일평균,13.6,㎍/㎥,DT_L20,실측,2026-09-22,2026-10-06T00:44:21,측정소 동구동 23시간 평균. 빈 시간 제외
daily,2026-09-23,,요일,수,,,계산,2026-09-23,2026-10-06T00:51:23,
daily,2026-09-23,X001,공휴일 여부,N,,DT_L17,실측,2026-09-23,2026-10-06T00:44:21,
daily,2026-09-23,,평균기온,23.7,℃,DT_L18,실측,2026-09-23,2026-10-06T00:44:21,"서울(108) 관측소, 구리시 아님"
daily,2026-09-23,,최저기온,19.2,℃,DT_L18,실측,2026-09-23,2026-10-06T00:44:21,"서울(108) 관측소, 구리시 아님"
daily,2026-09-23,,최고기온,29.6,℃,DT_L18,실측,2026-09-23,2026-10-06T00:44:21,"서울(108) 관측소, 구리시 아님"
daily,2026-09-23,,일 강수량,0,mm,DT_L18,실측,2026-09-23,2026-10-06T00:44:21,서울(108) 관측소. 빈 칸은 강수 없음으로 둠
daily,2026-09-23,,PM10 일평균,26.6,㎍/㎥,DT_L20,실측,2026-09-23,2026-10-06T00:44:21,측정소 동구동 24시간 평균. 빈 시간 제외
daily,2026-09-23,,PM2.5 일평균,16.3,㎍/㎥,DT_L20,실측,2026-09-23,2026-10-06T00:44:21,측정소 동구동 24시간 평균. 빈 시간 제외
daily,2026-09-24,,요일,목,,,계산,2026-09-24,2026-10-06T00:51:23,
daily,2026-09-24,X001,공휴일 여부,Y,,DT_L17,실측,2026-09-24,2026-10-06T00:44:21,추석
daily,2026-09-24,X001,공휴일 이름,추석,,DT_L17,실측,2026-09-24,2026-10-06T00:44:21,
daily,2026-09-24,,평균기온,22.5,℃,DT_L18,실측,2026-09-24,2026-10-06T00:44:21,"서울(108) 관측소, 구리시 아님"
daily,2026-09-24,,최저기온,19.1,℃,DT_L18,실측,2026-09-24,2026-10-06T00:44:21,"서울(108) 관측소, 구리시 아님"
daily,2026-09-24,,최고기온,27.6,℃,DT_L18,실측,2026-09-24,2026-10-06T00:44:21,"서울(108) 관측소, 구리시 아님"
daily,2026-09-24,,일 강수량,0,mm,DT_L18,실측,2026-09-24,2026-10-06T00:44:21,서울(108) 관측소. 빈 칸은 강수 없음으로 둠
daily,2026-09-24,,PM10 일평균,27.3,㎍/㎥,DT_L20,실측,2026-09-24,2026-10-06T00:44:21,측정소 동구동 24시간 평균. 빈 시간 제외
daily,2026-09-24,,PM2.5 일평균,18.5,㎍/㎥,DT_L20,실측,2026-09-24,2026-10-06T00:44:21,측정소 동구동 24시간 평균. 빈 시간 제외
daily,2026-09-25,,요일,금,,,계산,2026-09-25,2026-10-06T00:51:23,
daily,2026-09-25,X001,공휴일 여부,Y,,DT_L17,실측,2026-09-25,2026-10-06T00:44:21,추석
daily,2026-09-25,X001,공휴일 이름,추석,,DT_L17,실측,2026-09-25,2026-10-06T00:44:21,
daily,2026-09-25,,평균기온,20.2,℃,DT_L18,실측,2026-09-25,2026-10-06T00:44:21,"서울(108) 관측소, 구리시 아님"
daily,2026-09-25,,최저기온,18.4,℃,DT_L18,실측,2026-09-25,2026-10-06T00:44:21,"서울(108) 관측소, 구리시 아님"
daily,2026-09-25,,최고기온,23.6,℃,DT_L18,실측,2026-09-25,2026-10-06T00:44:21,"서울(108) 관측소, 구리시 아님"
daily,2026-09-25,,일 강수량,10.8,mm,DT_L18,실측,2026-09-25,2026-10-06T00:44:21,서울(108) 관측소. 빈 칸은 강수 없음으로 둠
daily,2026-09-25,,PM10 일평균,20.0,㎍/㎥,DT_L20,실측,2026-09-25,2026-10-06T00:44:21,측정소 동구동 24시간 평균. 빈 시간 제외
daily,2026-09-25,,PM2.5 일평균,13.5,㎍/㎥,DT_L20,실측,2026-09-25,2026-10-06T00:44:21,측정소 동구동 24시간 평균. 빈 시간 제외
daily,2026-09-26,,요일,토,,,계산,2026-09-26,2026-10-06T00:51:23,
daily,2026-09-26,X001,공휴일 여부,Y,,DT_L17,실측,2026-09-26,2026-10-06T00:44:21,추석
daily,2026-09-26,X001,공휴일 이름,추석,,DT_L17,실측,2026-09-26,2026-10-06T00:44:21,
daily,2026-09-26,,평균기온,21.9,℃,DT_L18,실측,2026-09-26,2026-10-06T00:44:21,"서울(108) 관측소, 구리시 아님"
daily,2026-09-26,,최저기온,18.2,℃,DT_L18,실측,2026-09-26,2026-10-06T00:44:21,"서울(108) 관측소, 구리시 아님"
daily,2026-09-26,,최고기온,27.5,℃,DT_L18,실측,2026-09-26,2026-10-06T00:44:21,"서울(108) 관측소, 구리시 아님"
daily,2026-09-26,,일 강수량,0,mm,DT_L18,실측,2026-09-26,2026-10-06T00:44:21,서울(108) 관측소. 빈 칸은 강수 없음으로 둠
daily,2026-09-26,,PM10 일평균,13.9,㎍/㎥,DT_L20,실측,2026-09-26,2026-10-06T00:44:21,측정소 동구동 24시간 평균. 빈 시간 제외
daily,2026-09-26,,PM2.5 일평균,10.0,㎍/㎥,DT_L20,실측,2026-09-26,2026-10-06T00:44:21,측정소 동구동 24시간 평균. 빈 시간 제외
daily,2026-09-27,,요일,일,,,계산,2026-09-27,2026-10-06T00:51:23,
daily,2026-09-27,X001,공휴일 여부,N,,DT_L17,실측,2026-09-27,2026-10-06T00:44:21,
daily,2026-09-27,,평균기온,22.4,℃,DT_L18,실측,2026-09-27,2026-10-06T00:44:21,"서울(108) 관측소, 구리시 아님"
daily,2026-09-27,,최저기온,17.4,℃,DT_L18,실측,2026-09-27,2026-10-06T00:44:21,"서울(108) 관측소, 구리시 아님"
daily,2026-09-27,,최고기온,28.8,℃,DT_L18,실측,2026-09-27,2026-10-06T00:44:21,"서울(108) 관측소, 구리시 아님"
daily,2026-09-27,,일 강수량,0,mm,DT_L18,실측,2026-09-27,2026-10-06T00:44:21,서울(108) 관측소. 빈 칸은 강수 없음으로 둠
daily,2026-09-27,,PM10 일평균,24.0,㎍/㎥,DT_L20,실측,2026-09-27,2026-10-06T00:44:21,측정소 동구동 24시간 평균. 빈 시간 제외
daily,2026-09-27,,PM2.5 일평균,17.9,㎍/㎥,DT_L20,실측,2026-09-27,2026-10-06T00:44:21,측정소 동구동 24시간 평균. 빈 시간 제외
daily,2026-09-28,,요일,월,,,계산,2026-09-28,2026-10-06T00:51:23,
daily,2026-09-28,X001,공휴일 여부,N,,DT_L17,실측,2026-09-28,2026-10-06T00:44:21,
daily,2026-09-28,,평균기온,21.2,℃,DT_L18,실측,2026-09-28,2026-10-06T00:44:21,"서울(108) 관측소, 구리시 아님"
daily,2026-09-28,,최저기온,18.3,℃,DT_L18,실측,2026-09-28,2026-10-06T00:44:21,"서울(108) 관측소, 구리시 아님"
daily,2026-09-28,,최고기온,26.2,℃,DT_L18,실측,2026-09-28,2026-10-06T00:44:21,"서울(108) 관측소, 구리시 아님"
daily,2026-09-28,,일 강수량,0,mm,DT_L18,실측,2026-09-28,2026-10-06T00:44:21,서울(108) 관측소. 빈 칸은 강수 없음으로 둠
daily,2026-09-28,,PM10 일평균,24.2,㎍/㎥,DT_L20,실측,2026-09-28,2026-10-06T00:44:21,측정소 동구동 24시간 평균. 빈 시간 제외
daily,2026-09-28,,PM2.5 일평균,15.6,㎍/㎥,DT_L20,실측,2026-09-28,2026-10-06T00:44:21,측정소 동구동 24시간 평균. 빈 시간 제외
daily,2026-09-29,,요일,화,,,계산,2026-09-29,2026-10-06T00:51:23,
daily,2026-09-29,X001,공휴일 여부,N,,DT_L17,실측,2026-09-29,2026-10-06T00:44:21,
daily,2026-09-29,,평균기온,20.9,℃,DT_L18,실측,2026-09-29,2026-10-06T00:44:21,"서울(108) 관측소, 구리시 아님"
daily,2026-09-29,,최저기온,14.5,℃,DT_L18,실측,2026-09-29,2026-10-06T00:44:21,"서울(108) 관측소, 구리시 아님"
daily,2026-09-29,,최고기온,27.7,℃,DT_L18,실측,2026-09-29,2026-10-06T00:44:21,"서울(108) 관측소, 구리시 아님"
daily,2026-09-29,,일 강수량,0,mm,DT_L18,실측,2026-09-29,2026-10-06T00:44:21,서울(108) 관측소. 빈 칸은 강수 없음으로 둠
daily,2026-09-29,,PM10 일평균,22.8,㎍/㎥,DT_L20,실측,2026-09-29,2026-10-06T00:44:21,측정소 동구동 24시간 평균. 빈 시간 제외
daily,2026-09-29,,PM2.5 일평균,15.7,㎍/㎥,DT_L20,실측,2026-09-29,2026-10-06T00:44:21,측정소 동구동 24시간 평균. 빈 시간 제외
daily,2026-09-30,,요일,수,,,계산,2026-09-30,2026-10-06T00:51:23,
daily,2026-09-30,X001,공휴일 여부,N,,DT_L17,실측,2026-09-30,2026-10-06T00:44:21,
daily,2026-09-30,,평균기온,21.6,℃,DT_L18,실측,2026-09-30,2026-10-06T00:44:21,"서울(108) 관측소, 구리시 아님"
daily,2026-09-30,,최저기온,16.6,℃,DT_L18,실측,2026-09-30,2026-10-06T00:44:21,"서울(108) 관측소, 구리시 아님"
daily,2026-09-30,,최고기온,27.9,℃,DT_L18,실측,2026-09-30,2026-10-06T00:44:21,"서울(108) 관측소, 구리시 아님"
daily,2026-09-30,,일 강수량,0.0,mm,DT_L18,실측,2026-09-30,2026-10-06T00:44:21,서울(108) 관측소. 빈 칸은 강수 없음으로 둠
daily,2026-09-30,,PM10 일평균,26.4,㎍/㎥,DT_L20,실측,2026-09-30,2026-10-06T00:44:21,측정소 동구동 24시간 평균. 빈 시간 제외
daily,2026-09-30,,PM2.5 일평균,16.2,㎍/㎥,DT_L20,실측,2026-09-30,2026-10-06T00:44:21,측정소 동구동 24시간 평균. 빈 시간 제외
daily,2026-10-01,,요일,목,,,계산,2026-10-01,2026-10-06T00:51:23,
daily,2026-10-01,X001,공휴일 여부,N,,DT_L17,실측,2026-10-01,2026-10-06T00:44:21,
daily,2026-10-01,,평균기온,17.6,℃,DT_L18,실측,2026-10-01,2026-10-06T00:44:21,"서울(108) 관측소, 구리시 아님"
daily,2026-10-01,,최저기온,14.0,℃,DT_L18,실측,2026-10-01,2026-10-06T00:44:21,"서울(108) 관측소, 구리시 아님"
daily,2026-10-01,,최고기온,22.1,℃,DT_L18,실측,2026-10-01,2026-10-06T00:44:21,"서울(108) 관측소, 구리시 아님"
daily,2026-10-01,,일 강수량,0,mm,DT_L18,실측,2026-10-01,2026-10-06T00:44:21,서울(108) 관측소. 빈 칸은 강수 없음으로 둠
daily,2026-10-01,,PM10 일평균,27.0,㎍/㎥,DT_L20,실측,2026-10-01,2026-10-06T00:44:21,측정소 동구동 24시간 평균. 빈 시간 제외
daily,2026-10-01,,PM2.5 일평균,7.1,㎍/㎥,DT_L20,실측,2026-10-01,2026-10-06T00:44:21,측정소 동구동 24시간 평균. 빈 시간 제외
daily,2026-10-02,,요일,금,,,계산,2026-10-02,2026-10-06T00:51:23,
daily,2026-10-02,X001,공휴일 여부,N,,DT_L17,실측,2026-10-02,2026-10-06T00:44:21,
daily,2026-10-02,,평균기온,16.6,℃,DT_L18,실측,2026-10-02,2026-10-06T00:44:21,"서울(108) 관측소, 구리시 아님"
daily,2026-10-02,,최저기온,11.2,℃,DT_L18,실측,2026-10-02,2026-10-06T00:44:21,"서울(108) 관측소, 구리시 아님"
daily,2026-10-02,,최고기온,22.6,℃,DT_L18,실측,2026-10-02,2026-10-06T00:44:21,"서울(108) 관측소, 구리시 아님"
daily,2026-10-02,,일 강수량,0,mm,DT_L18,실측,2026-10-02,2026-10-06T00:44:21,서울(108) 관측소. 빈 칸은 강수 없음으로 둠
daily,2026-10-02,,PM10 일평균,23.9,㎍/㎥,DT_L20,실측,2026-10-02,2026-10-06T00:44:21,측정소 동구동 24시간 평균. 빈 시간 제외
daily,2026-10-02,,PM2.5 일평균,7.1,㎍/㎥,DT_L20,실측,2026-10-02,2026-10-06T00:44:21,측정소 동구동 24시간 평균. 빈 시간 제외
daily,2026-10-03,,요일,토,,,계산,2026-10-03,2026-10-06T00:51:23,
daily,2026-10-03,X001,공휴일 여부,Y,,DT_L17,실측,2026-10-03,2026-10-06T00:44:21,개천절
daily,2026-10-03,X001,공휴일 이름,개천절,,DT_L17,실측,2026-10-03,2026-10-06T00:44:21,
daily,2026-10-03,,평균기온,17.1,℃,DT_L18,실측,2026-10-03,2026-10-06T00:44:21,"서울(108) 관측소, 구리시 아님"
daily,2026-10-03,,최저기온,10.2,℃,DT_L18,실측,2026-10-03,2026-10-06T00:44:21,"서울(108) 관측소, 구리시 아님"
daily,2026-10-03,,최고기온,22.8,℃,DT_L18,실측,2026-10-03,2026-10-06T00:44:21,"서울(108) 관측소, 구리시 아님"
daily,2026-10-03,,일 강수량,0,mm,DT_L18,실측,2026-10-03,2026-10-06T00:44:21,서울(108) 관측소. 빈 칸은 강수 없음으로 둠
daily,2026-10-03,,PM10 일평균,18.7,㎍/㎥,DT_L20,실측,2026-10-03,2026-10-06T00:44:21,측정소 동구동 24시간 평균. 빈 시간 제외
daily,2026-10-03,,PM2.5 일평균,8.8,㎍/㎥,DT_L20,실측,2026-10-03,2026-10-06T00:44:21,측정소 동구동 24시간 평균. 빈 시간 제외
daily,2026-10-04,,요일,일,,,계산,2026-10-04,2026-10-06T00:51:23,
daily,2026-10-04,X001,공휴일 여부,N,,DT_L17,실측,2026-10-04,2026-10-06T00:44:21,
daily,2026-10-04,,평균기온,19.7,℃,DT_L18,실측,2026-10-04,2026-10-06T00:44:21,"서울(108) 관측소, 구리시 아님"
daily,2026-10-04,,최저기온,14.8,℃,DT_L18,실측,2026-10-04,2026-10-06T00:44:21,"서울(108) 관측소, 구리시 아님"
daily,2026-10-04,,최고기온,26.3,℃,DT_L18,실측,2026-10-04,2026-10-06T00:44:21,"서울(108) 관측소, 구리시 아님"
daily,2026-10-04,,일 강수량,2.4,mm,DT_L18,실측,2026-10-04,2026-10-06T00:44:21,서울(108) 관측소. 빈 칸은 강수 없음으로 둠
daily,2026-10-04,,PM10 일평균,15.5,㎍/㎥,DT_L20,실측,2026-10-04,2026-10-06T00:44:21,측정소 동구동 24시간 평균. 빈 시간 제외
daily,2026-10-04,,PM2.5 일평균,8.3,㎍/㎥,DT_L20,실측,2026-10-04,2026-10-06T00:44:21,측정소 동구동 24시간 평균. 빈 시간 제외
daily,2026-10-05,,요일,월,,,계산,2026-10-05,2026-10-06T00:51:23,
daily,2026-10-05,X001,공휴일 여부,Y,,DT_L17,실측,2026-10-05,2026-10-06T00:44:21,대체공휴일(개천절)
daily,2026-10-05,X001,공휴일 이름,대체공휴일(개천절),,DT_L17,실측,2026-10-05,2026-10-06T00:44:21,
daily,2026-10-05,,PM10 일평균,16.9,㎍/㎥,DT_L20,실측,2026-10-05,2026-10-06T00:44:21,측정소 동구동 24시간 평균. 빈 시간 제외
daily,2026-10-05,,PM2.5 일평균,9.8,㎍/㎥,DT_L20,실측,2026-10-05,2026-10-06T00:44:21,측정소 동구동 24시간 평균. 빈 시간 제외
daily,2026-10-06,,요일,화,,,계산,2026-10-06,2026-10-06T00:51:23,
daily,2026-10-06,X001,공휴일 여부,N,,DT_L17,실측,2026-10-06,2026-10-06T00:44:21,
daily,2026-10-07,,요일,수,,,계산,2026-10-07,2026-10-06T00:51:23,
daily,2026-10-07,X001,공휴일 여부,N,,DT_L17,실측,2026-10-07,2026-10-06T00:44:21,
daily,2026-10-08,,요일,목,,,계산,2026-10-08,2026-10-06T00:51:23,
daily,2026-10-08,X001,공휴일 여부,N,,DT_L17,실측,2026-10-08,2026-10-06T00:44:21,
daily,2026-10-09,,요일,금,,,계산,2026-10-09,2026-10-06T00:51:23,
daily,2026-10-09,X001,공휴일 여부,Y,,DT_L17,실측,2026-10-09,2026-10-06T00:44:21,한글날
daily,2026-10-09,X001,공휴일 이름,한글날,,DT_L17,실측,2026-10-09,2026-10-06T00:44:21,
daily,2026-10-10,,요일,토,,,계산,2026-10-10,2026-10-06T00:51:23,
daily,2026-10-10,X001,공휴일 여부,N,,DT_L17,실측,2026-10-10,2026-10-06T00:44:21,
daily,2026-10-11,,요일,일,,,계산,2026-10-11,2026-10-06T00:51:23,
daily,2026-10-11,X001,공휴일 여부,N,,DT_L17,실측,2026-10-11,2026-10-06T00:44:21,
daily,2026-10-12,,요일,월,,,계산,2026-10-12,2026-10-06T00:51:23,
daily,2026-10-12,X001,공휴일 여부,N,,DT_L17,실측,2026-10-12,2026-10-06T00:44:21,
daily,2026-10-13,,요일,화,,,계산,2026-10-13,2026-10-06T00:51:23,
daily,2026-10-13,X001,공휴일 여부,N,,DT_L17,실측,2026-10-13,2026-10-06T00:44:21,
daily,2026-10-14,,요일,수,,,계산,2026-10-14,2026-10-06T00:51:23,
daily,2026-10-14,X001,공휴일 여부,N,,DT_L17,실측,2026-10-14,2026-10-06T00:44:21,
daily,2026-10-15,,요일,목,,,계산,2026-10-15,2026-10-06T00:51:23,
daily,2026-10-15,X001,공휴일 여부,N,,DT_L17,실측,2026-10-15,2026-10-06T00:44:21,
daily,2026-10-16,,요일,금,,,계산,2026-10-16,2026-10-06T00:51:23,
daily,2026-10-16,X001,공휴일 여부,N,,DT_L17,실측,2026-10-16,2026-10-06T00:44:21,
daily,2026-10-17,,요일,토,,,계산,2026-10-17,2026-10-06T00:51:23,
daily,2026-10-17,X001,공휴일 여부,N,,DT_L17,실측,2026-10-17,2026-10-06T00:44:21,
daily,2026-10-18,,요일,일,,,계산,2026-10-18,2026-10-06T00:51:23,
daily,2026-10-18,X001,공휴일 여부,N,,DT_L17,실측,2026-10-18,2026-10-06T00:44:21,
daily,2026-10-19,,요일,월,,,계산,2026-10-19,2026-10-06T00:51:23,
daily,2026-10-19,X001,공휴일 여부,N,,DT_L17,실측,2026-10-19,2026-10-06T00:44:21,
daily,2026-10-20,,요일,화,,,계산,2026-10-20,2026-10-06T00:51:23,
daily,2026-10-20,X001,공휴일 여부,N,,DT_L17,실측,2026-10-20,2026-10-06T00:44:21,
daily,2026-10-21,,요일,수,,,계산,2026-10-21,2026-10-06T00:51:23,
daily,2026-10-21,X001,공휴일 여부,N,,DT_L17,실측,2026-10-21,2026-10-06T00:44:21,
daily,2026-10-22,,요일,목,,,계산,2026-10-22,2026-10-06T00:51:23,
daily,2026-10-22,X001,공휴일 여부,N,,DT_L17,실측,2026-10-22,2026-10-06T00:44:21,
daily,2026-10-23,,요일,금,,,계산,2026-10-23,2026-10-06T00:51:23,
daily,2026-10-23,X001,공휴일 여부,N,,DT_L17,실측,2026-10-23,2026-10-06T00:44:21,
daily,2026-10-24,,요일,토,,,계산,2026-10-24,2026-10-06T00:51:23,
daily,2026-10-24,X001,공휴일 여부,N,,DT_L17,실측,2026-10-24,2026-10-06T00:44:21,
daily,2026-10-25,,요일,일,,,계산,2026-10-25,2026-10-06T00:51:23,
daily,2026-10-25,X001,공휴일 여부,N,,DT_L17,실측,2026-10-25,2026-10-06T00:44:21,
daily,2026-10-26,,요일,월,,,계산,2026-10-26,2026-10-06T00:51:23,
daily,2026-10-26,X001,공휴일 여부,N,,DT_L17,실측,2026-10-26,2026-10-06T00:44:21,
daily,2026-10-27,,요일,화,,,계산,2026-10-27,2026-10-06T00:51:23,
daily,2026-10-27,X001,공휴일 여부,N,,DT_L17,실측,2026-10-27,2026-10-06T00:44:21,
daily,2026-10-28,,요일,수,,,계산,2026-10-28,2026-10-06T00:51:23,
daily,2026-10-28,X001,공휴일 여부,N,,DT_L17,실측,2026-10-28,2026-10-06T00:44:21,
daily,2026-10-29,,요일,목,,,계산,2026-10-29,2026-10-06T00:51:23,
daily,2026-10-29,X001,공휴일 여부,N,,DT_L17,실측,2026-10-29,2026-10-06T00:44:21,
daily,2026-10-30,,요일,금,,,계산,2026-10-30,2026-10-06T00:51:23,
daily,2026-10-30,X001,공휴일 여부,N,,DT_L17,실측,2026-10-30,2026-10-06T00:44:21,
daily,2026-10-31,,요일,토,,,계산,2026-10-31,2026-10-06T00:51:23,
daily,2026-10-31,X001,공휴일 여부,N,,DT_L17,실측,2026-10-31,2026-10-06T00:44:21,
weekly,2026-27절기 36주,X005,인플루엔자 의사환자분율(경기),24.2,"외래 1,000명당",DT_L11,실측,2026-27 절기,2026-10-06T00:51:23,"질병관리청 감염병포털 표본감시, 경기 시도 단위(시군구 없음)"
weekly,2026-27절기 37주,X005,인플루엔자 의사환자분율(경기),28.4,"외래 1,000명당",DT_L11,실측,2026-27 절기,2026-10-06T00:51:23,"질병관리청 감염병포털 표본감시, 경기 시도 단위(시군구 없음)"
weekly,2026-27절기 38주,X005,인플루엔자 의사환자분율(경기),33.1,"외래 1,000명당",DT_L11,실측,2026-27 절기,2026-10-06T00:51:23,"질병관리청 감염병포털 표본감시, 경기 시도 단위(시군구 없음)"
weekly,2026-27절기 39주,X005,인플루엔자 의사환자분율(경기),32.1,"외래 1,000명당",DT_L11,실측,2026-27 절기,2026-10-06T00:51:23,"질병관리청 감염병포털 표본감시, 경기 시도 단위(시군구 없음)"
weekly,2026-27절기 40주,X005,인플루엔자 의사환자분율(경기),,"외래 1,000명당",DT_L11,실측,2026-27 절기,2026-10-06T00:51:23,"질병관리청 감염병포털 표본감시, 경기 시도 단위(시군구 없음). '집계 중' (아직 집계 전)"
monthly,2024-01,,해열·진통·소염제(114) 사용 수량,2272380,정(개),DT_L10,실측,2024-01,2026-10-06T00:51:23,"구리시, 조제기준, 보험자 구분 합계. 건강보험 청구분만(일반약 제외)"
monthly,2024-01,,해열·진통·소염제(114) 사용 금액,416878938,원,DT_L10,실측,2024-01,2026-10-06T00:51:23,"구리시, 조제기준, 보험자 구분 합계"
monthly,2024-01,,진해거담제(222) 사용 수량,2495854,정(개),DT_L10,실측,2024-01,2026-10-06T00:51:23,"구리시, 조제기준, 보험자 구분 합계. 건강보험 청구분만(일반약 제외)"
monthly,2024-01,,진해거담제(222) 사용 금액,288596100,원,DT_L10,실측,2024-01,2026-10-06T00:51:23,"구리시, 조제기준, 보험자 구분 합계"
monthly,2024-01,,기타의 호흡기관용약(229) 사용 수량,232134,정(개),DT_L10,실측,2024-01,2026-10-06T00:51:23,"구리시, 조제기준, 보험자 구분 합계. 건강보험 청구분만(일반약 제외)"
monthly,2024-01,,기타의 호흡기관용약(229) 사용 금액,128382185,원,DT_L10,실측,2024-01,2026-10-06T00:51:23,"구리시, 조제기준, 보험자 구분 합계"
monthly,2024-02,,해열·진통·소염제(114) 사용 수량,1897643,정(개),DT_L10,실측,2024-02,2026-10-06T00:51:23,"구리시, 조제기준, 보험자 구분 합계. 건강보험 청구분만(일반약 제외)"
monthly,2024-02,,해열·진통·소염제(114) 사용 금액,356561208,원,DT_L10,실측,2024-02,2026-10-06T00:51:23,"구리시, 조제기준, 보험자 구분 합계"
monthly,2024-02,,진해거담제(222) 사용 수량,2031229,정(개),DT_L10,실측,2024-02,2026-10-06T00:51:23,"구리시, 조제기준, 보험자 구분 합계. 건강보험 청구분만(일반약 제외)"
monthly,2024-02,,진해거담제(222) 사용 금액,229459987,원,DT_L10,실측,2024-02,2026-10-06T00:51:23,"구리시, 조제기준, 보험자 구분 합계"
monthly,2024-02,,기타의 호흡기관용약(229) 사용 수량,191184,정(개),DT_L10,실측,2024-02,2026-10-06T00:51:23,"구리시, 조제기준, 보험자 구분 합계. 건강보험 청구분만(일반약 제외)"
monthly,2024-02,,기타의 호흡기관용약(229) 사용 금액,90940982,원,DT_L10,실측,2024-02,2026-10-06T00:51:23,"구리시, 조제기준, 보험자 구분 합계"
monthly,2024-03,,해열·진통·소염제(114) 사용 수량,2039488,정(개),DT_L10,실측,2024-03,2026-10-06T00:51:23,"구리시, 조제기준, 보험자 구분 합계. 건강보험 청구분만(일반약 제외)"
monthly,2024-03,,해열·진통·소염제(114) 사용 금액,390756578,원,DT_L10,실측,2024-03,2026-10-06T00:51:23,"구리시, 조제기준, 보험자 구분 합계"
monthly,2024-03,,진해거담제(222) 사용 수량,2108788,정(개),DT_L10,실측,2024-03,2026-10-06T00:51:23,"구리시, 조제기준, 보험자 구분 합계. 건강보험 청구분만(일반약 제외)"
monthly,2024-03,,진해거담제(222) 사용 금액,232005952,원,DT_L10,실측,2024-03,2026-10-06T00:51:23,"구리시, 조제기준, 보험자 구분 합계"
monthly,2024-03,,기타의 호흡기관용약(229) 사용 수량,211192,정(개),DT_L10,실측,2024-03,2026-10-06T00:51:23,"구리시, 조제기준, 보험자 구분 합계. 건강보험 청구분만(일반약 제외)"
monthly,2024-03,,기타의 호흡기관용약(229) 사용 금액,118286809,원,DT_L10,실측,2024-03,2026-10-06T00:51:23,"구리시, 조제기준, 보험자 구분 합계"
monthly,2024-04,,해열·진통·소염제(114) 사용 수량,2055211,정(개),DT_L10,실측,2024-04,2026-10-06T00:51:23,"구리시, 조제기준, 보험자 구분 합계. 건강보험 청구분만(일반약 제외)"
monthly,2024-04,,해열·진통·소염제(114) 사용 금액,396512221,원,DT_L10,실측,2024-04,2026-10-06T00:51:23,"구리시, 조제기준, 보험자 구분 합계"
monthly,2024-04,,진해거담제(222) 사용 수량,2234437,정(개),DT_L10,실측,2024-04,2026-10-06T00:51:23,"구리시, 조제기준, 보험자 구분 합계. 건강보험 청구분만(일반약 제외)"
monthly,2024-04,,진해거담제(222) 사용 금액,241020930,원,DT_L10,실측,2024-04,2026-10-06T00:51:23,"구리시, 조제기준, 보험자 구분 합계"
monthly,2024-04,,기타의 호흡기관용약(229) 사용 수량,208811,정(개),DT_L10,실측,2024-04,2026-10-06T00:51:23,"구리시, 조제기준, 보험자 구분 합계. 건강보험 청구분만(일반약 제외)"
monthly,2024-04,,기타의 호흡기관용약(229) 사용 금액,114321998,원,DT_L10,실측,2024-04,2026-10-06T00:51:23,"구리시, 조제기준, 보험자 구분 합계"
monthly,2024-05,,해열·진통·소염제(114) 사용 수량,2038968,정(개),DT_L10,실측,2024-05,2026-10-06T00:51:23,"구리시, 조제기준, 보험자 구분 합계. 건강보험 청구분만(일반약 제외)"
monthly,2024-05,,해열·진통·소염제(114) 사용 금액,394806712,원,DT_L10,실측,2024-05,2026-10-06T00:51:23,"구리시, 조제기준, 보험자 구분 합계"
monthly,2024-05,,진해거담제(222) 사용 수량,2075473,정(개),DT_L10,실측,2024-05,2026-10-06T00:51:23,"구리시, 조제기준, 보험자 구분 합계. 건강보험 청구분만(일반약 제외)"
monthly,2024-05,,진해거담제(222) 사용 금액,219218687,원,DT_L10,실측,2024-05,2026-10-06T00:51:23,"구리시, 조제기준, 보험자 구분 합계"
monthly,2024-05,,기타의 호흡기관용약(229) 사용 수량,189872,정(개),DT_L10,실측,2024-05,2026-10-06T00:51:23,"구리시, 조제기준, 보험자 구분 합계. 건강보험 청구분만(일반약 제외)"
monthly,2024-05,,기타의 호흡기관용약(229) 사용 금액,106765381,원,DT_L10,실측,2024-05,2026-10-06T00:51:23,"구리시, 조제기준, 보험자 구분 합계"
monthly,2024-06,,해열·진통·소염제(114) 사용 수량,1846540,정(개),DT_L10,실측,2024-06,2026-10-06T00:51:23,"구리시, 조제기준, 보험자 구분 합계. 건강보험 청구분만(일반약 제외)"
monthly,2024-06,,해열·진통·소염제(114) 사용 금액,361971701,원,DT_L10,실측,2024-06,2026-10-06T00:51:23,"구리시, 조제기준, 보험자 구분 합계"
monthly,2024-06,,진해거담제(222) 사용 수량,1552143,정(개),DT_L10,실측,2024-06,2026-10-06T00:51:23,"구리시, 조제기준, 보험자 구분 합계. 건강보험 청구분만(일반약 제외)"
monthly,2024-06,,진해거담제(222) 사용 금액,180772377,원,DT_L10,실측,2024-06,2026-10-06T00:51:23,"구리시, 조제기준, 보험자 구분 합계"
monthly,2024-06,,기타의 호흡기관용약(229) 사용 수량,144675,정(개),DT_L10,실측,2024-06,2026-10-06T00:51:23,"구리시, 조제기준, 보험자 구분 합계. 건강보험 청구분만(일반약 제외)"
monthly,2024-06,,기타의 호흡기관용약(229) 사용 금액,96470531,원,DT_L10,실측,2024-06,2026-10-06T00:51:23,"구리시, 조제기준, 보험자 구분 합계"
monthly,2024-07,,해열·진통·소염제(114) 사용 수량,2170611,정(개),DT_L10,실측,2024-07,2026-10-06T00:51:23,"구리시, 조제기준, 보험자 구분 합계. 건강보험 청구분만(일반약 제외)"
monthly,2024-07,,해열·진통·소염제(114) 사용 금액,412106298,원,DT_L10,실측,2024-07,2026-10-06T00:51:23,"구리시, 조제기준, 보험자 구분 합계"
monthly,2024-07,,진해거담제(222) 사용 수량,2003520,정(개),DT_L10,실측,2024-07,2026-10-06T00:51:23,"구리시, 조제기준, 보험자 구분 합계. 건강보험 청구분만(일반약 제외)"
monthly,2024-07,,진해거담제(222) 사용 금액,217653221,원,DT_L10,실측,2024-07,2026-10-06T00:51:23,"구리시, 조제기준, 보험자 구분 합계"
monthly,2024-07,,기타의 호흡기관용약(229) 사용 수량,163032,정(개),DT_L10,실측,2024-07,2026-10-06T00:51:23,"구리시, 조제기준, 보험자 구분 합계. 건강보험 청구분만(일반약 제외)"
monthly,2024-07,,기타의 호흡기관용약(229) 사용 금액,110251433,원,DT_L10,실측,2024-07,2026-10-06T00:51:23,"구리시, 조제기준, 보험자 구분 합계"
monthly,2024-08,,해열·진통·소염제(114) 사용 수량,2208590,정(개),DT_L10,실측,2024-08,2026-10-06T00:51:23,"구리시, 조제기준, 보험자 구분 합계. 건강보험 청구분만(일반약 제외)"
monthly,2024-08,,해열·진통·소염제(114) 사용 금액,401894045,원,DT_L10,실측,2024-08,2026-10-06T00:51:23,"구리시, 조제기준, 보험자 구분 합계"
monthly,2024-08,,진해거담제(222) 사용 수량,2154463,정(개),DT_L10,실측,2024-08,2026-10-06T00:51:23,"구리시, 조제기준, 보험자 구분 합계. 건강보험 청구분만(일반약 제외)"
monthly,2024-08,,진해거담제(222) 사용 금액,243005891,원,DT_L10,실측,2024-08,2026-10-06T00:51:23,"구리시, 조제기준, 보험자 구분 합계"
monthly,2024-08,,기타의 호흡기관용약(229) 사용 수량,172121,정(개),DT_L10,실측,2024-08,2026-10-06T00:51:23,"구리시, 조제기준, 보험자 구분 합계. 건강보험 청구분만(일반약 제외)"
monthly,2024-08,,기타의 호흡기관용약(229) 사용 금액,98957118,원,DT_L10,실측,2024-08,2026-10-06T00:51:23,"구리시, 조제기준, 보험자 구분 합계"
monthly,2024-09,,해열·진통·소염제(114) 사용 수량,1957748,정(개),DT_L10,실측,2024-09,2026-10-06T00:51:23,"구리시, 조제기준, 보험자 구분 합계. 건강보험 청구분만(일반약 제외)"
monthly,2024-09,,해열·진통·소염제(114) 사용 금액,375835379,원,DT_L10,실측,2024-09,2026-10-06T00:51:23,"구리시, 조제기준, 보험자 구분 합계"
monthly,2024-09,,진해거담제(222) 사용 수량,2033190,정(개),DT_L10,실측,2024-09,2026-10-06T00:51:23,"구리시, 조제기준, 보험자 구분 합계. 건강보험 청구분만(일반약 제외)"
monthly,2024-09,,진해거담제(222) 사용 금액,216011908,원,DT_L10,실측,2024-09,2026-10-06T00:51:23,"구리시, 조제기준, 보험자 구분 합계"
monthly,2024-09,,기타의 호흡기관용약(229) 사용 수량,172074,정(개),DT_L10,실측,2024-09,2026-10-06T00:51:23,"구리시, 조제기준, 보험자 구분 합계. 건강보험 청구분만(일반약 제외)"
monthly,2024-09,,기타의 호흡기관용약(229) 사용 금액,108441101,원,DT_L10,실측,2024-09,2026-10-06T00:51:23,"구리시, 조제기준, 보험자 구분 합계"
monthly,2024-10,,해열·진통·소염제(114) 사용 수량,2046763,정(개),DT_L10,실측,2024-10,2026-10-06T00:51:23,"구리시, 조제기준, 보험자 구분 합계. 건강보험 청구분만(일반약 제외)"
monthly,2024-10,,해열·진통·소염제(114) 사용 금액,400695394,원,DT_L10,실측,2024-10,2026-10-06T00:51:23,"구리시, 조제기준, 보험자 구분 합계"
monthly,2024-10,,진해거담제(222) 사용 수량,2240315,정(개),DT_L10,실측,2024-10,2026-10-06T00:51:23,"구리시, 조제기준, 보험자 구분 합계. 건강보험 청구분만(일반약 제외)"
monthly,2024-10,,진해거담제(222) 사용 금액,242156964,원,DT_L10,실측,2024-10,2026-10-06T00:51:23,"구리시, 조제기준, 보험자 구분 합계"
monthly,2024-10,,기타의 호흡기관용약(229) 사용 수량,192132,정(개),DT_L10,실측,2024-10,2026-10-06T00:51:23,"구리시, 조제기준, 보험자 구분 합계. 건강보험 청구분만(일반약 제외)"
monthly,2024-10,,기타의 호흡기관용약(229) 사용 금액,121307560,원,DT_L10,실측,2024-10,2026-10-06T00:51:23,"구리시, 조제기준, 보험자 구분 합계"
monthly,2024-11,,해열·진통·소염제(114) 사용 수량,2003169,정(개),DT_L10,실측,2024-11,2026-10-06T00:51:23,"구리시, 조제기준, 보험자 구분 합계. 건강보험 청구분만(일반약 제외)"
monthly,2024-11,,해열·진통·소염제(114) 사용 금액,381486158,원,DT_L10,실측,2024-11,2026-10-06T00:51:23,"구리시, 조제기준, 보험자 구분 합계"
monthly,2024-11,,진해거담제(222) 사용 수량,2423036,정(개),DT_L10,실측,2024-11,2026-10-06T00:51:23,"구리시, 조제기준, 보험자 구분 합계. 건강보험 청구분만(일반약 제외)"
monthly,2024-11,,진해거담제(222) 사용 금액,255669048,원,DT_L10,실측,2024-11,2026-10-06T00:51:23,"구리시, 조제기준, 보험자 구분 합계"
monthly,2024-11,,기타의 호흡기관용약(229) 사용 수량,206945,정(개),DT_L10,실측,2024-11,2026-10-06T00:51:23,"구리시, 조제기준, 보험자 구분 합계. 건강보험 청구분만(일반약 제외)"
monthly,2024-11,,기타의 호흡기관용약(229) 사용 금액,116988121,원,DT_L10,실측,2024-11,2026-10-06T00:51:23,"구리시, 조제기준, 보험자 구분 합계"
monthly,2024-12,,해열·진통·소염제(114) 사용 수량,2418038,정(개),DT_L10,실측,2024-12,2026-10-06T00:51:23,"구리시, 조제기준, 보험자 구분 합계. 건강보험 청구분만(일반약 제외)"
monthly,2024-12,,해열·진통·소염제(114) 사용 금액,429277758,원,DT_L10,실측,2024-12,2026-10-06T00:51:23,"구리시, 조제기준, 보험자 구분 합계"
monthly,2024-12,,진해거담제(222) 사용 수량,3029467,정(개),DT_L10,실측,2024-12,2026-10-06T00:51:23,"구리시, 조제기준, 보험자 구분 합계. 건강보험 청구분만(일반약 제외)"
monthly,2024-12,,진해거담제(222) 사용 금액,306531380,원,DT_L10,실측,2024-12,2026-10-06T00:51:23,"구리시, 조제기준, 보험자 구분 합계"
monthly,2024-12,,기타의 호흡기관용약(229) 사용 수량,247932,정(개),DT_L10,실측,2024-12,2026-10-06T00:51:23,"구리시, 조제기준, 보험자 구분 합계. 건강보험 청구분만(일반약 제외)"
monthly,2024-12,,기타의 호흡기관용약(229) 사용 금액,98307735,원,DT_L10,실측,2024-12,2026-10-06T00:51:23,"구리시, 조제기준, 보험자 구분 합계"
monthly,2025-01,,해열·진통·소염제(114) 사용 수량,2296075,정(개),DT_L10,실측,2025-01,2026-10-06T00:51:23,"구리시, 조제기준, 보험자 구분 합계. 건강보험 청구분만(일반약 제외)"
monthly,2025-01,,해열·진통·소염제(114) 사용 금액,397616609,원,DT_L10,실측,2025-01,2026-10-06T00:51:23,"구리시, 조제기준, 보험자 구분 합계"
monthly,2025-01,,진해거담제(222) 사용 수량,2669924,정(개),DT_L10,실측,2025-01,2026-10-06T00:51:23,"구리시, 조제기준, 보험자 구분 합계. 건강보험 청구분만(일반약 제외)"
monthly,2025-01,,진해거담제(222) 사용 금액,326011738,원,DT_L10,실측,2025-01,2026-10-06T00:51:23,"구리시, 조제기준, 보험자 구분 합계"
monthly,2025-01,,기타의 호흡기관용약(229) 사용 수량,250358,정(개),DT_L10,실측,2025-01,2026-10-06T00:51:23,"구리시, 조제기준, 보험자 구분 합계. 건강보험 청구분만(일반약 제외)"
monthly,2025-01,,기타의 호흡기관용약(229) 사용 금액,105428107,원,DT_L10,실측,2025-01,2026-10-06T00:51:23,"구리시, 조제기준, 보험자 구분 합계"
monthly,2025-02,,해열·진통·소염제(114) 사용 수량,1845962,정(개),DT_L10,실측,2025-02,2026-10-06T00:51:23,"구리시, 조제기준, 보험자 구분 합계. 건강보험 청구분만(일반약 제외)"
monthly,2025-02,,해열·진통·소염제(114) 사용 금액,376537670,원,DT_L10,실측,2025-02,2026-10-06T00:51:23,"구리시, 조제기준, 보험자 구분 합계"
monthly,2025-02,,진해거담제(222) 사용 수량,1522939,정(개),DT_L10,실측,2025-02,2026-10-06T00:51:23,"구리시, 조제기준, 보험자 구분 합계. 건강보험 청구분만(일반약 제외)"
monthly,2025-02,,진해거담제(222) 사용 금액,184246031,원,DT_L10,실측,2025-02,2026-10-06T00:51:23,"구리시, 조제기준, 보험자 구분 합계"
monthly,2025-02,,기타의 호흡기관용약(229) 사용 수량,152747,정(개),DT_L10,실측,2025-02,2026-10-06T00:51:23,"구리시, 조제기준, 보험자 구분 합계. 건강보험 청구분만(일반약 제외)"
monthly,2025-02,,기타의 호흡기관용약(229) 사용 금액,70946402,원,DT_L10,실측,2025-02,2026-10-06T00:51:23,"구리시, 조제기준, 보험자 구분 합계"
monthly,2025-03,,해열·진통·소염제(114) 사용 수량,2033969,정(개),DT_L10,실측,2025-03,2026-10-06T00:51:23,"구리시, 조제기준, 보험자 구분 합계. 건강보험 청구분만(일반약 제외)"
monthly,2025-03,,해열·진통·소염제(114) 사용 금액,402210117,원,DT_L10,실측,2025-03,2026-10-06T00:51:23,"구리시, 조제기준, 보험자 구분 합계"
monthly,2025-03,,진해거담제(222) 사용 수량,1862964,정(개),DT_L10,실측,2025-03,2026-10-06T00:51:23,"구리시, 조제기준, 보험자 구분 합계. 건강보험 청구분만(일반약 제외)"
monthly,2025-03,,진해거담제(222) 사용 금액,219781540,원,DT_L10,실측,2025-03,2026-10-06T00:51:23,"구리시, 조제기준, 보험자 구분 합계"
monthly,2025-03,,기타의 호흡기관용약(229) 사용 수량,209213,정(개),DT_L10,실측,2025-03,2026-10-06T00:51:23,"구리시, 조제기준, 보험자 구분 합계. 건강보험 청구분만(일반약 제외)"
monthly,2025-03,,기타의 호흡기관용약(229) 사용 금액,101855791,원,DT_L10,실측,2025-03,2026-10-06T00:51:23,"구리시, 조제기준, 보험자 구분 합계"
monthly,2025-04,,해열·진통·소염제(114) 사용 수량,2094210,정(개),DT_L10,실측,2025-04,2026-10-06T00:51:23,"구리시, 조제기준, 보험자 구분 합계. 건강보험 청구분만(일반약 제외)"
monthly,2025-04,,해열·진통·소염제(114) 사용 금액,417712294,원,DT_L10,실측,2025-04,2026-10-06T00:51:23,"구리시, 조제기준, 보험자 구분 합계"
monthly,2025-04,,진해거담제(222) 사용 수량,1969673,정(개),DT_L10,실측,2025-04,2026-10-06T00:51:23,"구리시, 조제기준, 보험자 구분 합계. 건강보험 청구분만(일반약 제외)"
monthly,2025-04,,진해거담제(222) 사용 금액,232998868,원,DT_L10,실측,2025-04,2026-10-06T00:51:23,"구리시, 조제기준, 보험자 구분 합계"
monthly,2025-04,,기타의 호흡기관용약(229) 사용 수량,215360,정(개),DT_L10,실측,2025-04,2026-10-06T00:51:23,"구리시, 조제기준, 보험자 구분 합계. 건강보험 청구분만(일반약 제외)"
monthly,2025-04,,기타의 호흡기관용약(229) 사용 금액,109094145,원,DT_L10,실측,2025-04,2026-10-06T00:51:23,"구리시, 조제기준, 보험자 구분 합계"
monthly,2025-05,,해열·진통·소염제(114) 사용 수량,1918495,정(개),DT_L10,실측,2025-05,2026-10-06T00:51:23,"구리시, 조제기준, 보험자 구분 합계. 건강보험 청구분만(일반약 제외)"
monthly,2025-05,,해열·진통·소염제(114) 사용 금액,386678987,원,DT_L10,실측,2025-05,2026-10-06T00:51:23,"구리시, 조제기준, 보험자 구분 합계"
monthly,2025-05,,진해거담제(222) 사용 수량,1642914,정(개),DT_L10,실측,2025-05,2026-10-06T00:51:23,"구리시, 조제기준, 보험자 구분 합계. 건강보험 청구분만(일반약 제외)"
monthly,2025-05,,진해거담제(222) 사용 금액,190798978,원,DT_L10,실측,2025-05,2026-10-06T00:51:23,"구리시, 조제기준, 보험자 구분 합계"
monthly,2025-05,,기타의 호흡기관용약(229) 사용 수량,166212,정(개),DT_L10,실측,2025-05,2026-10-06T00:51:23,"구리시, 조제기준, 보험자 구분 합계. 건강보험 청구분만(일반약 제외)"
monthly,2025-05,,기타의 호흡기관용약(229) 사용 금액,104471490,원,DT_L10,실측,2025-05,2026-10-06T00:51:23,"구리시, 조제기준, 보험자 구분 합계"
monthly,2025-06,,해열·진통·소염제(114) 사용 수량,1837707,정(개),DT_L10,실측,2025-06,2026-10-06T00:51:23,"구리시, 조제기준, 보험자 구분 합계. 건강보험 청구분만(일반약 제외)"
monthly,2025-06,,해열·진통·소염제(114) 사용 금액,384218671,원,DT_L10,실측,2025-06,2026-10-06T00:51:23,"구리시, 조제기준, 보험자 구분 합계"
monthly,2025-06,,진해거담제(222) 사용 수량,1184511,정(개),DT_L10,실측,2025-06,2026-10-06T00:51:23,"구리시, 조제기준, 보험자 구분 합계. 건강보험 청구분만(일반약 제외)"
monthly,2025-06,,진해거담제(222) 사용 금액,153792242,원,DT_L10,실측,2025-06,2026-10-06T00:51:23,"구리시, 조제기준, 보험자 구분 합계"
monthly,2025-06,,기타의 호흡기관용약(229) 사용 수량,120848,정(개),DT_L10,실측,2025-06,2026-10-06T00:51:23,"구리시, 조제기준, 보험자 구분 합계. 건강보험 청구분만(일반약 제외)"
monthly,2025-06,,기타의 호흡기관용약(229) 사용 금액,104023502,원,DT_L10,실측,2025-06,2026-10-06T00:51:23,"구리시, 조제기준, 보험자 구분 합계"
monthly,2025-07,,해열·진통·소염제(114) 사용 수량,1952888,정(개),DT_L10,실측,2025-07,2026-10-06T00:51:23,"구리시, 조제기준, 보험자 구분 합계. 건강보험 청구분만(일반약 제외)"
monthly,2025-07,,해열·진통·소염제(114) 사용 금액,411113192,원,DT_L10,실측,2025-07,2026-10-06T00:51:23,"구리시, 조제기준, 보험자 구분 합계"
monthly,2025-07,,진해거담제(222) 사용 수량,1228253,정(개),DT_L10,실측,2025-07,2026-10-06T00:51:23,"구리시, 조제기준, 보험자 구분 합계. 건강보험 청구분만(일반약 제외)"
monthly,2025-07,,진해거담제(222) 사용 금액,149554005,원,DT_L10,실측,2025-07,2026-10-06T00:51:23,"구리시, 조제기준, 보험자 구분 합계"
monthly,2025-07,,기타의 호흡기관용약(229) 사용 수량,115509,정(개),DT_L10,실측,2025-07,2026-10-06T00:51:23,"구리시, 조제기준, 보험자 구분 합계. 건강보험 청구분만(일반약 제외)"
monthly,2025-07,,기타의 호흡기관용약(229) 사용 금액,104187276,원,DT_L10,실측,2025-07,2026-10-06T00:51:23,"구리시, 조제기준, 보험자 구분 합계"
monthly,2025-08,,해열·진통·소염제(114) 사용 수량,1854596,정(개),DT_L10,실측,2025-08,2026-10-06T00:51:23,"구리시, 조제기준, 보험자 구분 합계. 건강보험 청구분만(일반약 제외)"
monthly,2025-08,,해열·진통·소염제(114) 사용 금액,383437223,원,DT_L10,실측,2025-08,2026-10-06T00:51:23,"구리시, 조제기준, 보험자 구분 합계"
monthly,2025-08,,진해거담제(222) 사용 수량,1133385,정(개),DT_L10,실측,2025-08,2026-10-06T00:51:23,"구리시, 조제기준, 보험자 구분 합계. 건강보험 청구분만(일반약 제외)"
monthly,2025-08,,진해거담제(222) 사용 금액,157473001,원,DT_L10,실측,2025-08,2026-10-06T00:51:23,"구리시, 조제기준, 보험자 구분 합계"
monthly,2025-08,,기타의 호흡기관용약(229) 사용 수량,103061,정(개),DT_L10,실측,2025-08,2026-10-06T00:51:23,"구리시, 조제기준, 보험자 구분 합계. 건강보험 청구분만(일반약 제외)"
monthly,2025-08,,기타의 호흡기관용약(229) 사용 금액,77597401,원,DT_L10,실측,2025-08,2026-10-06T00:51:23,"구리시, 조제기준, 보험자 구분 합계"
monthly,2025-09,,해열·진통·소염제(114) 사용 수량,2140561,정(개),DT_L10,실측,2025-09,2026-10-06T00:51:23,"구리시, 조제기준, 보험자 구분 합계. 건강보험 청구분만(일반약 제외)"
monthly,2025-09,,해열·진통·소염제(114) 사용 금액,430138460,원,DT_L10,실측,2025-09,2026-10-06T00:51:23,"구리시, 조제기준, 보험자 구분 합계"
monthly,2025-09,,진해거담제(222) 사용 수량,1494877,정(개),DT_L10,실측,2025-09,2026-10-06T00:51:23,"구리시, 조제기준, 보험자 구분 합계. 건강보험 청구분만(일반약 제외)"
monthly,2025-09,,진해거담제(222) 사용 금액,186116655,원,DT_L10,실측,2025-09,2026-10-06T00:51:23,"구리시, 조제기준, 보험자 구분 합계"
monthly,2025-09,,기타의 호흡기관용약(229) 사용 수량,167632,정(개),DT_L10,실측,2025-09,2026-10-06T00:51:23,"구리시, 조제기준, 보험자 구분 합계. 건강보험 청구분만(일반약 제외)"
monthly,2025-09,,기타의 호흡기관용약(229) 사용 금액,138143990,원,DT_L10,실측,2025-09,2026-10-06T00:51:23,"구리시, 조제기준, 보험자 구분 합계"
monthly,2025-10,,해열·진통·소염제(114) 사용 수량,1984747,정(개),DT_L10,실측,2025-10,2026-10-06T00:51:23,"구리시, 조제기준, 보험자 구분 합계. 건강보험 청구분만(일반약 제외)"
monthly,2025-10,,해열·진통·소염제(114) 사용 금액,397597848,원,DT_L10,실측,2025-10,2026-10-06T00:51:23,"구리시, 조제기준, 보험자 구분 합계"
monthly,2025-10,,진해거담제(222) 사용 수량,1501411,정(개),DT_L10,실측,2025-10,2026-10-06T00:51:23,"구리시, 조제기준, 보험자 구분 합계. 건강보험 청구분만(일반약 제외)"
monthly,2025-10,,진해거담제(222) 사용 금액,179542474,원,DT_L10,실측,2025-10,2026-10-06T00:51:23,"구리시, 조제기준, 보험자 구분 합계"
monthly,2025-10,,기타의 호흡기관용약(229) 사용 수량,159995,정(개),DT_L10,실측,2025-10,2026-10-06T00:51:23,"구리시, 조제기준, 보험자 구분 합계. 건강보험 청구분만(일반약 제외)"
monthly,2025-10,,기타의 호흡기관용약(229) 사용 금액,86036886,원,DT_L10,실측,2025-10,2026-10-06T00:51:23,"구리시, 조제기준, 보험자 구분 합계"
monthly,2025-11,,해열·진통·소염제(114) 사용 수량,2253788,정(개),DT_L10,실측,2025-11,2026-10-06T00:51:23,"구리시, 조제기준, 보험자 구분 합계. 건강보험 청구분만(일반약 제외)"
monthly,2025-11,,해열·진통·소염제(114) 사용 금액,402949246,원,DT_L10,실측,2025-11,2026-10-06T00:51:23,"구리시, 조제기준, 보험자 구분 합계"
monthly,2025-11,,진해거담제(222) 사용 수량,2284080,정(개),DT_L10,실측,2025-11,2026-10-06T00:51:23,"구리시, 조제기준, 보험자 구분 합계. 건강보험 청구분만(일반약 제외)"
monthly,2025-11,,진해거담제(222) 사용 금액,237805487,원,DT_L10,실측,2025-11,2026-10-06T00:51:23,"구리시, 조제기준, 보험자 구분 합계"
monthly,2025-11,,기타의 호흡기관용약(229) 사용 수량,209195,정(개),DT_L10,실측,2025-11,2026-10-06T00:51:23,"구리시, 조제기준, 보험자 구분 합계. 건강보험 청구분만(일반약 제외)"
monthly,2025-11,,기타의 호흡기관용약(229) 사용 금액,105842758,원,DT_L10,실측,2025-11,2026-10-06T00:51:23,"구리시, 조제기준, 보험자 구분 합계"
monthly,2025-12,,해열·진통·소염제(114) 사용 수량,2171866,정(개),DT_L10,실측,2025-12,2026-10-06T00:51:23,"구리시, 조제기준, 보험자 구분 합계. 건강보험 청구분만(일반약 제외)"
monthly,2025-12,,해열·진통·소염제(114) 사용 금액,425568993,원,DT_L10,실측,2025-12,2026-10-06T00:51:23,"구리시, 조제기준, 보험자 구분 합계"
monthly,2025-12,,진해거담제(222) 사용 수량,2042133,정(개),DT_L10,실측,2025-12,2026-10-06T00:51:23,"구리시, 조제기준, 보험자 구분 합계. 건강보험 청구분만(일반약 제외)"
monthly,2025-12,,진해거담제(222) 사용 금액,242295145,원,DT_L10,실측,2025-12,2026-10-06T00:51:23,"구리시, 조제기준, 보험자 구분 합계"
monthly,2025-12,,기타의 호흡기관용약(229) 사용 수량,191753,정(개),DT_L10,실측,2025-12,2026-10-06T00:51:23,"구리시, 조제기준, 보험자 구분 합계. 건강보험 청구분만(일반약 제외)"
monthly,2025-12,,기타의 호흡기관용약(229) 사용 금액,127499836,원,DT_L10,실측,2025-12,2026-10-06T00:51:23,"구리시, 조제기준, 보험자 구분 합계"
monthly,2026-01,,해열·진통·소염제(114) 사용 수량,2183411,정(개),DT_L10,실측,2026-01,2026-10-06T00:51:23,"구리시, 조제기준, 보험자 구분 합계. 건강보험 청구분만(일반약 제외)"
monthly,2026-01,,해열·진통·소염제(114) 사용 금액,410282911,원,DT_L10,실측,2026-01,2026-10-06T00:51:23,"구리시, 조제기준, 보험자 구분 합계"
monthly,2026-01,,진해거담제(222) 사용 수량,2089782,정(개),DT_L10,실측,2026-01,2026-10-06T00:51:23,"구리시, 조제기준, 보험자 구분 합계. 건강보험 청구분만(일반약 제외)"
monthly,2026-01,,진해거담제(222) 사용 금액,245370521,원,DT_L10,실측,2026-01,2026-10-06T00:51:23,"구리시, 조제기준, 보험자 구분 합계"
monthly,2026-01,,기타의 호흡기관용약(229) 사용 수량,184431,정(개),DT_L10,실측,2026-01,2026-10-06T00:51:23,"구리시, 조제기준, 보험자 구분 합계. 건강보험 청구분만(일반약 제외)"
monthly,2026-01,,기타의 호흡기관용약(229) 사용 금액,103992643,원,DT_L10,실측,2026-01,2026-10-06T00:51:23,"구리시, 조제기준, 보험자 구분 합계"
monthly,2026-02,,해열·진통·소염제(114) 사용 수량,1861805,정(개),DT_L10,실측,2026-02,2026-10-06T00:51:23,"구리시, 조제기준, 보험자 구분 합계. 건강보험 청구분만(일반약 제외)"
monthly,2026-02,,해열·진통·소염제(114) 사용 금액,361829637,원,DT_L10,실측,2026-02,2026-10-06T00:51:23,"구리시, 조제기준, 보험자 구분 합계"
monthly,2026-02,,진해거담제(222) 사용 수량,1607386,정(개),DT_L10,실측,2026-02,2026-10-06T00:51:23,"구리시, 조제기준, 보험자 구분 합계. 건강보험 청구분만(일반약 제외)"
monthly,2026-02,,진해거담제(222) 사용 금액,193954860,원,DT_L10,실측,2026-02,2026-10-06T00:51:23,"구리시, 조제기준, 보험자 구분 합계"
monthly,2026-02,,기타의 호흡기관용약(229) 사용 수량,146957,정(개),DT_L10,실측,2026-02,2026-10-06T00:51:23,"구리시, 조제기준, 보험자 구분 합계. 건강보험 청구분만(일반약 제외)"
monthly,2026-02,,기타의 호흡기관용약(229) 사용 금액,98714943,원,DT_L10,실측,2026-02,2026-10-06T00:51:23,"구리시, 조제기준, 보험자 구분 합계"
monthly,2026-03,,해열·진통·소염제(114) 사용 수량,2128651,정(개),DT_L10,실측,2026-03,2026-10-06T00:51:23,"구리시, 조제기준, 보험자 구분 합계. 건강보험 청구분만(일반약 제외)"
monthly,2026-03,,해열·진통·소염제(114) 사용 금액,428656059,원,DT_L10,실측,2026-03,2026-10-06T00:51:23,"구리시, 조제기준, 보험자 구분 합계"
monthly,2026-03,,진해거담제(222) 사용 수량,1849216,정(개),DT_L10,실측,2026-03,2026-10-06T00:51:23,"구리시, 조제기준, 보험자 구분 합계. 건강보험 청구분만(일반약 제외)"
monthly,2026-03,,진해거담제(222) 사용 금액,226239593,원,DT_L10,실측,2026-03,2026-10-06T00:51:23,"구리시, 조제기준, 보험자 구분 합계"
monthly,2026-03,,기타의 호흡기관용약(229) 사용 수량,178121,정(개),DT_L10,실측,2026-03,2026-10-06T00:51:23,"구리시, 조제기준, 보험자 구분 합계. 건강보험 청구분만(일반약 제외)"
monthly,2026-03,,기타의 호흡기관용약(229) 사용 금액,119022000,원,DT_L10,실측,2026-03,2026-10-06T00:51:23,"구리시, 조제기준, 보험자 구분 합계"
monthly,2026-04,,해열·진통·소염제(114) 사용 수량,2142128,정(개),DT_L10,실측,2026-04,2026-10-06T00:51:23,"구리시, 조제기준, 보험자 구분 합계. 건강보험 청구분만(일반약 제외)"
monthly,2026-04,,해열·진통·소염제(114) 사용 금액,429996152,원,DT_L10,실측,2026-04,2026-10-06T00:51:23,"구리시, 조제기준, 보험자 구분 합계"
monthly,2026-04,,진해거담제(222) 사용 수량,2098430,정(개),DT_L10,실측,2026-04,2026-10-06T00:51:23,"구리시, 조제기준, 보험자 구분 합계. 건강보험 청구분만(일반약 제외)"
monthly,2026-04,,진해거담제(222) 사용 금액,252746819,원,DT_L10,실측,2026-04,2026-10-06T00:51:23,"구리시, 조제기준, 보험자 구분 합계"
monthly,2026-04,,기타의 호흡기관용약(229) 사용 수량,195580,정(개),DT_L10,실측,2026-04,2026-10-06T00:51:23,"구리시, 조제기준, 보험자 구분 합계. 건강보험 청구분만(일반약 제외)"
monthly,2026-04,,기타의 호흡기관용약(229) 사용 금액,113654551,원,DT_L10,실측,2026-04,2026-10-06T00:51:23,"구리시, 조제기준, 보험자 구분 합계"
monthly,2026-05,,해열·진통·소염제(114) 사용 수량,1912825,정(개),DT_L10,실측,2026-05,2026-10-06T00:51:23,"구리시, 조제기준, 보험자 구분 합계. 건강보험 청구분만(일반약 제외)"
monthly,2026-05,,해열·진통·소염제(114) 사용 금액,387693210,원,DT_L10,실측,2026-05,2026-10-06T00:51:23,"구리시, 조제기준, 보험자 구분 합계"
monthly,2026-05,,진해거담제(222) 사용 수량,1548352,정(개),DT_L10,실측,2026-05,2026-10-06T00:51:23,"구리시, 조제기준, 보험자 구분 합계. 건강보험 청구분만(일반약 제외)"
monthly,2026-05,,진해거담제(222) 사용 금액,191417345,원,DT_L10,실측,2026-05,2026-10-06T00:51:23,"구리시, 조제기준, 보험자 구분 합계"
monthly,2026-05,,기타의 호흡기관용약(229) 사용 수량,133637,정(개),DT_L10,실측,2026-05,2026-10-06T00:51:23,"구리시, 조제기준, 보험자 구분 합계. 건강보험 청구분만(일반약 제외)"
monthly,2026-05,,기타의 호흡기관용약(229) 사용 금액,85103026,원,DT_L10,실측,2026-05,2026-10-06T00:51:23,"구리시, 조제기준, 보험자 구분 합계"
fixed,,P011,구리시 의료기관 수(종별 전체),351,곳,DT_L33,실측,2026.6 기준,2026-10-06T00:51:23,
fixed,,,구리시 의원 수,169,곳,DT_L33,실측,2026.6 기준,2026-10-06T00:51:23,
fixed,,,구리시 치과의원 수,100,곳,DT_L33,실측,2026.6 기준,2026-10-06T00:51:23,
fixed,,,구리시 한의원 수,65,곳,DT_L33,실측,2026.6 기준,2026-10-06T00:51:23,
fixed,,,구리시 병원 수,8,곳,DT_L33,실측,2026.6 기준,2026-10-06T00:51:23,
fixed,,,구리시 요양병원 수,4,곳,DT_L33,실측,2026.6 기준,2026-10-06T00:51:23,
fixed,,,구리시 한방병원 수,2,곳,DT_L33,실측,2026.6 기준,2026-10-06T00:51:23,
fixed,,,구리시 보건소 수,1,곳,DT_L33,실측,2026.6 기준,2026-10-06T00:51:23,
fixed,,,구리시 정신병원 수,1,곳,DT_L33,실측,2026.6 기준,2026-10-06T00:51:23,
fixed,,,구리시 종합병원 수,1,곳,DT_L33,실측,2026.6 기준,2026-10-06T00:51:23,
fixed,,P010,구리시 의원 중 내과 진료과목,78,곳,DT_L34,실측,2026.6 기준,2026-10-06T00:51:23,한 의원이 여러 과목이면 과목마다 셈
fixed,,P010,구리시 의원 중 피부과 진료과목,62,곳,DT_L34,실측,2026.6 기준,2026-10-06T00:51:23,한 의원이 여러 과목이면 과목마다 셈
fixed,,P010,구리시 의원 중 소아청소년과 진료과목,61,곳,DT_L34,실측,2026.6 기준,2026-10-06T00:51:23,한 의원이 여러 과목이면 과목마다 셈
fixed,,P010,구리시 의원 중 이비인후과 진료과목,50,곳,DT_L34,실측,2026.6 기준,2026-10-06T00:51:23,한 의원이 여러 과목이면 과목마다 셈
fixed,,P010,구리시 의원 중 정형외과 진료과목,44,곳,DT_L34,실측,2026.6 기준,2026-10-06T00:51:23,한 의원이 여러 과목이면 과목마다 셈
fixed,,P010,구리시 의원 중 비뇨의학과 진료과목,38,곳,DT_L34,실측,2026.6 기준,2026-10-06T00:51:23,한 의원이 여러 과목이면 과목마다 셈
fixed,,P010,구리시 의원 중 마취통증의학과 진료과목,34,곳,DT_L34,실측,2026.6 기준,2026-10-06T00:51:23,한 의원이 여러 과목이면 과목마다 셈
fixed,,P010,구리시 의원 중 신경외과 진료과목,31,곳,DT_L34,실측,2026.6 기준,2026-10-06T00:51:23,한 의원이 여러 과목이면 과목마다 셈
fixed,,P010,구리시 의원 중 외과 진료과목,29,곳,DT_L34,실측,2026.6 기준,2026-10-06T00:51:23,한 의원이 여러 과목이면 과목마다 셈
fixed,,P010,구리시 의원 중 재활의학과 진료과목,28,곳,DT_L34,실측,2026.6 기준,2026-10-06T00:51:23,한 의원이 여러 과목이면 과목마다 셈
fixed,,P010,구리시 의원 중 가정의학과 진료과목,25,곳,DT_L34,실측,2026.6 기준,2026-10-06T00:51:23,한 의원이 여러 과목이면 과목마다 셈
fixed,,P010,구리시 의원 중 신경과 진료과목,23,곳,DT_L34,실측,2026.6 기준,2026-10-06T00:51:23,한 의원이 여러 과목이면 과목마다 셈
fixed,,P010,구리시 의원 중 성형외과 진료과목,15,곳,DT_L34,실측,2026.6 기준,2026-10-06T00:51:23,한 의원이 여러 과목이면 과목마다 셈
fixed,,P010,구리시 의원 중 안과 진료과목,14,곳,DT_L34,실측,2026.6 기준,2026-10-06T00:51:23,한 의원이 여러 과목이면 과목마다 셈
fixed,,P010,구리시 의원 중 정신건강의학과 진료과목,12,곳,DT_L34,실측,2026.6 기준,2026-10-06T00:51:23,한 의원이 여러 과목이면 과목마다 셈
fixed,,P010,구리시 의원 중 산부인과 진료과목,12,곳,DT_L34,실측,2026.6 기준,2026-10-06T00:51:23,한 의원이 여러 과목이면 과목마다 셈
fixed,,P010,구리시 의원 중 영상의학과 진료과목,9,곳,DT_L34,실측,2026.6 기준,2026-10-06T00:51:23,한 의원이 여러 과목이면 과목마다 셈
fixed,,P010,구리시 의원 중 심장혈관흉부외과 진료과목,5,곳,DT_L34,실측,2026.6 기준,2026-10-06T00:51:23,한 의원이 여러 과목이면 과목마다 셈
fixed,,P010,구리시 의원 중 진단검사의학과 진료과목,4,곳,DT_L34,실측,2026.6 기준,2026-10-06T00:51:23,한 의원이 여러 과목이면 과목마다 셈
fixed,,P010,구리시 의원 중 응급의학과 진료과목,3,곳,DT_L34,실측,2026.6 기준,2026-10-06T00:51:23,한 의원이 여러 과목이면 과목마다 셈
fixed,,P010,구리시 의원 중 병리과 진료과목,2,곳,DT_L34,실측,2026.6 기준,2026-10-06T00:51:23,한 의원이 여러 과목이면 과목마다 셈
fixed,,P010,구리시 의원 중 결핵과 진료과목,2,곳,DT_L34,실측,2026.6 기준,2026-10-06T00:51:23,한 의원이 여러 과목이면 과목마다 셈
fixed,,P010,구리시 의원 중 예방의학과 진료과목,1,곳,DT_L34,실측,2026.6 기준,2026-10-06T00:51:23,한 의원이 여러 과목이면 과목마다 셈
fixed,,X012,구리시 약국 수,107,곳,DT_L23,실측,2026.6 기준,2026-10-06T00:51:23,2026-09 개업한 응답자 약국은 이 파일에 없음
fixed,,,구리시 약국 목록 수(중복 제외),109,곳,DT_L40,실측,2026-10 목록,2026-10-06T00:51:23,원본 110행 중 같은 약국 이름·주소 중복 제외
fixed,,,구리시 약국 중 토요일 영업,106,곳,DT_L40,실측,2026-10 목록,2026-10-06T00:51:23,
fixed,,,구리시 약국 중 일요일 영업,27,곳,DT_L40,실측,2026-10 목록,2026-10-06T00:51:23,
fixed,,,구리시 약국 중 공휴일 영업,35,곳,DT_L40,실측,2026-10 목록,2026-10-06T00:51:23,
fixed,,,구리시 약국 월요일 마감 시각 중앙값,19:00,,DT_L40,실측,2026-10 목록,2026-10-06T00:51:23,
fixed,,,구리시 약국 중 월요일 20시 이후 마감,44,곳,DT_L40,실측,2026-10 목록,2026-10-06T00:51:23,
fixed,반경100m,P011,반경 100m 안 의원,13,곳,팀 정리본,팀 정리본(공개자료 확인 목록),2026-10-06 조회,2026-10-06T00:51:23,"직선거리, 기준 약국 제외. 현재 영업 전수조사 아님"
fixed,반경100m,P011,반경 100m 안 치과,6,곳,팀 정리본,팀 정리본(공개자료 확인 목록),2026-10-06 조회,2026-10-06T00:51:23,"직선거리, 기준 약국 제외. 현재 영업 전수조사 아님"
fixed,반경100m,P011,반경 100m 안 한의원,3,곳,팀 정리본,팀 정리본(공개자료 확인 목록),2026-10-06 조회,2026-10-06T00:51:23,"직선거리, 기준 약국 제외. 현재 영업 전수조사 아님"
fixed,반경100m,X012,반경 100m 안 주변 약국,6,곳,팀 정리본,팀 정리본(공개자료 확인 목록),2026-10-06 조회,2026-10-06T00:51:23,"직선거리, 기준 약국 제외. 현재 영업 전수조사 아님"
fixed,반경100m,P011,반경 100m 안 의료기관(의원·치과·한의원),22,곳,팀 정리본,팀 정리본(공개자료 확인 목록),2026-10-06 조회,2026-10-06T00:51:23,
fixed,반경200m,P011,반경 200m 안 의원,16,곳,팀 정리본,팀 정리본(공개자료 확인 목록),2026-10-06 조회,2026-10-06T00:51:23,"직선거리, 기준 약국 제외. 현재 영업 전수조사 아님"
fixed,반경200m,P011,반경 200m 안 치과,9,곳,팀 정리본,팀 정리본(공개자료 확인 목록),2026-10-06 조회,2026-10-06T00:51:23,"직선거리, 기준 약국 제외. 현재 영업 전수조사 아님"
fixed,반경200m,P011,반경 200m 안 한의원,6,곳,팀 정리본,팀 정리본(공개자료 확인 목록),2026-10-06 조회,2026-10-06T00:51:23,"직선거리, 기준 약국 제외. 현재 영업 전수조사 아님"
fixed,반경200m,X012,반경 200m 안 주변 약국,8,곳,팀 정리본,팀 정리본(공개자료 확인 목록),2026-10-06 조회,2026-10-06T00:51:23,"직선거리, 기준 약국 제외. 현재 영업 전수조사 아님"
fixed,반경200m,P011,반경 200m 안 의료기관(의원·치과·한의원),31,곳,팀 정리본,팀 정리본(공개자료 확인 목록),2026-10-06 조회,2026-10-06T00:51:23,
fixed,반경300m,P011,반경 300m 안 의원,20,곳,팀 정리본,팀 정리본(공개자료 확인 목록),2026-10-06 조회,2026-10-06T00:51:23,"직선거리, 기준 약국 제외. 현재 영업 전수조사 아님"
fixed,반경300m,P011,반경 300m 안 치과,12,곳,팀 정리본,팀 정리본(공개자료 확인 목록),2026-10-06 조회,2026-10-06T00:51:23,"직선거리, 기준 약국 제외. 현재 영업 전수조사 아님"
fixed,반경300m,P011,반경 300m 안 한의원,8,곳,팀 정리본,팀 정리본(공개자료 확인 목록),2026-10-06 조회,2026-10-06T00:51:23,"직선거리, 기준 약국 제외. 현재 영업 전수조사 아님"
fixed,반경300m,X012,반경 300m 안 주변 약국,10,곳,팀 정리본,팀 정리본(공개자료 확인 목록),2026-10-06 조회,2026-10-06T00:51:23,"직선거리, 기준 약국 제외. 현재 영업 전수조사 아님"
fixed,반경300m,P011,반경 300m 안 의료기관(의원·치과·한의원),40,곳,팀 정리본,팀 정리본(공개자료 확인 목록),2026-10-06 조회,2026-10-06T00:51:23,
fixed,같은건물,P011,같은 건물 의료기관 수,3,곳,팀 정리본,팀 정리본(공개자료 확인 목록),2026-10-06 조회,2026-10-06T00:51:23,도로명주소가 같은 기관(기준 약국 제외)
fixed,같은건물,P011,같은 건물 의원: 정형외과·마취통증,1층,,팀 정리본,팀 정리본(공개자료 확인 목록),2026-10-06 조회,2026-10-06T00:51:23,이름·주소는 저장하지 않음. 확인수준: 공개자료 등재
fixed,같은건물,P011,같은 건물 의원: 이비인후과,2층,,팀 정리본,팀 정리본(공개자료 확인 목록),2026-10-06 조회,2026-10-06T00:51:23,이름·주소는 저장하지 않음. 확인수준: 공식 홈페이지 확인
fixed,같은건물,X002,같은 건물 이비인후과 진료시간,월·수·목·금 09–19 / 화 14–19 / 토 09–14 / 일·공휴일 09–13,,팀 정리본,팀 정리본(공개자료 확인 목록),2026-10-06 조회,2026-10-06T00:51:23,확인수준: 공식 홈페이지 확인. 임시 휴진은 반영 안 됨
fixed,같은건물,P011,같은 건물 치과의원: 치과,3층,,팀 정리본,팀 정리본(공개자료 확인 목록),2026-10-06 조회,2026-10-06T00:51:23,이름·주소는 저장하지 않음. 확인수준: 공개자료 등재
fixed,반경300m,P010,반경 300m 안 의원 중 이비인후과 표시,3,곳,팀 정리본,팀 정리본(공개자료 확인 목록),2026-10-06 조회,2026-10-06T00:51:23,대표분야 문구에 포함된 곳. 복수 진료 표기는 여러 분야에 셈
fixed,반경300m,P010,반경 300m 안 의원 중 정형외과 표시,4,곳,팀 정리본,팀 정리본(공개자료 확인 목록),2026-10-06 조회,2026-10-06T00:51:23,대표분야 문구에 포함된 곳. 복수 진료 표기는 여러 분야에 셈
fixed,반경300m,P010,반경 300m 안 의원 중 소아청소년과 표시,2,곳,팀 정리본,팀 정리본(공개자료 확인 목록),2026-10-06 조회,2026-10-06T00:51:23,대표분야 문구에 포함된 곳. 복수 진료 표기는 여러 분야에 셈
fixed,반경300m,P010,반경 300m 안 의원 중 내과 표시,5,곳,팀 정리본,팀 정리본(공개자료 확인 목록),2026-10-06 조회,2026-10-06T00:51:23,대표분야 문구에 포함된 곳. 복수 진료 표기는 여러 분야에 셈
fixed,반경300m,P010,반경 300m 안 의원 중 마취통증의학과 표시,4,곳,팀 정리본,팀 정리본(공개자료 확인 목록),2026-10-06 조회,2026-10-06T00:51:23,대표분야 문구에 포함된 곳. 복수 진료 표기는 여러 분야에 셈
fixed,반경100m,,[교차 확인] 반경 100m 안 의원,12,곳,DT_L33,계산(심평원 2026.6 파일),2026.6 기준,2026-10-06T00:51:23,팀 정리본과 같은 기준점. 기준점은 저장하지 않음
fixed,반경100m,,[교차 확인] 반경 100m 안 치과,6,곳,DT_L33,계산(심평원 2026.6 파일),2026.6 기준,2026-10-06T00:51:23,팀 정리본과 같은 기준점. 기준점은 저장하지 않음
fixed,반경100m,,[교차 확인] 반경 100m 안 한의원,3,곳,DT_L33,계산(심평원 2026.6 파일),2026.6 기준,2026-10-06T00:51:23,팀 정리본과 같은 기준점. 기준점은 저장하지 않음
fixed,반경100m,,[교차 확인] 반경 100m 안 주변 약국,6,곳,DT_L23,계산(심평원 2026.6 파일),2026.6 기준,2026-10-06T00:51:23,팀 정리본과 같은 기준점. 기준 약국은 6월 이후 개업이라 파일에 없음
fixed,반경200m,,[교차 확인] 반경 200m 안 의원,15,곳,DT_L33,계산(심평원 2026.6 파일),2026.6 기준,2026-10-06T00:51:23,팀 정리본과 같은 기준점. 기준점은 저장하지 않음
fixed,반경200m,,[교차 확인] 반경 200m 안 치과,9,곳,DT_L33,계산(심평원 2026.6 파일),2026.6 기준,2026-10-06T00:51:23,팀 정리본과 같은 기준점. 기준점은 저장하지 않음
fixed,반경200m,,[교차 확인] 반경 200m 안 한의원,6,곳,DT_L33,계산(심평원 2026.6 파일),2026.6 기준,2026-10-06T00:51:23,팀 정리본과 같은 기준점. 기준점은 저장하지 않음
fixed,반경200m,,[교차 확인] 반경 200m 안 주변 약국,8,곳,DT_L23,계산(심평원 2026.6 파일),2026.6 기준,2026-10-06T00:51:23,팀 정리본과 같은 기준점. 기준 약국은 6월 이후 개업이라 파일에 없음
fixed,반경300m,,[교차 확인] 반경 300m 안 의원,20,곳,DT_L33,계산(심평원 2026.6 파일),2026.6 기준,2026-10-06T00:51:23,팀 정리본과 같은 기준점. 기준점은 저장하지 않음
fixed,반경300m,,[교차 확인] 반경 300m 안 치과,13,곳,DT_L33,계산(심평원 2026.6 파일),2026.6 기준,2026-10-06T00:51:23,팀 정리본과 같은 기준점. 기준점은 저장하지 않음
fixed,반경300m,,[교차 확인] 반경 300m 안 한의원,8,곳,DT_L33,계산(심평원 2026.6 파일),2026.6 기준,2026-10-06T00:51:23,팀 정리본과 같은 기준점. 기준점은 저장하지 않음
fixed,반경300m,,[교차 확인] 반경 300m 안 주변 약국,10,곳,DT_L23,계산(심평원 2026.6 파일),2026.6 기준,2026-10-06T00:51:23,팀 정리본과 같은 기준점. 기준 약국은 6월 이후 개업이라 파일에 없음
