card_id,line_order,obs_label_ko,obs_text_ko,show_when,variable_ids,layer,source_kind,data_ids,note_ko
*,10,언제,"{date:D0} 아침 8시 50분, 문 열기 전",always,,base,가정,,판단 시각. 장면 설정이라 변수가 아니다
*,20,그날 사정,{date:D0}(화)은 연휴 다음 첫 영업일이다. {date:D2}(목)은 한글날 휴무 전 마지막 영업일이다.,always,X001,scene,공휴일(공공) · 가상 달력,DT_L17,공휴일 이름은 실제 달력. 연휴 전후 표시는 calendar.csv. 10/6 통화에서 읽기 어렵다는 지적이 있어 문장을 줄였다
*,30,감기·독감,"경기도 독감 의심 환자는 최근 집계(39주) 외래 1,000명당 32.1명으로, 유행 기준(12.9명)보다 높다. 9/11에 유행주의보가 발령됐다",always,X005,scene,공공,DT_L11,"질병관리청 감염병포털 표본감시(경기, 2026-27 절기 36~39주: 24.2·28.4·33.1·32.1). 유행기준·주의보 발령일은 data_sources.csv DT_L11 비고. public_snapshot.csv"
*,40,주변 의원,같은 층 이비인후과는 오늘(화) 오후 2시부터 진료한다(화요일 오전 휴진). 1층 정형외과 진료시간은 확인되지 않았다,always,X002,scene,공공 · 팀 정리본,DT_L35,"같은 건물 이비인후과 진료시간(월·수·목·금 09–19, 화 14–19, 토 09–14, 일·공휴일 09–13, 공식 홈페이지 확인). 팀 정리본 → public_snapshot.csv. 임시 휴진은 반영 안 됨"
*,50,어떤 약,"일반의약품 종합감기약(정제). 한 팩은 3갑(1갑 10정) 묶음이고, 주문과 재고는 팩 단위",always,S005,base,가정,,10/6 통화: 일반약과 인접 병원 처방약은 품절의 무게가 다르다고 해 일반약으로 한정했다
*,60,남은 재고,"전산 기록 {n:book}팩 (선반과 창고를 합친 수량, {n:ageH}시간 전 기록). 실제 수량은 아직 확인하지 않았다.",unchecked,S001;C014,base,가정,DT_L48,10/6 통화: 선반이 비면 창고에서 채운다고 해 재고 범위를 선반+창고로 정했다
*,60,남은 재고,전산 기록 {n:book}팩 ({n:ageH}시간 전 기록). 선반과 창고를 확인했고 실제로는 합계 {n:physical}팩이다.,checked,S001;S002;S004,base,가정,DT_L48,확인 뒤에만 실물 재고를 공개한다
*,65,재고 위치,전산 기록 {n:book}팩 + 이미 넣은 주문 {n:PRIOR_N}팩 = {n:POS_BOOK}팩 (곧 들어올 것까지 합친 수량),unchecked,,base,가정,,재고 위치 = 보유 + 입고 예정. 검토본 D10(이미 넣은 주문을 알고도 추가 주문)에 대응해 합계를 직접 보여 준다. 계산식 값이라 변수표에는 올리지 않았다
*,65,재고 위치,실제 {n:physical}팩 + 이미 넣은 주문 {n:PRIOR_N}팩 = {n:POS_PHYS}팩 (곧 들어올 것까지 합친 수량),checked,,base,가정,,확인 뒤에는 실제 재고로 계산한다
*,70,최근 판매량,사흘 내내 하루 5팩,always,S007,base,가정,DT_L47,
*,75,수요 파악,개업 초기라 이 약이 앞으로도 하루 5팩씩 나갈지는 아직 확실하지 않다,always,,base,인터뷰 · 가정,,인터뷰 E027 개업 초기라 수요를 안정적으로 예측하기 어렵다는 설명에서 가져온 상태 표시. 5팩 자체는 가정
*,100,도매상 조건,"팩당 {won:UNIT} (주문 수량과 관계없이 같음), 최대 {n:CAP}팩, 대금은 {date:DUE}에 결제",no_bulk,X006;C001;C002,base,가정,DT_L52,"단가는 가정. 통장 잔액·외상 한도 줄은 10/6 통화(소액 품목 발주를 잔액에 맞춰 정하지 않는다)에 따라 뺐다. 최대 수량은 10에서 20으로 올렸다(10팩이 선택의 상한이라 답이 10으로 몰렸다)"
*,100,도매상 조건,"{n:BULK_MIN}팩 미만은 팩당 {won:UNIT}, {n:BULK_MIN}팩 이상을 한 번에 주문하면 팩당 {won:bulk} ({n:DISC}% 할인), 최대 {n:CAP}팩, 대금은 {date:DUE}에 결제",bulk,X006;C001;C002,base,가정,DT_L52,할인 구간(10팩 이상)과 할인율은 가정이다. 10/6 통화: 할인 기준은 약국·약마다 다르다. 할인율은 스윕 카드(S05·C03·S15·S20)에서 바꿔 본다
*,102,입고 소요,도매상 주문은 보통 다음 날 아침에 도착한다 (가정: 열 번 중 아홉 번 이상). 이번 주문은 {date:arrival} 아침 문 열기 전 도착 예정이다,always,X006,base,인터뷰 · 가정,,10/6 통화: 보통 다음 날 들어온다고 했다. 90% 이상이라는 비율은 가정
C02,102,입고 소요,도매상 주문은 보통 다음 날 아침에 도착하지만 이번에는 도매상 사정으로 {date:arrival} 아침에야 도착한다,always,X006,base,가정,,입고 늦음 카드. 지연 사유와 모레 입고는 가정
C04,102,입고 소요,도매상 주문은 보통 다음 날 아침에 도착하지만 이번에는 도매상 사정으로 {date:arrival} 아침에야 도착한다,always,X006,base,가정,,입고 늦음 카드. 지연 사유와 모레 입고는 가정
*,105,반품,미개봉이고 유효기간이 남은 약은 반품할 수 있다 (거래조건에 따라 다름),ret_ok,,base,인터뷰 · 가정,,인터뷰 R04: 반품 조건은 거래처·품목에 따라 다르다. 이 장면의 반품 가능 여부는 가정
*,105,반품,이 약은 반품할 수 없다,ret_no,,base,가정,,반품 불가 설정은 가정. 인터뷰 R04는 반품을 쉽게 되돌릴 선택으로 보지 않는다는 것이다
*,107,보관 공간,창고가 거의 차 있어 한꺼번에 많이 들어오면 둘 곳이 마땅치 않다,tight,,base,인터뷰 · 가정,,인터뷰 E035: 의약품 보유에는 유효기간과 보관 공간 제약이 있다. 이번 장면의 공간 부족 정도는 가정
*,108,공급 상태,도매상 주문 사이트에서 이 약은 '주문 가능'으로 표시된다,no_hint,,base,가정,,
*,108,공급 상태,도매상 주문 사이트에 이 약이 '재고 부족 예정'으로 표시되어 있다. 언제 품절될지는 알 수 없다,hint,,base,가정,,인터뷰 E033: 유행기에 주문처 품절이 있을 수 있다. 표시 방식과 빈도는 가정
*,110,이미 넣은 주문,"5팩, {date:PRIOR_ARR} 아침 도착 예정 (이미 넣어 둔 주문)",prior,C015,base,가정,DT_L52,
*,110,이미 넣은 주문,없음,no_prior,C015,base,,,
*,115,도매 휴무,한글날(금) 연휴로 도매상이 쉰다. 연휴 전 마지막 주문은 내일({date:D1}) 오후까지이고 연휴 뒤 첫 도착은 10/12(월) 아침이다,cutoff,,base,가정,,도매상 휴무일과 도착일은 가정. 한글날 날짜는 공공 달력
*,120,고를 수 있는 것,"실물 확인(선반·창고) / 주문(0~{n:CAP}팩 중 정수, 0이면 보류) / 판단 유보",always,,base,,,선택지. 변수가 아니다. 수량은 0~20 자유 정수 (예전 선택지는 0·5·10 세 개뿐이라 10이 상한이었다)
*,900,주지 않는 정보,"확인 전의 실제 재고(선반·창고), 앞으로 올 손님 수, 선택별 결과",hidden,S002;S007,base,,,관측 경계. 실제 약사도 아침에는 모른다
