product_id,name_ko,category_code,unit,group_ko,main_vendor_id,item_seq,edi13
D001,피로회복 드링크 1병,drink_quasi_drug,,드링크,VC,,
H001,종합비타민 30일분,health_supplement,,건기식,VC,,
H002,유산균 30포,health_supplement,,건기식,VC,,
H003,오메가3 60캡슐,health_supplement,,건기식,VC,,
O001,타이레놀정500mg 10정,otc_drug,개(갑),해열진통,VA,,
O002,게보린정 10정,otc_drug,개(갑),해열진통,VA,,
O003,판콜에스 5병,otc_drug,개(갑),감기,VA,,
O004,인사돌플러스 100정,otc_drug,개(갑),잇몸,VA,,
O005,종합감기약(정제) 10정,otc_drug,,감기,VA,,
O006,코감기약(캡슐) 10캡슐,otc_drug,,감기,VA,,
O007,소화제(정제) 10정,otc_drug,,소화,VA,,
O008,액상소화제 4병,otc_drug,,소화,VA,,
O009,지사제 10캡슐,otc_drug,,소화,VA,,
O010,제산제 현탁액 10포,otc_drug,,소화,VA,,
O011,파스 10매,otc_drug,,근육통,VA,,
O012,상처연고 10g,otc_drug,,외용,VA,,
O013,인공눈물 일회용 30관,otc_drug,,안과,VA,,
O014,멀미약 2매,otc_drug,,기타,VA,,
O015,비타민C 1000mg 100정,otc_drug,,비타민,VA,,
Q001,어린이 캐릭터 칫솔,other_goods,개(갑),구강·어린이,VC,,
Q002,안마봉,other_goods,개(갑),생활용품,VC,,
Q003,보건용 마스크 KF94 5매,other_goods,,마스크,VC,,
Q004,일회용 밴드 20매,other_goods,,외용,VC,,
Q005,여드름 패치 24매,other_goods,,피부·청소년,VC,,
Q006,손소독제 60mL,other_goods,,위생,VC,,
R001,씨잘정(레보세티리진) 5mg,prescription_drug,정,조제용,VA,,
R002,동화록소닌정(록소프로펜) 60mg,prescription_drug,정,조제용,VA,,
R003,아목시실린캡슐 500mg(제네릭),prescription_drug,캡슐,조제용,VA,,
R004,아세트아미노펜 현탁액(소아용),prescription_drug,mL,조제용,VB,,
R005,메트포르민정 500mg(제네릭),prescription_drug,정,조제용,VB,,
R006,암로디핀정 5mg(제네릭),prescription_drug,정,조제용,VA,,
R007,레바미피드정 100mg(제네릭),prescription_drug,정,조제용,VA,,
